player,team,pos,cbs_id,depth_rank,role_note
Lamar Jackson,BAL,QB,2181169,1,BAL QB1
Tyler Huntley,BAL,QB,3159137,2,BAL QB2
Joe Fagnano,BAL,QB,3121127,3,BAL QB3
Skylar Thompson,BAL,QB,2239649,4,BAL QB4
Josh Allen,BUF,QB,2181054,1,BUF QB1
Kyle Allen,BUF,QB,2131782,2,BUF QB2
Joe Burrow,CIN,QB,2179798,1,CIN QB1
Joe Flacco,CIN,QB,1250697,2,CIN QB2
Deshaun Watson,CLE,QB,2133482,1,CLE QB1
Shedeur Sanders,CLE,QB,26710004,2,CLE QB2
Taylen Green,CLE,QB,26697553,3,CLE QB3
Dillon Gabriel,CLE,QB,3121534,4,CLE QB4
Bo Nix,DEN,QB,3121193,1,DEN QB1
Jarrett Stidham,DEN,QB,2180697,2,DEN QB2
Sam Ehlinger,DEN,QB,2803330,3,DEN QB3
C.J. Stroud,HOU,QB,3163079,1,HOU QB1
Davis Mills,HOU,QB,2867381,2,HOU QB2
Graham Mertz,HOU,QB,3122664,3,HOU QB3
Daniel Jones,IND,QB,2179245,1,IND QB1
Anthony Richardson,IND,QB,3163263,2,IND QB2
Riley Leonard,IND,QB,26699092,3,IND QB3
Trevor Lawrence,JAC,QB,2967185,1,JAC QB1
Quinn Ewers,JAC,QB,26746721,2,JAC QB2
Patrick Mahomes,KC,QB,2142052,1,KC QB1
Justin Fields,KC,QB,1273205,2,KC QB2
Garrett Nussmeier,KC,QB,26701706,3,KC QB3
Justin Herbert,LAC,QB,2221960,1,LAC QB1
Trey Lance,LAC,QB,2969444,2,LAC QB2
DJ Uiagalelei,LAC,QB,3162292,3,LAC QB3
Kirk Cousins,LV,QB,1272574,1,LV QB1
Fernando Mendoza,LV,QB,28916321,2,LV QB2
Aidan O'Connell,LV,QB,2868716,3,LV QB3
Malik Willis,MIA,QB,2804167,1,MIA QB1
Kyle McCord,MIA,QB,26702687,2,MIA QB2
Brady Cook,MIA,QB,3163207,3,MIA QB3
Drake Maye,NE,QB,26695757,1,NE QB1
Tommy DeVito,NE,QB,2865426,2,NE QB2
Behren Morton,NE,QB,26696177,3,NE QB3
Geno Smith,NYJ,QB,1700358,1,NYJ QB1
Cade Klubnik,NYJ,QB,28874636,2,NYJ QB2
Aaron Rodgers,PIT,QB,419780,1,PIT QB1
Mason Rudolph,PIT,QB,2131167,2,PIT QB2
Will Howard,PIT,QB,3162310,3,PIT QB3
Drew Allar,PIT,QB,28876938,4,PIT QB4
Cam Ward,TEN,QB,3168422,1,TEN QB1
Mitch Trubisky,TEN,QB,2060476,2,TEN QB2
Jacoby Brissett,ARI,QB,1877247,1,ARI QB1
Gardner Minshew,ARI,QB,2183083,2,ARI QB2
Carson Beck,ARI,QB,3163129,3,ARI QB3
Michael Penix Jr.,ATL,QB,2963496,1,ATL QB1
Tua Tagovailoa,ATL,QB,2741209,2,ATL QB2
Cooper Rush,ATL,QB,2000176,3,ATL QB3
Jack Strand,ATL,QB,50048640,4,ATL QB4
Bryce Young,CAR,QB,3161957,1,CAR QB1
Kenny Pickett,CAR,QB,2804969,2,CAR QB2
Haynes King,CAR,QB,3162966,3,CAR QB3
Caleb Williams,CHI,QB,26695775,1,CHI QB1
Case Keenum,CHI,QB,1137118,2,CHI QB2
Tyson Bagent,CHI,QB,29081346,3,CHI QB3
Dak Prescott,DAL,QB,1824864,1,DAL QB1
Sam Howell,DAL,QB,3123797,2,DAL QB2
Jared Goff,DET,QB,2061053,1,DET QB1
Joshua Dobbs,DET,QB,2071844,2,DET QB2
Jordan Love,GB,QB,2239997,1,GB QB1
Tyrod Taylor,GB,QB,1243338,2,GB QB2
Matthew Stafford,LAR,QB,1114942,1,LAR QB1
Stetson Bennett,LAR,QB,2871628,2,LAR QB2
Ty Simpson,LAR,QB,28878532,3,LAR QB3
Matthew Caldwell,LAR,QB,26724746,4,LAR QB4
Kyler Murray,MIN,QB,2180829,1,MIN QB1
Carson Wentz,MIN,QB,1907522,2,MIN QB2
Max Brosmer,MIN,QB,3122489,3,MIN QB3
Tyler Shough,NO,QB,2964064,1,NO QB1
Spencer Rattler,NO,QB,3125863,2,NO QB2
Zach Wilson,NO,QB,2960892,3,NO QB3
Jameis Winston,NYG,QB,1998197,1,NYG QB1
J.J. McCarthy,NYG,QB,26695214,2,NYG QB2
Jaxson Dart,NYG,QB,26694019,3,NYG QB3
Jalen Hurts,PHI,QB,2240246,1,PHI QB1
Andy Dalton,PHI,QB,1125961,2,PHI QB2
Tanner McKee,PHI,QB,2963945,3,PHI QB3
Cole Payton,PHI,QB,26725861,4,PHI QB4
Sam Darnold,SEA,QB,2180320,1,SEA QB1
Drew Lock,SEA,QB,2185479,2,SEA QB2
Jalen Milroe,SEA,QB,26694943,3,SEA QB3
Brock Purdy,SF,QB,2961306,1,SF QB1
Mac Jones,SF,QB,2741202,2,SF QB2
Kurtis Rourke,SF,QB,3122216,3,SF QB3
Baker Mayfield,TB,QB,2080032,1,TB QB1
Jalon Daniels,TB,QB,3166688,2,TB QB2
Jayden Daniels,WAS,QB,3123337,1,WAS QB1
Marcus Mariota,WAS,QB,1880862,2,WAS QB2
Athan Kaliakmanis,WAS,QB,26700919,3,WAS QB3
Derrick Henry,BAL,RB,2061188,1,BAL RB1
Justice Hill,BAL,RB,2250388,2,BAL RB2
Rasheen Ali,BAL,RB,3168797,3,BAL RB3
Adam Randall,BAL,RB,28878514,4,BAL RB4
James Cook III,BUF,RB,2975698,1,BUF RB1
Ty Johnson,BUF,RB,2179323,2,BUF RB2
Ray Davis,BUF,RB,3123108,3,BUF RB3
Chase Brown,CIN,RB,2965160,1,CIN RB1
Samaje Perine,CIN,RB,2131148,2,CIN RB2
Tahj Brooks,CIN,RB,3168518,3,CIN RB3
Quinshon Judkins,CLE,RB,28878286,1,CLE RB1
Raheim Sanders,CLE,RB,26700087,2,CLE RB2
Jaleel McLaughlin,CLE,RB,26725939,3,CLE RB3
Dylan Sampson,CLE,RB,28912068,4,CLE RB4
J.K. Dobbins,DEN,RB,2804420,1,DEN RB1
RJ Harvey,DEN,RB,3121207,2,DEN RB2
Tyler Badie,DEN,RB,2964494,3,DEN RB3
Jonah Coleman,DEN,RB,28877250,4,DEN RB4
David Montgomery,HOU,RB,2261252,1,HOU RB1
Woody Marks,HOU,RB,3171045,2,HOU RB2
British Brooks,HOU,RB,2961993,3,HOU RB3
Dare Ogunbowale,HOU,RB,2010409,4,HOU RB4
Jonathan Taylor,IND,RB,2866395,1,IND RB1
Seth McGowan,IND,RB,3161581,2,IND RB2
DJ Giddens,IND,RB,26695679,3,IND RB3
Bhayshul Tuten,JAC,RB,26732838,1,JAC RB1
Chris Rodriguez Jr.,JAC,RB,2964667,2,JAC RB2
LeQuint Allen,JAC,RB,28877884,3,JAC RB3
Ameer Abdullah,JAC,RB,1824308,4,JAC RB4
Kenneth Walker III,KC,RB,3121372,1,KC RB1
Emmett Johnson,KC,RB,28877097,2,KC RB2
Brashard Smith,KC,RB,26694196,3,KC RB3
Omarion Hampton,LAC,RB,28908905,1,LAC RB1
Keaton Mitchell,LAC,RB,3164710,2,LAC RB2
Kimani Vidal,LAC,RB,3163421,3,LAC RB3
Ashton Jeanty,LV,RB,28874008,1,LV RB1
Mike Washington Jr.,LV,RB,26693539,2,LV RB2
Dylan Laube,LV,RB,2964322,3,LV RB3
Chris Collier,LV,RB,3161765,4,LV RB4
Jaylen Wright,MIA,RB,26698774,1,MIA RB1
Ollie Gordon II,MIA,RB,28873887,2,MIA RB2
De'Von Achane,MIA,RB,3171161,3,MIA RB3
Rhamondre Stevenson,NE,RB,3125832,1,NE RB1
TreVeyon Henderson,NE,RB,26699547,2,NE RB2
Corey Kiner,NE,RB,26698879,3,NE RB3
Myles Montgomery,NE,RB,26703126,4,NE RB4
Breece Hall,NYJ,RB,3123469,1,NYJ RB1
Braelon Allen,NYJ,RB,26726580,2,NYJ RB2
Isaiah Davis,NYJ,RB,26718641,3,NYJ RB3
Kene Nwangwu,NYJ,RB,2261254,4,NYJ RB4
Chip Trayanum,NYJ,RB,3162240,5,NYJ RB5
Jaylen Warren,PIT,RB,3126535,1,PIT RB1
Rico Dowdle,PIT,RB,2252798,2,PIT RB2
Travis Homer,PIT,RB,2249831,3,PIT RB3
Eli Heidenreich,PIT,RB,28901170,4,PIT RB4
Tony Pollard,TEN,RB,2184011,1,TEN RB1
Tyjae Spears,TEN,RB,3122588,2,TEN RB2
Nicholas Singleton,TEN,RB,28876754,3,TEN RB3
Julius Chestnut,TEN,RB,2967664,4,TEN RB4
Michael Carter,TEN,RB,2804075,5,TEN RB5
Jeremiyah Love,ARI,RB,29133405,1,ARI RB1
Tyler Allgeier,ARI,RB,2975590,2,ARI RB2
Zonovan Knight,ARI,RB,3121860,3,ARI RB3
James Conner,ARI,RB,2071585,4,ARI RB4
Trey Benson,ARI,RB,3176915,5,ARI RB5
Bijan Robinson,ATL,RB,3168163,1,ATL RB1
Brian Robinson Jr.,ATL,RB,2741207,2,ATL RB2
Trey Sermon,ATL,RB,2804142,3,ATL RB3
Chuba Hubbard,CAR,RB,2865693,1,CAR RB1
AJ Dillon,CAR,RB,2867083,2,CAR RB2
Anthony Tyus III,CAR,RB,26696862,3,CAR RB3
Trevor Etienne,CAR,RB,28901419,4,CAR RB4
Jonathon Brooks,CAR,RB,26730706,5,CAR RB5
D'Andre Swift,CHI,RB,2871710,1,CHI RB1
Kyle Monangai,CHI,RB,3177368,2,CHI RB2
Roschon Johnson,CHI,RB,3121395,3,CHI RB3
Brittain Brown,CHI,RB,2249805,4,CHI RB4
Javonte Williams,DAL,RB,2961719,1,DAL RB1
Tyler Goodson,DAL,RB,3122473,2,DAL RB2
Emari Demercado,DAL,RB,2964372,3,DAL RB3
Malik Davis,DAL,RB,2773009,4,DAL RB4
Jahmyr Gibbs,DET,RB,3162723,1,DET RB1
Sione Vaki,DET,RB,28877349,2,DET RB2
Jacob Saylors,DET,RB,2976071,3,DET RB3
Isiah Pacheco,DET,RB,2966551,4,DET RB4
Kaleb Johnson,GB,RB,28875572,1,GB RB1
MarShawn Lloyd,GB,RB,3162514,2,GB RB2
Christopher Brooks,GB,RB,2962350,3,GB RB3
Josh Jacobs,GB,RB,2257876,4,GB RB4
Kyren Williams,LAR,RB,3121836,1,LAR RB1
Blake Corum,LAR,RB,3169252,2,LAR RB2
Dean Connors,LAR,RB,28874921,3,LAR RB3
Ronnie Rivers,LAR,RB,2804793,4,LAR RB4
Aaron Jones,MIN,RB,2071937,1,MIN RB1
DeeJay Dallas,MIN,RB,2804094,2,MIN RB2
Demond Claiborne,MIN,RB,28883197,3,MIN RB3
Jordan Mason,MIN,RB,2967536,4,MIN RB4
Travis Etienne,NO,RB,2809206,1,NO RB1
Alvin Kamara,NO,RB,2082721,2,NO RB2
Kendre Miller,NO,RB,3162256,3,NO RB3
CJ Donaldson,NO,RB,28900249,4,NO RB4
Ty Chandler,NO,RB,2867472,5,NO RB5
Cam Skattebo,NYG,RB,26697012,1,NYG RB1
Najee Harris,NYG,RB,2741200,2,NYG RB2
Tyrone Tracy Jr.,NYG,RB,2963637,3,NYG RB3
Devin Singletary,NYG,RB,2241251,4,NYG RB4
Saquon Barkley,PHI,RB,2185957,1,PHI RB1
Tank Bigsby,PHI,RB,3162021,2,PHI RB2
Will Shipley,PHI,RB,26699119,3,PHI RB3
Jadarian Price,SEA,RB,28875230,1,SEA RB1
Emanuel Wilson,SEA,RB,29104952,2,SEA RB2
George Holani,SEA,RB,3131661,3,SEA RB3
Zach Charbonnet,SEA,RB,3123810,4,SEA RB4
Christian McCaffrey,SF,RB,2136743,1,SF RB1
Kaelon Black,SF,RB,3162599,2,SF RB2
Jordan James,SF,RB,28916212,3,SF RB3
Isaac Guerendo,SF,RB,2964154,4,SF RB4
Bucky Irving,TB,RB,26693770,1,TB RB1
Kenneth Gainwell,TB,RB,2968948,2,TB RB2
Sean Tucker,TB,RB,3168416,3,TB RB3
Jacory Croskey-Merritt,WAS,RB,3126952,1,WAS RB1
Rachaad White,WAS,RB,3169147,2,WAS RB2
Kaytron Allen,WAS,RB,28875485,3,WAS RB3
Austin Ekeler,WAS,RB,2820090,4,WAS RB4
Jeremy McNichols,WAS,RB,2139987,5,WAS RB5
Zay Flowers,BAL,WR,3127049,1,BAL WR1
Rashod Bateman,BAL,WR,2960940,2,BAL WR2
Devontez Walker,BAL,WR,26702084,3,BAL WR3
Chris Moore,BAL,WR,1871375,4,BAL WR4
LaJohntay Wester,BAL,WR,3170389,5,BAL WR5
Elijah Sarratt,BAL,WR,28888850,6,BAL WR6
Ja'Kobi Lane,BAL,WR,29158151,7,BAL WR7
DJ Moore,BUF,WR,2179328,1,BUF WR1
Khalil Shakir,BUF,WR,2969119,2,BUF WR2
Keon Coleman,BUF,WR,26717289,3,BUF WR3
Josh Palmer,BUF,WR,2867325,4,BUF WR4
Greg Dortch,BUF,WR,2223207,5,BUF WR5
Skyler Bell,BUF,WR,26726589,6,BUF WR6
Tyrell Shavers,BUF,WR,2741208,7,BUF WR7
Ja'Marr Chase,CIN,WR,2966320,1,CIN WR1
Tee Higgins,CIN,WR,2809208,2,CIN WR2
Colbie Young,CIN,WR,28934874,3,CIN WR3
Dohnte Meyers,CIN,WR,2978569,4,CIN WR4
Mitchell Tinsley,CIN,WR,3162481,5,CIN WR5
Andrei Iosivas,CIN,WR,2966908,6,CIN WR6
Denzel Boston,CLE,WR,28875368,1,CLE WR1
KC Concepcion,CLE,WR,29123718,2,CLE WR2
Jerry Jeudy,CLE,WR,2741201,3,CLE WR3
Isaiah Bond,CLE,WR,28910521,4,CLE WR4
Tylan Wallace,CLE,WR,2866424,5,CLE WR5
Malachi Corley,CLE,WR,3162613,6,CLE WR6
Jaylen Waddle,DEN,WR,2962110,1,DEN WR1
Courtland Sutton,DEN,WR,2218461,2,DEN WR2
Pat Bryant,DEN,WR,26697415,3,DEN WR3
Marvin Mims,DEN,WR,3162586,4,DEN WR4
Troy Franklin,DEN,WR,26693436,5,DEN WR5
Lil'Jordan Humphrey,DEN,WR,2246852,6,DEN WR6
Nico Collins,HOU,WR,2878193,1,HOU WR1
Xavier Hutchinson,HOU,WR,3161943,2,HOU WR2
Kayshon Boutte,HOU,WR,3163170,3,HOU WR3
Jaylin Noel,HOU,WR,26697286,4,HOU WR4
Jared Wayne,HOU,WR,3126867,5,HOU WR5
Tank Dell,HOU,WR,2963970,6,HOU WR6
Jayden Higgins,HOU,WR,26708551,7,HOU WR7
Josh Downs,IND,WR,3162970,1,IND WR1
Keenan Allen,IND,WR,1737096,2,IND WR2
Darius Slayton,IND,WR,2183982,3,IND WR3
Laquon Treadwell,IND,WR,2079899,4,IND WR4
Ashton Dulin,IND,WR,3116796,5,IND WR5
Deion Burks,IND,WR,26694367,6,IND WR6
Anthony Gould,IND,WR,3122031,7,IND WR7
Alec Pierce,IND,WR,2965664,8,IND WR8
D.J. Montgomery,IND,WR,3116788,9,IND WR9
Parker Washington,JAC,WR,3168820,1,JAC WR1
Jakobi Meyers,JAC,WR,2183835,2,JAC WR2
Brian Thomas Jr.,JAC,WR,3132164,3,JAC WR3
Josh Cameron,JAC,WR,26726935,4,JAC WR4
Travis Hunter,JAC,WR,28909849,5,JAC WR5
CJ Williams,JAC,WR,28875641,6,JAC WR6
Rashee Rice,KC,WR,3124978,1,KC WR1
Xavier Worthy,KC,WR,26730787,2,KC WR2
Tyquan Thornton,KC,WR,2965066,3,KC WR3
Jalen Royals,KC,WR,28924106,4,KC WR4
Cyrus Allen,KC,WR,28875899,5,KC WR5
Nikko Remigio,KC,WR,2964863,6,KC WR6
Jeff Caldwell,KC,WR,28900417,7,KC WR7
Jimmy Holiday,KC,WR,3163391,8,KC WR8
Ladd McConkey,LAC,WR,3163962,1,LAC WR1
Quentin Johnston,LAC,WR,3162609,2,LAC WR2
Tre Harris,LAC,WR,3162525,3,LAC WR3
Brenen Thompson,LAC,WR,28909756,4,LAC WR4
Marquez Valdes-Scantling,LAC,WR,2071540,5,LAC WR5
Derius Davis,LAC,WR,2966544,6,LAC WR6
KeAndre Lambert-Smith,LAC,WR,3163041,7,LAC WR7
Tre Tucker,LV,WR,3121848,1,LV WR1
Jalen Nailor,LV,WR,2967232,2,LV WR2
Cody White,LV,WR,2865884,3,LV WR3
Dareke Young,LV,WR,27017067,4,LV WR4
Malik Benson,LV,WR,29121426,5,LV WR5
Jack Bech,LV,WR,26700682,6,LV WR6
Dont'e Thornton Jr.,LV,WR,26694424,7,LV WR7
Corey Rucker,LV,WR,3163046,8,LV WR8
Malik Washington,MIA,WR,3124729,1,MIA WR1
Caleb Douglas,MIA,WR,28900321,2,MIA WR2
Chris Bell,MIA,WR,28877196,3,MIA WR3
Kevin Coleman Jr.,MIA,WR,28909178,4,MIA WR4
Jalen Tolbert,MIA,WR,2868238,5,MIA WR5
Ryan Miller,MIA,WR,2964726,6,MIA WR6
Romeo Doubs,NE,WR,2961886,1,NE WR1
Demario Douglas,NE,WR,3126241,2,NE WR2
Mack Hollins,NE,WR,2010349,3,NE WR3
Kyle Williams,NE,WR,3167684,4,NE WR4
Efton Chism III,NE,WR,3163509,5,NE WR5
A.J. Brown,NE,WR,2258303,6,NE WR6
Jeremiah Webb,NE,WR,3135525,7,NE WR7
Garrett Wilson,NYJ,WR,3123864,1,NYJ WR1
Adonai Mitchell,NYJ,WR,26701928,2,NYJ WR2
Isaiah Williams,NYJ,WR,3126581,3,NYJ WR3
Malik McClain,NYJ,WR,26693641,4,NYJ WR4
Jamaal Pritchett,NYJ,WR,28877767,5,NYJ WR5
Tim Patrick,NYJ,WR,2818910,6,NYJ WR6
Omar Cooper Jr.,NYJ,WR,28900921,7,NYJ WR7
Arian Smith,NYJ,WR,3163930,8,NYJ WR8
DK Metcalf,PIT,WR,2260185,1,PIT WR1
Michael Pittman,PIT,WR,2240188,2,PIT WR2
Roman Wilson,PIT,WR,3169495,3,PIT WR3
Germie Bernard,PIT,WR,28878358,4,PIT WR4
Ben Skowronek,PIT,WR,2247046,5,PIT WR5
Kaden Wetjen,PIT,WR,28876038,6,PIT WR6
Cole Burgess,PIT,WR,29362393,7,PIT WR7
Carnell Tate,TEN,WR,29124411,1,TEN WR1
Wan'Dale Robinson,TEN,WR,3124107,2,TEN WR2
Elic Ayomanor,TEN,WR,28900714,3,TEN WR3
Calvin Ridley,TEN,WR,2186328,4,TEN WR4
Chimere Dike,TEN,WR,3162452,5,TEN WR5
Michael Wilson,ARI,WR,2965181,1,ARI WR1
Marvin Harrison Jr.,ARI,WR,26701883,2,ARI WR2
Kendrick Bourne,ARI,WR,2088428,3,ARI WR3
Jalen Brooks,ARI,WR,3165078,4,ARI WR4
Simi Fehoko,ARI,WR,2965289,5,ARI WR5
Devin Duvernay,ARI,WR,2246849,6,ARI WR6
Reggie Virgil,ARI,WR,28883008,7,ARI WR7
Drake London,ATL,WR,3127902,1,ATL WR1
Jahan Dotson,ATL,WR,2962944,2,ATL WR2
Olamide Zaccheaus,ATL,WR,2186266,3,ATL WR3
Zachariah Branch,ATL,WR,29123979,4,ATL WR4
Chris Blair,ATL,WR,2965618,5,ATL WR5
Beaux Collins,ATL,WR,26694592,6,ATL WR6
Tetairoa McMillan,CAR,WR,28877124,1,CAR WR1
Jalen Coker,CAR,WR,3163990,2,CAR WR2
Xavier Legette,CAR,WR,3131575,3,CAR WR3
Brycen Tremayne,CAR,WR,2967463,4,CAR WR4
John Metchie III,CAR,WR,3121171,5,CAR WR5
David Moore,CAR,WR,2818351,6,CAR WR6
Chris Brazzell II,CAR,WR,26904572,7,CAR WR7
Rome Odunze,CHI,WR,3162979,1,CHI WR1
Luther Burden III,CHI,WR,28874444,2,CHI WR2
Kalif Raymond,CHI,WR,1999329,3,CHI WR3
Zavion Thomas,CHI,WR,28909795,4,CHI WR4
Jahdae Walker,CHI,WR,29174299,5,CHI WR5
CeeDee Lamb,DAL,WR,2865251,1,DAL WR1
George Pickens,DAL,WR,3123212,2,DAL WR2
Ryan Flournoy,DAL,WR,28891456,3,DAL WR3
KaVontae Turpin,DAL,WR,2180870,4,DAL WR4
Jonathan Mingo,DAL,WR,3126905,5,DAL WR5
Camden Brown,DAL,WR,28877638,6,DAL WR6
Amon-Ra St. Brown,DET,WR,2967690,1,DET WR1
Jameson Williams,DET,WR,3125968,2,DET WR2
Isaac TeSlaa,DET,WR,29122587,3,DET WR3
Tom Kennedy,DET,WR,3117113,4,DET WR4
Tay Martin,DET,WR,2865709,5,DET WR5
Kendrick Law,DET,WR,28874888,6,DET WR6
Christian Watson,GB,WR,2869806,1,GB WR1
Matthew Golden,GB,WR,28874927,2,GB WR2
Skyy Moore,GB,WR,3126874,3,GB WR3
Bo Melton,GB,WR,2870475,4,GB WR4
J. Michael Sturdivant,GB,WR,26723673,5,GB WR5
Savion Williams,GB,WR,3161844,6,GB WR6
Jayden Reed,GB,WR,2967762,7,GB WR7
Puka Nacua,LAR,WR,3121687,1,LAR WR1
Davante Adams,LAR,WR,1893167,2,LAR WR2
Jordan Whittington,LAR,WR,3122843,3,LAR WR3
Konata Mumpfield,LAR,WR,26694679,4,LAR WR4
Xavier Smith,LAR,WR,2986749,5,LAR WR5
Tutu Atwell,LAR,WR,2965372,6,LAR WR6
CJ Daniels,LAR,WR,3167404,7,LAR WR7
Justin Jefferson,MIN,WR,2871343,1,MIN WR1
Jordan Addison,MIN,WR,3162290,2,MIN WR2
Jauan Jennings,MIN,WR,2180514,3,MIN WR3
Tai Felton,MIN,WR,26702969,4,MIN WR4
Myles Price,MIN,WR,3168525,5,MIN WR5
Jeshaun Jones,MIN,WR,2961918,6,MIN WR6
Chris Olave,NO,WR,2963666,1,NO WR1
Devaughn Vele,NO,WR,3121113,2,NO WR2
Bryce Lance,NO,WR,26725855,3,NO WR3
Barion Brown,NO,WR,28900204,4,NO WR4
Jordyn Tyson,NO,WR,28900885,5,NO WR5
Mason Tipton,NO,WR,3135304,6,NO WR6
Malik Nabers,NYG,WR,26697761,1,NYG WR1
Malachi Fields,NYG,WR,26706066,2,NYG WR2
Darnell Mooney,NYG,WR,2240651,3,NYG WR3
Braxton Berrios,NYG,WR,2130981,4,NYG WR4
Charlie Jones,NYG,WR,2868959,5,NYG WR5
Calvin Austin III,NYG,WR,2866214,6,NYG WR6
Gunner Olszewski,NYG,WR,3117210,7,NYG WR7
DeVonta Smith,PHI,WR,2866975,1,PHI WR1
Dontayvion Wicks,PHI,WR,3122375,2,PHI WR2
Makai Lemon,PHI,WR,29123772,3,PHI WR3
Marquise Brown,PHI,WR,2804128,4,PHI WR4
Darius Cooper,PHI,WR,3165205,5,PHI WR5
Elijah Moore,PHI,WR,2963569,6,PHI WR6
Britain Covey,PHI,WR,2185571,7,PHI WR7
Johnny Wilson,PHI,WR,3163268,8,PHI WR8
Jaxon Smith-Njigba,SEA,WR,3162959,1,SEA WR1
Rashid Shaheed,SEA,WR,2250863,2,SEA WR2
Cooper Kupp,SEA,WR,2006951,3,SEA WR3
Tory Horton,SEA,WR,3165177,4,SEA WR4
Montorie Foster Jr.,SEA,WR,3169784,5,SEA WR5
Irvin Charles,SEA,WR,2185963,6,SEA WR6
Jake Bobo,SEA,WR,2962336,7,SEA WR7
Mike Evans,SF,WR,1824909,1,SF WR1
Deebo Samuel,SF,WR,2139735,2,SF WR2
Khadarel Hodge,SF,WR,2954080,3,SF WR3
Jacob Cowing,SF,WR,3133200,4,SF WR4
Jordan Watkins,SF,WR,3164736,5,SF WR5
Christian Kirk,SF,WR,2180820,6,SF WR6
Demarcus Robinson,SF,WR,2061095,7,SF WR7
De'Zhaun Stribling,SF,WR,26696676,8,SF WR8
Ricky Pearsall,SF,WR,3122949,9,SF WR9
Emeka Egbuka,TB,WR,26696165,1,TB WR1
Chris Godwin,TB,WR,2818150,2,TB WR2
Ted Hurst,TB,WR,29421796,3,TB WR3
Tez Johnson,TB,WR,3161539,4,TB WR4
Kameron Johnson,TB,WR,29380891,5,TB WR5
David Sills,TB,WR,2179491,6,TB WR6
Jalen McMillan,TB,WR,3162347,7,TB WR7
Terry McLaurin,WAS,WR,2139279,1,WAS WR1
Stefon Diggs,WAS,WR,2000038,2,WAS WR2
Antonio Williams,WAS,WR,28877974,3,WAS WR3
Dyami Brown,WAS,WR,2965973,4,WAS WR4
Treylon Burks,WAS,WR,3122944,5,WAS WR5
Jaylin Lane,WAS,WR,3162484,6,WAS WR6
Luke McCaffrey,WAS,WR,3121502,7,WAS WR7
Mark Andrews,BAL,TE,2131121,1,BAL TE1
Durham Smythe,BAL,TE,2082845,2,BAL TE2
Matthew Hibner,BAL,TE,3169490,3,BAL TE3
Josh Cuevas,BAL,TE,26706410,4,BAL TE4
Dalton Kincaid,BUF,TE,2982991,1,BUF TE1
Dawson Knox,BUF,TE,2186345,2,BUF TE2
Jackson Hawes,BUF,TE,3135324,3,BUF TE3
Keleki Latu,BUF,TE,26723643,4,BUF TE4
Mike Gesicki,CIN,TE,2139298,1,CIN TE1
Drew Sample,CIN,TE,2139646,2,CIN TE2
Erick All,CIN,TE,3121555,3,CIN TE3
Tanner Hudson,CIN,TE,2926606,4,CIN TE4
Jack Endries,CIN,TE,28916552,5,CIN TE5
Harold Fannin Jr.,CLE,TE,28900882,1,CLE TE1
Blake Whiteheart,CLE,TE,2964419,2,CLE TE2
Carsen Ryan,CLE,TE,28873701,3,CLE TE3
Joe Royer,CLE,TE,3169621,4,CLE TE4
Evan Engram,DEN,TE,2079887,1,DEN TE1
Adam Trautman,DEN,TE,2182228,2,DEN TE2
Nate Adkins,DEN,TE,2977285,3,DEN TE3
Dallen Bentley,DEN,TE,29164633,4,DEN TE4
Caleb Lohner,DEN,TE,3177905,5,DEN TE5
Dalton Schultz,HOU,TE,2136748,1,HOU TE1
Foster Moreau,HOU,TE,2180634,2,HOU TE2
Marlin Klein,HOU,TE,28927889,3,HOU TE3
Cade Stover,HOU,TE,3125978,4,HOU TE4
Brevin Jordan,HOU,TE,2964787,5,HOU TE5
Tyler Warren,IND,TE,3168800,1,IND TE1
Mo Alie-Cox,IND,TE,2815925,2,IND TE2
Andrew Ogletree,IND,TE,26725942,3,IND TE3
Will Mallory,IND,TE,2962073,4,IND TE4
Carson Towt,IND,TE,3158076,5,IND TE5
Brenton Strange,JAC,TE,3121696,1,JAC TE1
Nate Boerkircher,JAC,TE,3162867,2,JAC TE2
Quintin Morris,JAC,TE,2864581,3,JAC TE3
Tanner Koziol,JAC,TE,28874303,4,JAC TE4
Travis Kelce,KC,TE,1725130,1,KC TE1
Noah Gray,KC,TE,2866903,2,KC TE2
Jake Briningstool,KC,TE,26697836,3,KC TE3
Jared Wiley,KC,TE,3123819,4,KC TE4
John Michael Gyllenborg,KC,TE,26695610,5,KC TE5
Charlie Kolar,LAC,TE,2866273,1,LAC TE1
Oronde Gadsden II,LAC,TE,26727374,2,LAC TE2
Hayden Rucci,LAC,TE,3131519,3,LAC TE3
David Njoku,LAC,TE,2136474,4,LAC TE4
Brock Bowers,LV,TE,26693971,1,LV TE1
Michael Mayer,LV,TE,3171673,2,LV TE2
Ian Thomas,LV,TE,2253359,3,LV TE3
Carter Runyon,LV,TE,29184228,4,LV TE4
Greg Dulcich,MIA,TE,2964274,1,MIA TE1
Will Kacmarek,MIA,TE,26717403,2,MIA TE2
Seydou Traore,MIA,TE,26696643,3,MIA TE3
Justin Joly,MIA,TE,28927892,4,MIA TE4
Cole Turner,MIA,TE,2961855,5,MIA TE5
Hunter Henry,NE,TE,2079848,1,NE TE1
Eli Raridon,NE,TE,28924611,2,NE TE2
Cameron Latu,NE,TE,2964535,3,NE TE3
Tanner Arkin,NE,TE,26713728,4,NE TE4
Julian Hill,NE,TE,2961743,5,NE TE5
Kenyon Sadiq,NYJ,TE,29125433,1,NYJ TE1
Mason Taylor,NYJ,TE,28878064,2,NYJ TE2
Jeremy Ruckert,NYJ,TE,2965446,3,NYJ TE3
Jelani Woods,NYJ,TE,2787078,4,NYJ TE4
Andrew Beck,NYJ,TE,2131774,5,NYJ TE5
Darnell Washington,PIT,TE,3163963,1,PIT TE1
Pat Freiermuth,PIT,TE,2961270,2,PIT TE2
Robert Tonyan,PIT,TE,2820026,3,PIT TE3
Gunnar Helm,TEN,TE,26696189,1,TEN TE1
Daniel Bellinger,TEN,TE,2963615,2,TEN TE2
David Martin-Robinson,TEN,TE,2962690,3,TEN TE3
Kylen Granson,TEN,TE,2247146,4,TEN TE4
Jaren Kanak,TEN,TE,28875704,5,TEN TE5
Trey McBride,ARI,TE,2963385,1,ARI TE1
Elijah Higgins,ARI,TE,3122914,2,ARI TE2
Hunter Long,ARI,TE,2867428,3,ARI TE3
Tip Reiman,ARI,TE,3169268,4,ARI TE4
Jameson Geers,ARI,TE,26694253,5,ARI TE5
Kyle Pitts,ATL,TE,2964514,1,ATL TE1
Charlie Woerner,ATL,TE,2248629,2,ATL TE2
Austin Hooper,ATL,TE,2067004,3,ATL TE3
Nick Muse,ATL,TE,2818056,4,ATL TE4
Tommy Tremble,CAR,TE,2969027,1,CAR TE1
Darren Waller,CAR,TE,1850793,2,CAR TE2
Mitchell Evans,CAR,TE,26693662,3,CAR TE3
Feleipe Franks,CAR,TE,2221829,4,CAR TE4
Ja'Tavion Sanders,CAR,TE,26731381,5,CAR TE5
Colston Loveland,CHI,TE,28874696,1,CHI TE1
Cole Kmet,CHI,TE,2868619,2,CHI TE2
Sam Roush,CHI,TE,28877184,3,CHI TE3
Nikola Kalinic,CHI,TE,28867671,4,CHI TE4
Hayden Large,CHI,TE,29122200,5,CHI TE5
Jake Ferguson,DAL,TE,2867159,1,DAL TE1
Brevyn Spann-Ford,DAL,TE,2961760,2,DAL TE2
Luke Schoonmaker,DAL,TE,2968473,3,DAL TE3
Princeton Fant,DAL,TE,2865409,4,DAL TE4
DJ Rogers,DAL,TE,26693776,5,DAL TE5
Sam LaPorta,DET,TE,3124197,1,DET TE1
Brock Wright,DET,TE,2807423,2,DET TE2
Jackson Meeks,DET,TE,26700892,3,DET TE3
Tyler Conklin,DET,TE,2165249,4,DET TE4
Tucker Kraft,GB,TE,3133332,1,GB TE1
Jonnu Smith,GB,TE,2081506,2,GB TE2
Mark Redman,GB,TE,3162063,3,GB TE3
Josh Whyle,GB,TE,2962513,4,GB TE4
Luke Musgrave,GB,TE,3129283,5,GB TE5
Thomas Yassmin,GB,TE,2966406,6,GB TE6
Colby Parkinson,LAR,TE,2867522,1,LAR TE1
Terrance Ferguson,LAR,TE,26701481,2,LAR TE2
Davis Allen,LAR,TE,3123267,3,LAR TE3
Tyler Higbee,LAR,TE,1853103,4,LAR TE4
Max Klare,LAR,TE,28921209,5,LAR TE5
T.J. Hockenson,MIN,TE,2251097,1,MIN TE1
Gavin Bartholomew,MIN,TE,26702972,2,MIN TE2
Ben Yurosek,MIN,TE,3163725,3,MIN TE3
Josh Oliver,MIN,TE,2184618,4,MIN TE4
Juwan Johnson,NO,TE,2186637,1,NO TE1
Noah Fant,NO,TE,2251095,2,NO TE2
Oscar Delp,NO,TE,28873644,3,NO TE3
Treyton Welch,NO,TE,3123913,4,NO TE4
Moliki Matavao,NO,TE,26693980,5,NO TE5
Isaiah Likely,NYG,TE,2961906,1,NYG TE1
Theo Johnson,NYG,TE,3162129,2,NYG TE2
Chris Manhertz,NYG,TE,2167520,3,NYG TE3
Thomas Fidone II,NYG,TE,26699695,4,NYG TE4
Dallas Goedert,PHI,TE,2132551,1,PHI TE1
Johnny Mundt,PHI,TE,2818622,2,PHI TE2
E.J. Jenkins,PHI,TE,2820917,3,PHI TE3
Grant Calcaterra,PHI,TE,2804129,4,PHI TE4
Eli Stowers,PHI,TE,26696120,5,PHI TE5
AJ Barner,SEA,TE,3169283,1,SEA TE1
Eric Saubert,SEA,TE,2001018,2,SEA TE2
Elijah Arroyo,SEA,TE,26700496,3,SEA TE3
Nick Kallerup,SEA,TE,3123192,4,SEA TE4
George Kittle,SF,TE,2818265,1,SF TE1
Luke Farrell,SF,TE,2260977,2,SF TE2
Brayden Willis,SF,TE,2963088,3,SF TE3
Jake Tonges,SF,TE,2870660,4,SF TE4
Cade Otton,TB,TE,2815179,1,TB TE1
Payne Durham,TB,TE,2968469,2,TB TE2
Ko Kieft,TB,TE,2239763,3,TB TE3
Bauer Sharp,TB,TE,26730919,4,TB TE4
Chigoziem Okonkwo,WAS,TE,2965208,1,WAS TE1
Ben Sinnott,WAS,TE,3168647,2,WAS TE2
John Bates,WAS,TE,2257291,3,WAS TE3
Colson Yankoff,WAS,TE,2961827,4,WAS TE4
Tyler Loop,BAL,K,3174704,1,BAL K1
Tyler Bass,BUF,K,2188356,1,BUF K1
Evan McPherson,CIN,K,2962681,1,CIN K1
Andre Szmyt,CLE,K,2868551,1,CLE K1
Wil Lutz,DEN,K,2008545,1,DEN K1
Ka'imi Fairbairn,HOU,K,1996562,1,HOU K1
Spencer Shrader,IND,K,3131541,1,IND K1
Cam Little,JAC,K,26702477,1,JAC K1
Harrison Butker,KC,K,2078888,1,KC K1
Cameron Dicker,LAC,K,2961997,1,LAC K1
Matt Gay,LV,K,2870511,1,LV K1
Riley Patterson,MIA,K,2865368,1,MIA K1
Andres Borregales,NE,K,26699665,1,NE K1
Jason Sanders,NYJ,K,2131909,1,NYJ K1
Chris Boswell,PIT,K,1724930,1,PIT K1
Joey Slye,TEN,K,3116871,1,TEN K1
Chad Ryland,ARI,K,2964074,1,ARI K1
Nick Folk,ATL,K,410721,1,ATL K1
Ryan Fitzgerald,CAR,K,3126649,1,CAR K1
Cairo Santos,CHI,K,2132690,1,CHI K1
Brandon Aubrey,DAL,K,2815718,1,DAL K1
Jake Bates,DET,K,3173439,1,DET K1
Trey Smack,GB,K,28899321,1,GB K1
Harrison Mevis,LAR,K,3162619,1,LAR K1
Will Reichard,MIN,K,3121084,1,MIN K1
Daniel Carlson,NO,K,2079862,1,NO K1
Dominic Zvada,NYG,K,28876817,1,NYG K1
Jake Elliott,PHI,K,2080295,1,PHI K1
Jason Myers,SEA,K,2169640,1,SEA K1
Eddy Pineiro,SF,K,2221833,1,SF K1
Chase McLaughlin,TB,K,2165272,1,TB K1
Drew Stevens,WAS,K,28873746,1,WAS K1
