owner,player,team,pos,status,cbs_id
BOLDING,Brock Bowers,LV,TE,rostered,26693971
BOLDING,Christian McCaffrey,SF,RB,rostered,2136743
BOLDING,Chuba Hubbard,CAR,RB,rostered,2865693
BOLDING,Dak Prescott,DAL,QB,rostered,1824864
BOLDING,Dallas Goedert,PHI,TE,rostered,2132551
BOLDING,Davante Adams,LAR,WR,rostered,1893167
BOLDING,Deebo Samuel,SF,WR,rostered,2139735
BOLDING,Emeka Egbuka,TB,WR,rostered,26696165
BOLDING,Jadarian Price,SEA,RB,rostered,28875230
BOLDING,Jason Myers,SEA,K,rostered,2169640
BOLDING,Joey Slye,TEN,K,rostered,3116871
BOLDING,Jordyn Tyson,NO,WR,rostered,28900885
BOLDING,Justin Jefferson,MIN,WR,rostered,2871343
BOLDING,Kaelon Black,SF,RB,rostered,3162599
BOLDING,Omarion Hampton,LAC,RB,rostered,28908905
BOLDING,Packers,GB,DST,rostered,1911
BOLDING,Romeo Doubs,NE,WR,rostered,2961886
BOLDING,Sam Darnold,SEA,QB,rostered,2180320
BOLDING,Steelers,PIT,DST,rostered,1922
BUSSONE,Blake Corum,LAR,RB,rostered,3169252
BUSSONE,Cairo Santos,CHI,K,rostered,2132690
BUSSONE,CeeDee Lamb,DAL,WR,rostered,2865251
BUSSONE,Dalton Kincaid,BUF,TE,rostered,2982991
BUSSONE,Ja'Marr Chase,CIN,WR,rostered,2966320
BUSSONE,Jeremiyah Love,ARI,RB,rostered,29133405
BUSSONE,Jordan Love,GB,QB,rostered,2239997
BUSSONE,Kenneth Walker III,KC,RB,rostered,3121372
BUSSONE,Ladd McConkey,LAC,WR,rostered,3163962
BUSSONE,Luther Burden III,CHI,WR,rostered,28874444
BUSSONE,Makai Lemon,PHI,WR,rostered,29123772
BUSSONE,Malik Nabers,NYG,WR,rostered,26697761
BUSSONE,Ravens,BAL,DST,rostered,1903
BUSSONE,Seahawks,SEA,DST,rostered,1926
BUSSONE,TreVeyon Henderson,NE,RB,rostered,26699547
BUSSONE,Trevor Lawrence,JAC,QB,rostered,2967185
BUSSONE,Tyler Warren,IND,TE,rostered,3168800
BUSSONE,Will Reichard,MIN,K,rostered,3121084
BUSSONE,Woody Marks,HOU,RB,rostered,3171045
FREEMANS,Bills,BUF,DST,rostered,1904
FREEMANS,Bo Nix,DEN,QB,rostered,3121193
FREEMANS,Brian Robinson Jr.,ATL,RB,rostered,2741207
FREEMANS,Cameron Dicker,LAC,K,rostered,2961997
FREEMANS,Chigoziem Okonkwo,WAS,TE,rostered,2965208
FREEMANS,Christian Watson,GB,WR,rostered,2869806
FREEMANS,DK Metcalf,PIT,WR,rostered,2260185
FREEMANS,DeVonta Smith,PHI,WR,rostered,2866975
FREEMANS,Derrick Henry,BAL,RB,rostered,2061188
FREEMANS,Jalen Coker,CAR,WR,rostered,3163990
FREEMANS,Jared Goff,DET,QB,rostered,2061053
FREEMANS,Jordan Addison,MIN,WR,rostered,3162290
FREEMANS,Kyren Williams,LAR,RB,rostered,3121836
FREEMANS,Lions,DET,DST,rostered,1910
FREEMANS,MarShawn Lloyd,GB,RB,rostered,3162514
FREEMANS,Matthew Golden,GB,WR,rostered,28874927
FREEMANS,Rico Dowdle,PIT,RB,rostered,2252798
FREEMANS,Trey Smack,GB,K,rostered,28899321
FREEMANS,Tucker Kraft,GB,TE,rostered,3133332
MUCK/UZES,Breece Hall,NYJ,RB,rostered,3123469
MUCK/UZES,Bucky Irving,TB,RB,rostered,26693770
MUCK/UZES,Chargers,LAC,DST,rostered,1924
MUCK/UZES,Drake London,ATL,WR,rostered,3127902
MUCK/UZES,Harrison Mevis,LAR,K,rostered,3162619
MUCK/UZES,Jalen Hurts,PHI,QB,rostered,2240246
MUCK/UZES,Javonte Williams,DAL,RB,rostered,2961719
MUCK/UZES,Jayden Daniels,WAS,QB,rostered,3123337
MUCK/UZES,Kenneth Gainwell,TB,RB,rostered,2968948
MUCK/UZES,Patriots,NE,DST,rostered,1931
MUCK/UZES,Quentin Johnston,LAC,WR,rostered,3162609
MUCK/UZES,Rashee Rice,KC,WR,rostered,3124978
MUCK/UZES,Saquon Barkley,PHI,RB,rostered,2185957
MUCK/UZES,T.J. Hockenson,MIN,TE,rostered,2251097
MUCK/UZES,Tetairoa McMillan,CAR,WR,rostered,28877124
MUCK/UZES,Travis Kelce,KC,TE,rostered,1725130
MUCK/UZES,Wil Lutz,DEN,K,rostered,2008545
MUCK/UZES,Xavier Worthy,KC,WR,rostered,26730787
MUCK/UZES,Zay Flowers,BAL,WR,rostered,3127049
PRESTON,Amon-Ra St. Brown,DET,WR,rostered,2967690
PRESTON,Brandon Aubrey,DAL,K,rostered,2815718
PRESTON,Chris Rodriguez Jr.,JAC,RB,rostered,2964667
PRESTON,Cowboys,DAL,DST,rostered,1908
PRESTON,DJ Moore,BUF,WR,rostered,2179328
PRESTON,Drake Maye,NE,QB,rostered,26695757
PRESTON,Eagles,PHI,DST,rostered,1921
PRESTON,Hunter Henry,NE,TE,rostered,2079848
PRESTON,Ja'Kobi Lane,BAL,WR,rostered,29158151
PRESTON,Jacory Croskey-Merritt,WAS,RB,rostered,3126952
PRESTON,Jahmyr Gibbs,DET,RB,rostered,3162723
PRESTON,Jonah Coleman,DEN,RB,rostered,28877250
PRESTON,Kyle Pitts,ATL,TE,rostered,2964514
PRESTON,Matthew Stafford,LAR,QB,rostered,1114942
PRESTON,Puka Nacua,LAR,WR,rostered,3121687
PRESTON,Rome Odunze,CHI,WR,rostered,3162979
PRESTON,Tre Tucker,LV,WR,rostered,3121848
PRESTON,Tyler Allgeier,ARI,RB,rostered,2975590
PRESTON,Tyler Bass,BUF,K,rostered,2188356
THROBBER,Baker Mayfield,TB,QB,rostered,2080032
THROBBER,Bhayshul Tuten,JAC,RB,rostered,26732838
THROBBER,Bijan Robinson,ATL,RB,rostered,3168163
THROBBER,Chad Ryland,ARI,K,rostered,2964074
THROBBER,Chase Brown,CIN,RB,rostered,2965160
THROBBER,Chiefs,KC,DST,rostered,1914
THROBBER,Cyrus Allen,KC,WR,rostered,28875899
THROBBER,Devaughn Vele,NO,WR,rostered,3121113
THROBBER,Isaiah Likely,NYG,TE,rostered,2961906
THROBBER,Jaguars,JAC,DST,rostered,1913
THROBBER,Jaylen Waddle,DEN,WR,rostered,2962110
THROBBER,Joe Burrow,CIN,QB,rostered,2179798
THROBBER,Jonathan Taylor,IND,RB,rostered,2866395
THROBBER,Jordan Mason,MIN,RB,rostered,2967536
THROBBER,Juwan Johnson,NO,TE,rostered,2186637
THROBBER,KC Concepcion,CLE,WR,rostered,29123718
THROBBER,Ka'imi Fairbairn,HOU,K,rostered,1996562
THROBBER,Tee Higgins,CIN,WR,rostered,2809208
THROBBER,Terry McLaurin,WAS,WR,rostered,2139279
,49ers,SF,DST,,1925
,A.J. Brown,NE,WR,,2258303
,A.J. Henning,MIA,WR,waivers,3169276
,A.J. Richardson,ARI,WR,waivers,3117015
,A.J. Rose,LAR,RB,waivers,2245147
,A.T. Perry,PIT,WR,waivers,2965235
,AJ Barner,SEA,TE,waivers,3169283
,AJ Dillon,CAR,RB,waivers,2867083
,Aaron Anderson,CLE,WR,waivers,28877406
,Aaron Bailey,BAL,WR,waivers,2820501
,Aaron Dykes,MIN,RB,waivers,2964516
,Aaron Jones,MIN,RB,,2071937
,Aaron Rodgers,PIT,QB,waivers,419780
,Aaron Shampklin,MIA,RB,waivers,2820186
,Abram Smith,MIN,RB,waivers,2807112
,Aca'Cedric Ware,TB,RB,waivers,3127655
,Adam Choice,SEA,RB,waivers,2133458
,Adam Prentice,DEN,RB,waivers,2188826
,Adam Randall,BAL,RB,waivers,28878514
,Adam Thielen,PIT,WR,waivers,2059362
,Adam Trautman,DEN,TE,waivers,2182228
,Adonai Mitchell,NYJ,WR,waivers,26701928
,Adrian Martinez,SF,QB,waivers,2966360
,Ahmani Marshall,CAR,RB,waivers,3162108
,Ahmarean Brown,BUF,WR,waivers,3123946
,Aidan O'Connell,LV,QB,waivers,2868716
,Aidan Robbins,CLE,RB,waivers,3123398
,Ainias Smith,CAR,WR,waivers,3131553
,Ajou Ajou,IND,WR,waivers,3161800
,Al-Jay Henderson,NYJ,RB,waivers,26696811
,Albert Okwuegbunam,LV,TE,waivers,2245117
,Alec Holler,DAL,TE,waivers,2966128
,Alec Ingold,LAC,RB,waivers,2183930
,Alec Pierce,IND,WR,,2965664
,Aleva Hifo,ARI,WR,waivers,3159106
,Alex Bachman,LAR,WR,waivers,2186388
,Alex Gray,ATL,TE,waivers,2828649
,Alex Hale,GB,K,waivers,2963565
,Alex McGough,GB,QB,waivers,2132602
,Alex Quevedo,NO,K,waivers,29090668
,Alex Tecza,PIT,RB,waivers,28908694
,Alex Wesley,CHI,WR,waivers,2142830
,Alexander Mattison,MIA,RB,waivers,2257933
,Alfonzo Graham,PIT,RB,waivers,26745241
,Alize Mack,TEN,TE,waivers,2186666
,Allen Lazard,NYJ,WR,waivers,2141655
,Allen Robinson,DET,WR,waivers,1889923
,Alvin Kamara,NO,RB,waivers,2082721
,Amar Johnson,LAC,RB,waivers,26745358
,Amari Cooper,LV,WR,waivers,1984220
,Amba Etta-Tawo,HOU,WR,waivers,2001582
,Ameer Abdullah,JAC,RB,waivers,1824308
,Anders Carlson,NYJ,K,waivers,2866578
,Anderson Castle,IND,RB,waivers,3172308
,Andre Baccellia,ARI,WR,waivers,3159102
,Andre Miller,GB,WR,waivers,2963411
,Andre Szmyt,CLE,K,waivers,2868551
,Andrei Iosivas,CIN,WR,waivers,2966908
,Andres Borregales,NE,K,,26699665
,Andrew Armstrong,KC,WR,waivers,28926946
,Andrew Beck,NYJ,RB,waivers,2131774
,Andrew Furney,NYJ,K,waivers,2135490
,Andrew Mevis,JAC,K,waivers,2820471
,Andrew Ogletree,IND,TE,waivers,26725942
,Andrew Parchment,CAR,WR,waivers,2252355
,Andrew Peasley,NYJ,QB,waivers,2966161
,Andrew Vollert,IND,TE,waivers,2161771
,Andy Dalton,PHI,QB,waivers,1125961
,Andy Isabella,SF,WR,waivers,2182851
,Anthony Cantele,FA,K,waivers,1679724
,Anthony Fera,FA,K,waivers,1664152
,Anthony Firkser,DET,TE,waivers,2818971
,Anthony Gordon,KC,QB,waivers,2251387
,Anthony Gould,IND,WR,waivers,3122031
,Anthony Hankerson,SEA,RB,waivers,28900555
,Anthony Johnson,PIT,WR,waivers,2258536
,Anthony Miller,BAL,WR,waivers,2082810
,Anthony Norris,DEN,TE,waivers,1906458
,Anthony Ratliff-Williams,SEA,WR,waivers,2179349
,Anthony Richardson,IND,QB,waivers,3163263
,Anthony Schwartz,MIA,WR,waivers,2965374
,Anthony Smith,DAL,WR,waivers,3164577
,Anthony Torres,LAR,TE,waivers,2960827
,Anthony Tyus III,CAR,RB,waivers,26696862
,Antoine Green,DET,WR,waivers,2962502
,Antonio Brown,TB,WR,waivers,1272852
,Antonio Gibson,NE,RB,waivers,2960976
,Antonio Nunn,ATL,WR,waivers,2258543
,Antonio Williams,WAS,WR,waivers,28877974
,Antwane Wells Jr.,ATL,WR,waivers,3161901
,Arian Smith,NYJ,WR,waivers,3163930
,Armani Rogers,BUF,TE,waivers,2258253
,Armanti Foreman,MIN,WR,waivers,2925428
,Aron Cruickshank,PIT,WR,waivers,2961237
,Artavis Scott,HOU,WR,waivers,2133477
,Artayvious Lynn,DAL,TE,waivers,2240334
,Arthur Williams,NYJ,WR,waivers,2185867
,Ashton Dulin,IND,WR,waivers,3116796
,Ashton Jeanty,LV,RB,,28874008
,Athan Kaliakmanis,WAS,QB,waivers,26700919
,Audric Estime,NO,RB,waivers,26713577
,Austin Allen,GB,TE,waivers,2804325
,Austin Aune,ATL,QB,waivers,2053471
,Austin Ekeler,WAS,RB,waivers,2820090
,Austin Fort,TEN,TE,waivers,2131959
,Austin Hooper,ATL,TE,waivers,2067004
,Austin Jones,WAS,RB,waivers,3121977
,Austin MacGinnis,LAR,K,waivers,3158715
,Austin Proehl,NYG,WR,waivers,2130950
,Austin Ramesh,ARI,RB,waivers,2926510
,Austin Reed,BAL,QB,waivers,2967693
,Austin Seibert,WAS,K,waivers,2179668
,Austin Stogner,ATL,TE,waivers,3121976
,Austin Trammell,JAC,WR,waivers,2838491
,Austin Watkins Jr.,PHI,WR,waivers,2961443
,Austin Willis,DET,WR,waivers,2175115
,Avery Davis,DET,WR,waivers,2868630
,Avery Williams,NYJ,RB,waivers,2257948
,Ayir Asante,NYG,WR,waivers,3124133
,B.J. Baylor,ATL,RB,waivers,2868250
,B.J. Catalon,FA,RB,waivers,1984363
,B.T. Potter,TB,K,waivers,2962281
,BJ Emmons,HOU,RB,waivers,2252835
,Bailey Gaither,BAL,WR,waivers,2184609
,Bailey Zappe,NYJ,QB,waivers,2866483
,Barika Kpeenu,TB,RB,waivers,26726059
,Barion Brown,NO,WR,waivers,28900204
,Bauer Sharp,TB,TE,waivers,26730919
,Baylor Cupp,ARI,TE,waivers,3122788
,Bears,CHI,DST,,1906
,Beaux Collins,ATL,WR,waivers,26694592
,Behren Morton,NE,QB,waivers,26696177
,Ben Beise,TB,TE,waivers,28866830
,Ben Bryant,NYJ,QB,waivers,2961091
,Ben DiNucci,DEN,QB,waivers,2179411
,Ben Johnson,LAC,TE,waivers,395994
,Ben Patterson,CLE,WR,waivers,50048410
,Ben Sauls,NYG,K,waivers,3169819
,Ben Sims,MIA,TE,waivers,2964709
,Ben Sinnott,WAS,TE,waivers,3168647
,Ben Skowronek,PIT,WR,waivers,2247046
,Ben VanSumeren,KC,RB,waivers,2968491
,Ben Wooldridge,NE,QB,waivers,2965115
,Ben Yurosek,MIN,TE,waivers,3163725
,Bengals,CIN,DST,waivers,1907
,Benny LeMay,CLE,RB,waivers,2258154
,Bernhard Seikovits,ARI,TE,waivers,26665068
,Billy Brown,IND,TE,waivers,2820079
,Blake Grupe,NYJ,K,waivers,2876348
,Blake Haubeil,CAR,K,waivers,2826774
,Blake Proehl,MIN,WR,waivers,2827939
,Blake Watson,TEN,RB,waivers,2963426
,Blake Whiteheart,CLE,TE,waivers,2964419
,Blayne Taylor,IND,WR,waivers,28914781
,Bobo Beathard,ARI,WR,waivers,1840609
,Brad Craddock,CLE,K,waivers,2001577
,Brady Boyd,JAC,WR,waivers,26696036
,Brady Cook,MIA,QB,waivers,3163207
,Brady Russell,SEA,RB,waivers,2866240
,Braelon Allen,NYJ,RB,waivers,26726580
,Branden Mack,DEN,WR,waivers,2256707
,Brandin Cooks,BUF,WR,waivers,1880880
,Brandon Aiyuk,SF,WR,waivers,2967489
,Brandon Allen,NYG,QB,waivers,1852876
,Brandon Bridge,FA,QB,waivers,1776297
,Brandon Hayes,PHI,WR,waivers,3170373
,Brandon Johnson,PIT,RB,waivers,2245903
,Brandon Johnson,PIT,WR,waivers,2247509
,Brandon Lewis,TEN,WR,waivers,3044909
,Brandon McManus,GB,K,waivers,2058320
,Brandon Peters,LAC,QB,waivers,2239738
,Brandon Powell,MIN,WR,waivers,2926490
,Brandon Smith,PIT,WR,waivers,2865783
,Brashard Smith,KC,RB,waivers,26694196
,Braxton Berrios,NYG,WR,waivers,2130981
,Braxton Burmeister,LAR,WR,waivers,2815157
,Braxton Westfield,IND,WR,waivers,2240959
,Brayden Lenius,ATL,TE,waivers,28867632
,Brayden Willis,SF,TE,waivers,2963088
,Braydon Johnson,BUF,WR,waivers,2864986
,Braylon Sanders,WAS,WR,waivers,2869933
,Brelan Chancellor,PIT,WR,waivers,2130622
,Brenden Bates,CLE,TE,waivers,2963924
,Brenden Knox,KC,RB,waivers,2864720
,Brenden Rice,GB,WR,waivers,3166803
,Brenen Thompson,LAC,WR,waivers,28909756
,Brennan Eagles,DAL,WR,waivers,2965527
,Brennan Presley,LAR,WR,waivers,3169136
,Brenton Strange,JAC,TE,waivers,3121696
,Brett Gabbert,MIA,QB,waivers,3123271
,Brett Rypien,HOU,QB,waivers,2181392
,Brevin Easton,JAC,WR,waivers,28887494
,Brevin Jordan,HOU,TE,waivers,2964787
,Brevyn Spann-Ford,DAL,TE,waivers,2961760
,Brian Cobbs,ARI,WR,waivers,2961430
,Brian Lewerke,NYG,QB,waivers,2186429
,Brian Thomas Jr.,JAC,WR,,3132164
,Brian Walker,BAL,TE,waivers,29113614
,Briley Moore-McKinney,TEN,TE,waivers,2247169
,Britain Covey,PHI,WR,waivers,2185571
,British Brooks,HOU,RB,waivers,2961993
,Brittain Brown,CHI,RB,waivers,2249805
,Brock Lampe,SEA,RB,waivers,26701144
,Brock Purdy,SF,QB,,2961306
,Brock Rechsteiner,NO,WR,waivers,26725349
,Brock Wright,DET,TE,waivers,2807423
,Broncos,DEN,DST,,1909
,Browns,CLE,DST,waivers,1930
,Bruce Anderson,IND,RB,waivers,2190739
,Bruno Labelle,ARI,TE,waivers,2240557
,Bryan Thompson,BUF,WR,waivers,2827539
,Bryant Koback,SEA,RB,waivers,2803780
,Bryant Mitchell,TB,WR,waivers,3103642
,Bryce Ford-Wheaton,NYG,WR,waivers,2963723
,Bryce Lance,NO,WR,waivers,26725855
,Bryce Love,WAS,RB,waivers,2186835
,Bryce Oliver,TEN,WR,waivers,2967309
,Bryce Perkins,CAR,QB,waivers,3159114
,Bryce Pierre,CAR,TE,waivers,28877722
,Bryce Young,CAR,QB,waivers,3161957
,Brycen Tremayne,CAR,WR,waivers,2967463
,Bryson Green,ARI,WR,waivers,26696745
,Bryson Nesbit,MIN,TE,waivers,26695112
,Bub Means,CLE,WR,waivers,3123413
,Buccaneers,TB,DST,waivers,1927
,Bug Howard,TB,WR,waivers,2060469
,C.J. Beathard,DET,QB,waivers,1998463
,C.J. Conrad,NYG,TE,waivers,2180481
,C.J. Ham,MIN,RB,waivers,2237239
,C.J. Johnson,SEA,WR,waivers,3123939
,C.J. Stroud,HOU,QB,waivers,3163079
,C.J. Uzomah,PHI,TE,waivers,2174118
,CJ Daniels,LAR,WR,waivers,3167404
,CJ Dippre,TB,TE,waivers,26698858
,CJ Donaldson,NO,RB,waivers,28900249
,CJ Marable,NE,RB,waivers,2239828
,CJ Verdell,IND,RB,waivers,2866324
,CJ Williams,JAC,WR,waivers,28875641
,Cade Brewer,SEA,TE,waivers,2868649
,Cade Klubnik,NYJ,QB,waivers,28874636
,Cade McDonald,CLE,WR,waivers,3132630
,Cade Otton,TB,TE,waivers,2815179
,Cade Stover,HOU,TE,waivers,3125978
,Cade York,NYJ,K,waivers,3121034
,Caden Davis,BUF,K,waivers,3124063
,Caden Prieskorn,CAR,TE,waivers,3162059
,Caleb Douglas,MIA,WR,waivers,28900321
,Caleb Lohner,DEN,TE,waivers,3177905
,Caleb Scott,LV,WR,waivers,2139757
,Caleb Williams,CHI,QB,,26695775
,Calvin Austin III,NYG,WR,waivers,2866214
,Calvin Jackson Jr.,MIA,WR,waivers,2968105
,Calvin Ridley,TEN,WR,waivers,2186328
,Calvin Tyler Jr.,CIN,RB,waivers,2870612
,Cam Akers,SEA,RB,waivers,2804034
,Cam Grandy,MIN,TE,waivers,29148608
,Cam Johnson,CAR,WR,waivers,2966680
,Cam Little,JAC,K,,26702477
,Cam Miller,MIA,QB,waivers,3175318
,Cam Ross,DEN,WR,waivers,3122246
,Cam Skattebo,NYG,RB,,26697012
,Cam Sutton,SEA,TE,waivers,2968097
,Cam Ward,TEN,QB,waivers,3168422
,Camden Brown,DAL,WR,waivers,28877638
,Cameron Camper,NYJ,WR,waivers,28874582
,Cameron Dorner,NE,WR,waivers,29721343
,Cameron Latu,NE,TE,waivers,2964535
,Cameron Scarlett,SEA,RB,waivers,3161136
,Camerun Peoples,CAR,RB,waivers,2967422
,Camren McDonald,LAR,TE,waivers,2965370
,Cardinals,ARI,DST,waivers,1901
,Carl Tucker,MIA,TE,waivers,2179354
,Carlos Washington Jr.,MIA,RB,waivers,2867377
,Carnell Tate,TEN,WR,,29124411
,Carsen Ryan,CLE,TE,waivers,28873701
,Carson Beck,ARI,QB,waivers,3163129
,Carson Steele,PHI,RB,waivers,26698435
,Carson Strong,ARI,QB,waivers,2963002
,Carson Towt,IND,TE,waivers,3158076
,Carson Wentz,MIN,QB,waivers,1907522
,Carson Williams,LV,TE,waivers,2355180
,Carter Bradley,JAC,QB,waivers,2961526
,Carter Runyon,LV,TE,waivers,29184228
,Cary Angeline,PHI,TE,waivers,2242759
,Case Cookus,LAR,QB,waivers,2194263
,Case Keenum,CHI,QB,waivers,1137118
,Casey Bauman,LAC,QB,waivers,2965414
,Casey Washington,CAR,WR,waivers,3126493
,Cash Jones,ATL,RB,waivers,26738725
,Caullin Lacy,NYJ,WR,waivers,3172596
,Cedric Tillman,NO,WR,waivers,2962120
,Cedrick Wilson Jr.,DET,WR,waivers,2240685
,Cephus Johnson III,TB,WR,waivers,2868267
,Chad Kanoff,TB,QB,waivers,2092376
,Chamon Metayer,CAR,TE,waivers,26693575
,Chandler Brayboy,JAC,WR,waivers,3121489
,Changa Hodge,ARI,WR,waivers,2262609
,Charles Holland,CIN,WR,waivers,3117020
,Charles McClelland,TEN,RB,waivers,2965633
,Charles Scarff,BAL,TE,waivers,2141604
,Charleston Rambo,PHI,WR,waivers,2867306
,Charlie Jones,NYG,WR,waivers,2868959
,Charlie Kolar,LAC,TE,waivers,2866273
,Charlie Smyth,NO,K,waivers,29375393
,Charlie Taumoepeau,DET,TE,waivers,2183178
,Charlie Woerner,ATL,TE,waivers,2248629
,Chase Cota,CLE,WR,waivers,2965589
,Chase Curtis,NYJ,TE,waivers,3171155
,Chase Edmonds,WAS,RB,waivers,2137507
,Chase Garbers,LV,QB,waivers,2770158
,Chase Harrell,SF,TE,waivers,2179546
,Chase Litton,JAC,QB,waivers,2182351
,Chase McLaughlin,TB,K,waivers,2165272
,Chase Roberts,LV,WR,waivers,26728791
,Chevan Cordeiro,SEA,QB,waivers,2968919
,Cheyenne O'Grady,CIN,TE,waivers,2185503
,Chimere Dike,TEN,WR,waivers,3162452
,Chip Trayanum,NYJ,RB,waivers,3162240
,Chris Bell,MIA,WR,waivers,28877196
,Chris Blair,ATL,WR,waivers,2965618
,Chris Boswell,PIT,K,,1724930
,Chris Brazzell II,CAR,WR,waivers,26904572
,Chris Coleman,MIA,WR,waivers,2804779
,Chris Collier,LV,RB,waivers,3161765
,Chris Evans,CIN,RB,waivers,2260647
,Chris Finke,CHI,WR,waivers,2186662
,Chris Freeman,HOU,K,waivers,3169797
,Chris Godwin,TB,WR,,2818150
,Chris Hilton Jr.,GB,WR,waivers,26700928
,Chris Manhertz,NYG,TE,waivers,2167520
,Chris Moore,BAL,WR,waivers,1871375
,Chris Myarick,LV,TE,waivers,3117054
,Chris Oladokun,KC,QB,waivers,2261701
,Chris Olave,NO,WR,,2963666
,Chris Pierce Jr.,CAR,TE,waivers,2835008
,Chris Smith,SEA,RB,waivers,2962556
,Chris Tyree,NO,WR,waivers,3171678
,Christian Kirk,SF,WR,waivers,2180820
,Christian Scotland-Williamson,PIT,TE,waivers,2926331
,Christian Sims,LAR,TE,waivers,3133400
,Christian Trahan,CIN,TE,waivers,2961033
,Christian Wade,BUF,RB,waivers,3114045
,Christion Jones,MIA,WR,waivers,1893141
,Christopher Brooks,GB,RB,waivers,2962350
,Christopher Dunn,LAR,K,waivers,2963497
,Christopher Ezeala,BAL,RB,waivers,2926929
,Clayton Hatfield,IND,K,waivers,3116797
,Clayton Thorson,NYG,QB,waivers,2136556
,Clayton Tune,GB,QB,waivers,2964808
,Clint Ratkovich,ATL,RB,waivers,2241761
,Clyde Edwards-Helaire,KC,RB,waivers,2804554
,Cody Chrest,GB,WR,waivers,2241883
,Cody Fajardo,LV,QB,waivers,1749732
,Cody Hardy,NO,TE,waivers,28891820
,Cody Schrader,DEN,RB,waivers,28876935
,Cody White,SEA,WR,waivers,2865884
,Colbie Young,CIN,WR,waivers,28934874
,Colby Parkinson,LAR,TE,waivers,2867522
,Colby Suits,NYJ,QB,waivers,2966664
,Cole Burgess,PIT,WR,waivers,29362393
,Cole Fotheringham,NE,TE,waivers,2240503
,Cole Herdman,TEN,TE,waivers,2136567
,Cole Kelley,WAS,QB,waivers,2247069
,Cole Kmet,CHI,TE,waivers,2868619
,Cole McDonald,ARI,QB,waivers,2257005
,Cole Payton,PHI,QB,waivers,26725861
,Cole Turner,MIA,TE,waivers,2961855
,Coleman Bennett,MIA,RB,waivers,3163724
,Coleman Owen,IND,WR,waivers,3137926
,Colin Granger,CAR,TE,waivers,3177592
,Collin Johnson,LV,WR,waivers,2240315
,Collin Klein,FA,QB,waivers,1630750
,Colson Yankoff,WAS,TE,waivers,2961827
,Colston Loveland,CHI,TE,,28874696
,Colton Dowell,PIT,WR,waivers,2828751
,Colts,IND,DST,waivers,1912
,Commanders,WAS,DST,waivers,1929
,Connor Bazelak,TB,QB,waivers,3123601
,Connor Davis,CLE,TE,waivers,3170411
,Connor Heyward,LV,TE,waivers,2867599
,Connor Hulstein,NYJ,TE,waivers,26756957
,Connor Wedington,SEA,WR,waivers,2866341
,Cooper Kupp,SEA,WR,waivers,2006951
,Cooper Rush,ATL,QB,waivers,2000176
,Cordarrelle Patterson,PIT,RB,waivers,1996183
,Corey Acosta,SF,K,waivers,2176444
,Corey Crooms Jr.,DAL,WR,waivers,3123126
,Corey Kiner,NE,RB,waivers,26698879
,Corey Rucker,LV,WR,waivers,3163046
,Corey Sutton,DET,WR,waivers,2239648
,Corey Taylor II,CLE,RB,waivers,26734864
,Cornelius Johnson,BAL,WR,waivers,3133361
,Cornell Powell,PIT,WR,waivers,2239529
,Cortez Braham Jr.,BAL,WR,waivers,28919816
,Cortrelle Simpson,TB,WR,waivers,3117088
,Courtland Sutton,DEN,WR,,2218461
,Courtney Jackson,TEN,WR,waivers,3123345
,Craig Reynolds,WAS,RB,waivers,3117134
,Curtis Hodges,CAR,TE,waivers,2760856
,Curtis Samuel,BUF,WR,waivers,2131252
,Cyrus Holder,CHI,WR,waivers,2242794
,D'Andre Swift,CHI,RB,,2871710
,D'Eriq King,CAR,QB,waivers,2247544
,D'Ernest Johnson,TEN,RB,waivers,3117165
,D'Onta Foreman,CLE,RB,waivers,2139847
,D'Wayne Eskridge,MIA,WR,waivers,2252411
,D.J. Montgomery,IND,WR,waivers,3116788
,DJ Chark,ATL,WR,waivers,2131689
,DJ Giddens,IND,RB,waivers,26695679
,DJ Herman,MIA,RB,waivers,26734114
,DJ Rogers,DAL,TE,waivers,26693776
,DJ Thomas-Jones,PIT,TE,waivers,3168777
,DJ Turner,HOU,WR,waivers,2251084
,DJ Uiagalelei,LAC,QB,waivers,3162292
,DJ Williams,TB,RB,waivers,3122835
,DK Kaufman,SEA,RB,waivers,3161707
,DT Sheffield,NYJ,WR,waivers,29122875
,Da'Quan Felton,NYJ,WR,waivers,3128608
,DaMarkus Lodge,CIN,WR,waivers,2186347
,DaRon Brown,FA,WR,waivers,1762348
,DaVaris Daniels,NE,WR,waivers,1888751
,Dae'Quan Wright,CLE,TE,waivers,28874125
,Daewood Davis,CAR,WR,waivers,2867589
,Dai'Jean Dixon,NO,WR,waivers,2864965
,Daijun Edwards,PIT,RB,waivers,3163944
,Daje Johnson,ATL,WR,waivers,1996830
,Dalen Cambre,NYG,WR,waivers,3131659
,Dalevon Campbell,LAC,WR,waivers,3126518
,Dallas Daniels,DEN,WR,waivers,3166474
,Dallen Bentley,DEN,TE,waivers,29164633
,Dallin Holker,NO,TE,waivers,2975555
,Dalton Keene,HOU,TE,waivers,2805113
,Dalton Schoen,KC,WR,waivers,2179601
,Dalton Schultz,HOU,TE,waivers,2136748
,Dalyn Williams,CHI,QB,waivers,2241450
,Dameon Pierce,PHI,RB,waivers,2964236
,Damien Alford,NO,WR,waivers,3168395
,Damien Caffrey,CHI,TE,waivers,3138466
,Damien Martinez,GB,RB,waivers,28873395
,Damion Jeanpiere,CAR,WR,waivers,3117009
,Damon Bankston,NYG,RB,waivers,26725313
,Damon Hazelton,HOU,WR,waivers,2252367
,Dan Chisena,CAR,WR,waivers,3159144
,Dan Conroy,FA,K,waivers,1631001
,Dan Villari,LAR,TE,waivers,3169258
,Dane Key,DEN,WR,waivers,28873407
,Daniel Arias,ARI,WR,waivers,2966863
,Daniel Bellinger,TEN,TE,waivers,2963615
,Daniel Carlson,NO,K,waivers,2079862
,Daniel Crawford,GB,TE,waivers,2188929
,Daniel Jackson,HOU,WR,waivers,3178022
,Daniel Jones,IND,QB,,2179245
,Daniel Sobkowicz,HOU,WR,waivers,26716333
,Danny Davis,GB,WR,waivers,2866956
,Danny Etling,GB,QB,waivers,2060804
,Danny Gray,PHI,WR,waivers,3168336
,Dante Miller,NYG,RB,waivers,2961818
,Dante Pettis,BUF,WR,waivers,2139642
,Dare Ogunbowale,LV,RB,waivers,2010409
,Darece Roberson Jr.,SEA,WR,waivers,26654230
,Dareke Young,LV,WR,waivers,27017067
,Darion Clark,CHI,TE,waivers,3157668
,Darius Anderson,HOU,RB,waivers,2240319
,Darius Clark,CAR,RB,waivers,26642430
,Darius Cooper,PHI,WR,waivers,3165205
,Darius Hagans,PIT,RB,waivers,29113333
,Darius Lassiter,JAC,WR,waivers,28874276
,Darius Slayton,NYG,WR,waivers,2183982
,Darnell Holland,NO,RB,waivers,3117071
,Darnell Mooney,NYG,WR,waivers,2240651
,Darnell Washington,PIT,TE,waivers,3163963
,Darren Waller,CAR,TE,waivers,1850793
,Darrin Hall,PIT,RB,waivers,3116786
,Darrynton Evans,BUF,RB,waivers,2240806
,David Bell,CLE,WR,waivers,3131708
,David Durden,DAL,WR,waivers,2836832
,David Martin-Robinson,TEN,TE,waivers,2962690
,David Montgomery,HOU,RB,,2261252
,David Moore,CAR,WR,waivers,2818351
,David Njoku,LAC,TE,waivers,2136474
,David Sills,TB,WR,waivers,2179491
,David Wallis,NE,WR,waivers,29383209
,Davis Allen,LAR,TE,waivers,3123267
,Davis Cheek,CAR,QB,waivers,2816170
,Davis Mills,HOU,QB,waivers,2867381
,Davon Booth,IND,RB,waivers,29122230
,Davon Grayson,KC,WR,waivers,2080267
,Davonte Allen,BUF,WR,waivers,1892454
,Dawson Knox,BUF,TE,waivers,2186345
,Dax Milne,CAR,WR,waivers,2975629
,Dax Raymond,PIT,TE,waivers,2189163
,Dayton Wade,BAL,WR,waivers,3121829
,De'Montre Tuggle,CHI,RB,waivers,3125318
,De'Mornay Pierson-El,DEN,WR,waivers,2925144
,De'Quan Hampton,SEA,WR,waivers,2180325
,De'Von Achane,MIA,RB,,3171161
,De'Zhaun Stribling,SF,WR,,26696676
,DeAndre Carter,CLE,WR,waivers,2174795
,DeAndre Hopkins,BAL,WR,waivers,1737078
,DeAndre Thompkins,GB,WR,waivers,2131257
,DeAndre Torrey,PHI,RB,waivers,2960960
,DeAngelo Hardy,BAL,WR,waivers,29376463
,DeShon Williams,SEA,TE,waivers,2868230
,DeVonte Christopher,FA,WR,waivers,1621175
,DeVonte Dedmon,MIA,WR,waivers,2137691
,DeVontres Dukes,DEN,WR,waivers,2261694
,DeWayne McBride,MIN,RB,waivers,3168024
,Dean Connors,LAR,RB,waivers,28874921
,Dean Patterson,TB,WR,waivers,26696444
,Dedrick Mills,DET,RB,waivers,2239541
,Dee Hart,FA,RB,waivers,1824784
,DeeJay Dallas,MIN,RB,waivers,2804094
,Deion Burks,IND,WR,waivers,26694367
,Deion Hankins,CHI,RB,waivers,3133199
,Demarcus Robinson,SF,WR,waivers,2061095
,Demario Douglas,NE,WR,waivers,3126241
,Demario Richard,ATL,RB,waivers,2131493
,Demeer Blankumsee,NE,WR,waivers,3166844
,Demetric Felton,WAS,RB,waivers,2240193
,Demetris Robertson,SEA,WR,waivers,2250830
,Demond Claiborne,MIN,RB,waivers,28883197
,Deneric Prince,NE,RB,waivers,2964540
,Dennis Houston,TB,WR,waivers,2866062
,Denzel Boston,CLE,WR,waivers,28875368
,Deon Cain,BUF,WR,waivers,2179211
,Deon Jackson,DET,RB,waivers,2866237
,Deonte Harty,BAL,WR,waivers,3116892
,Deontez Alexander,SEA,WR,waivers,2926949
,Derek Carr,NO,QB,waivers,1664819
,Derek Wright,CAR,WR,waivers,3124074
,Derius Davis,LAC,WR,waivers,2966544
,Derrick Deese Jr.,DET,TE,waivers,2969083
,Derrick Dillon,CLE,WR,waivers,2180617
,Derrick Johnson,NYG,WR,waivers,2130883
,Deshaun Fenwick,GB,RB,waivers,2965278
,Deshaun Watson,CLE,QB,waivers,2133482
,Desmond Reid,BUF,RB,waivers,28911101
,Desmond Ridder,GB,QB,waivers,2864759
,Detrich Clark,ATL,WR,waivers,2925203
,Deuce Vaughn,HOU,RB,waivers,3168666
,Devante Davis,PHI,WR,waivers,1868418
,Deven Thompkins,LV,WR,waivers,2969006
,Devin Carter,CAR,WR,waivers,2966243
,Devin Culp,TB,TE,waivers,2967413
,Devin Duvernay,ARI,WR,waivers,2246849
,Devin Gray,KC,WR,waivers,2925207
,Devin Leary,BAL,QB,waivers,2964337
,Devin Neal,NO,RB,waivers,26703005
,Devin Ross,LV,WR,waivers,2082532
,Devin Singletary,NYG,RB,waivers,2241251
,Devon Garrison,SEA,TE,waivers,29456571
,Devon Ramsay,FA,RB,waivers,1243006
,Devon Williams,BAL,WR,waivers,2966004
,Devonte Robinson,GB,WR,waivers,2139449
,Devonte Ross,LAC,WR,waivers,26703014
,Devontez Walker,BAL,WR,waivers,26702084
,Devron Harper,MIN,WR,waivers,3121796
,Dez Fitzpatrick,LAC,WR,waivers,2251151
,Diego Pavia,BAL,QB,waivers,28873851
,Dillon Bell,MIN,WR,waivers,28903382
,Dillon Gabriel,CLE,QB,waivers,3121534
,Dillon Johnson,CAR,RB,waivers,3171023
,Dillon Mitchell,MIN,WR,waivers,2221967
,Dimitri Stanley,GB,WR,waivers,2962329
,Diontae Johnson,CLE,WR,waivers,2194164
,Dohnte Meyers,CIN,WR,waivers,2978569
,Dolphins,MIA,DST,waivers,1915
,Dom Wood-Anderson,SEA,TE,waivers,2967157
,Dominic Lovett,DET,WR,waivers,26696063
,Dominic Richardson,NYJ,RB,waivers,3161882
,Dominic Zvada,NYG,K,waivers,28876817
,Dominique Dafney,CAR,TE,waivers,3172375
,Donald Parham Jr.,PIT,TE,waivers,2183713
,Donaven McCulley,MIA,WR,waivers,26702279
,Donovan Edwards,MIA,RB,waivers,26697211
,Donovan Peoples-Jones,NO,WR,waivers,2819119
,Dont'e Thornton Jr.,LV,WR,waivers,26694424
,Dontae Fleming,MIN,WR,waivers,3164185
,Dontae McMillan,BAL,RB,waivers,3121365
,Dontario Drummond,DAL,WR,waivers,3122376
,Dontay Demus Jr.,BAL,WR,waivers,2963923
,Dontayvion Wicks,PHI,WR,waivers,3122375
,Donte Sylencieux,BAL,WR,waivers,26664285
,Dorian Singer,JAC,WR,waivers,26730616
,Dorian Thompson-Robinson,PHI,QB,waivers,2964729
,Drake Dabney,GB,TE,waivers,3168310
,Drake Stoops,LAR,WR,waivers,2961345
,Dresser Winn,LAR,QB,waivers,2828767
,Drew Allar,PIT,QB,waivers,28876938
,Drew Anderson,ARI,QB,waivers,3117010
,Drew Belcher,WAS,TE,waivers,3117011
,Drew Biber,CLE,TE,waivers,26727217
,Drew Estrada,HOU,WR,waivers,2242283
,Drew Lock,SEA,QB,waivers,2185479
,Drew Plitt,CIN,QB,waivers,2252376
,Drew Sample,CIN,TE,waivers,2139646
,Drew Stevens,WAS,K,waivers,28873746
,Duece Watts,PIT,WR,waivers,3163069
,Durham Smythe,BAL,TE,waivers,2082845
,Dustin Crum,KC,QB,waivers,2867334
,Dustin Hopkins,CLE,K,waivers,1664151
,Dy'Shawn Mobley,CIN,RB,waivers,1995653
,Dyami Brown,WAS,WR,waivers,2965973
,Dylan Cantrell,WAS,WR,waivers,2080023
,Dylan Drummond,ATL,WR,waivers,2963946
,Dylan Laube,LV,RB,waivers,2964322
,Dylan Leonard,DEN,TE,waivers,3127183
,Dylan Parham,DEN,TE,waivers,2223195
,Dylan Sampson,CLE,RB,waivers,28912068
,Dylan Soehner,NO,TE,waivers,2261259
,Dymere Miller,NYJ,WR,waivers,3163055
,E.J. Jenkins,PHI,TE,waivers,2820917
,E.J. Perry,JAC,QB,waivers,2804090
,E.J. Williams Jr.,LV,WR,waivers,3162445
,EJ Horton Jr.,IND,WR,waivers,3168807
,EJ Smith,KC,RB,waivers,3163764
,Easop Winston,NYJ,WR,waivers,3159184
,Easton Stick,TB,QB,waivers,2137911
,Ed Lee,NE,WR,waivers,2830185
,Eddy Pineiro,SF,K,,2221833
,Efton Chism III,NE,WR,waivers,3163509
,Eli Heidenreich,PIT,RB,waivers,28901170
,Eli Pancol,IND,WR,waivers,3121378
,Eli Raridon,NE,TE,waivers,28924611
,Eli Stove,LAC,WR,waivers,2241806
,Eli Stowers,PHI,TE,waivers,26696120
,Eli Wilson,CLE,RB,waivers,3172301
,Eli Wolf,WAS,TE,waivers,3161106
,Elic Ayomanor,TEN,WR,waivers,28900714
,Elijah Arroyo,SEA,TE,waivers,26700496
,Elijah Collins,CIN,RB,waivers,2961847
,Elijah Cooks,CAR,WR,waivers,2804732
,Elijah Dotson,ATL,RB,waivers,2830007
,Elijah Higgins,ARI,TE,waivers,3122914
,Elijah Mitchell,PHI,RB,waivers,2819876
,Elijah Moore,PHI,WR,waivers,2963569
,Elijah Sarratt,BAL,WR,waivers,28888850
,Elijah Tau-Tolliver,BAL,RB,waivers,26697830
,Elijah Young,BUF,RB,waivers,3161976
,Elijhah Badger,KC,WR,waivers,3163150
,Ellis Merriweather,GB,RB,waivers,3161644
,Emani Bailey,CAR,RB,waivers,3164304
,Emanuel Hall,WAS,WR,waivers,2185471
,Emanuel Wilson,SEA,RB,waivers,29104952
,Emari Demercado,DAL,RB,waivers,2964372
,Emeka Emezie,ATL,WR,waivers,2867204
,Emmanuel Butler,NO,WR,waivers,2142440
,Emmanuel Henderson Jr.,SEA,WR,waivers,28909837
,Emmett Johnson,KC,RB,waivers,28877097
,Emory Jones,ATL,QB,waivers,2967045
,Equanimeous St. Brown,SF,WR,waivers,2186674
,Eric Dungey,CIN,QB,waivers,3116821
,Eric Gray,NYG,RB,waivers,3123569
,Eric Rivers,TB,WR,waivers,29122776
,Eric Saubert,SEA,TE,waivers,2001018
,Erick All,CIN,TE,waivers,3121555
,Erik Ezukanma,PHI,WR,waivers,2962352
,Erik Krommenhoek,LAC,TE,waivers,2868233
,Ethan Conner,MIA,TE,waivers,29121831
,Ethan Garbers,CAR,QB,waivers,3162542
,Evan Engram,DEN,TE,waivers,2079887
,Evan Hull,ARI,RB,waivers,3124679
,Evan McPherson,CIN,K,,2962681
,Evan Svoboda,LAC,TE,waivers,28877391
,Falcons,ATL,DST,waivers,1902
,Feleipe Franks,CAR,TE,waivers,2221829
,Felix Harper,CLE,QB,waivers,2261052
,Felton Davis,KC,WR,waivers,2186422
,Fernando Mendoza,LV,QB,waivers,28916321
,Foster Moreau,HOU,TE,waivers,2180634
,Frank Gore Jr.,BUF,RB,waivers,3172189
,Gabe Brkic,GB,K,waivers,2962313
,Gabe Davis,BUF,WR,waivers,2804813
,Gabriel Benyard,CAR,WR,waivers,29417586
,Gabriel Plascencia,CHI,K,waivers,29120994
,Gage Larvadain,CLE,WR,waivers,26718347
,Gardner Minshew,ARI,QB,waivers,2183083
,Garett Maag,MIN,WR,waivers,2962429
,Garrett Greene,TB,WR,waivers,3162974
,Garrett Groshek,MIN,RB,waivers,2251875
,Garrett Nussmeier,KC,QB,waivers,26701706
,Garrett Walston,SF,TE,waivers,2239574
,Garrett Wilson,NYJ,WR,,3123864
,Gary Brightwell,CIN,RB,waivers,2870531
,Gary Chambers,BUF,WR,waivers,1851098
,Gavin Bartholomew,MIN,TE,waivers,26702972
,Gavin Hardison,MIA,QB,waivers,3133986
,Gavin Holmes,TEN,WR,waivers,2868689
,Gee Scott Jr.,NYJ,TE,waivers,3163073
,Geno Smith,NYJ,QB,waivers,1700358
,Geoff Swaim,CLE,TE,waivers,2174207
,Geor'quarius Spivey,KC,TE,waivers,2965537
,George Aston,NYG,RB,waivers,3116741
,George Holani,SEA,RB,waivers,3131661
,George Kittle,SF,TE,,2818265
,George Pickens,DAL,WR,,3123212
,Gerald Everett,CHI,TE,waivers,2142692
,Germie Bernard,PIT,WR,waivers,28878358
,Gerrid Doaks,HOU,RB,waivers,2240551
,Gerrit Prince,KC,TE,waivers,2969148
,Giants,NYG,DST,waivers,1918
,Giles Jackson,PHI,WR,waivers,3133264
,Giovanni Ricci,DET,TE,waivers,2189091
,Golden Tate,TEN,WR,waivers,1265470
,Graham Adomitis,IND,TE,waivers,2184656
,Graham Gano,NYG,K,waivers,558839
,Graham Mertz,HOU,QB,waivers,3122664
,Grant Calcaterra,PHI,TE,waivers,2804129
,Grant DuBose,BUF,WR,waivers,26720345
,Grant Finley,NYG,RB,waivers,50063058
,Grayson Gunter,JAC,TE,waivers,2247058
,Greg Bell,PIT,RB,waivers,3137978
,Greg Desrosiers Jr.,LAC,RB,waivers,26697079
,Greg Dortch,DET,WR,waivers,2223207
,Greg Dulcich,MIA,TE,waivers,2964274
,Greg Joseph,LV,K,waivers,2926810
,Greg Zuerlein,NYJ,K,waivers,1971893
,Griffin Hebert,PHI,TE,waivers,2816291
,Griffin Neal,NO,QB,waivers,2233463
,Gunnar Helm,TEN,TE,waivers,26696189
,Gunnar Oakes,DET,TE,waivers,2805178
,Gunner Olszewski,NYG,WR,waivers,3117210
,Gus Edwards,LAC,RB,waivers,2925410
,Hakeem Butler,DEN,TE,waivers,2185654
,Hal Presley,TEN,WR,waivers,26727031
,Hamze El-Zayat,NYJ,WR,waivers,2820465
,Hank Beatty,TEN,WR,waivers,28915401
,Harold Fannin Jr.,CLE,TE,,28900882
,Harrison Bryant,SEA,TE,waivers,2241240
,Harrison Butker,KC,K,,2078888
,Harrison Wallace III,ARI,WR,waivers,26698495
,Harvey Binford,IND,WR,waivers,2252503
,Hassan Hall,ARI,RB,waivers,2960978
,Hassan Haskins,NE,RB,waivers,2968506
,Hayden Hatten,SEA,WR,waivers,3125550
,Hayden Hurst,LAC,TE,waivers,2185053
,Hayden Large,CHI,TE,waivers,29122200
,Hayden Rucci,SF,TE,waivers,3131519
,Haynes King,CAR,QB,waivers,3162966
,Heinrich Haarberg,CAR,TE,waivers,26701120
,Hendon Hooker,TEN,QB,waivers,2805110
,Henry Litwin,CHI,WR,waivers,28869012
,Holton Ahlers,SEA,QB,waivers,2962387
,Hunter Dekkers,NO,QB,waivers,3164837
,Hunter Long,ARI,TE,waivers,2867428
,Hunter Luepke,DAL,RB,waivers,2969438
,Hunter Renfrow,CAR,WR,waivers,2144726
,Hunter Thedford,CLE,TE,waivers,2180777
,Ian Thomas,LV,TE,waivers,2253359
,Ian Wheeler,BUF,RB,waivers,3126061
,Ife Adeyi,PHI,WR,waivers,3124097
,Ihmir Smith-Marsette,ARI,WR,waivers,2865894
,Irv Smith,HOU,TE,waivers,2257888
,Irvin Charles,SEA,WR,waivers,2185963
,Isaac Guerendo,SF,RB,waivers,2964154
,Isaac Rex,LAC,TE,waivers,3127763
,Isaac TeSlaa,DET,WR,waivers,29122587
,Isaac Zico,ARI,WR,waivers,3117099
,Isaiah Bond,CLE,WR,waivers,28910521
,Isaiah Bowser,BUF,RB,waivers,2966767
,Isaiah Davis,NYJ,RB,waivers,26718641
,Isaiah Hodgins,NYG,WR,waivers,2783899
,Isaiah McKoy,IND,WR,waivers,2965743
,Isaiah Neyor,GB,WR,waivers,3121203
,Isaiah Searight,NYG,TE,waivers,2182104
,Isaiah Spiller,LV,RB,waivers,3131703
,Isaiah Washington,BAL,WR,waivers,2256694
,Isaiah Weston,CLE,WR,waivers,2247180
,Isaiah Williams,NYJ,WR,waivers,3126581
,Isaiah Winstead,PIT,WR,waivers,2835033
,Isaiah Wooden,CLE,WR,waivers,3139308
,Isi Sofele,FA,RB,waivers,1679913
,Isiah Pacheco,DET,RB,waivers,2966551
,Israel Abanikanda,DAL,RB,waivers,3163291
,Izaiah Gathings,KC,TE,waivers,2961109
,J'Mari Taylor,JAC,RB,waivers,26726239
,J. Michael Sturdivant,GB,WR,waivers,26723673
,J.C. Copeland,NYJ,RB,waivers,1752358
,J.J. Jones,JAC,WR,waivers,26701622
,J.J. McCarthy,MIN,QB,waivers,26695214
,J.J. Taylor,HOU,RB,waivers,2252786
,J.K. Dobbins,DEN,RB,,2804420
,J.T. Barrett,PIT,QB,waivers,2060760
,JJ Galbreath,IND,TE,waivers,26719274
,JJ Howland,TB,TE,waivers,2864966
,JJ Laap,LAR,WR,waivers,29379354
,JJ Molson,GB,K,waivers,2240197
,JP Richardson,CHI,WR,waivers,26693430
,Ja'Corey Brooks,WAS,WR,waivers,26702195
,Ja'Lynn Polk,NO,WR,waivers,3162664
,Ja'Mori Maclin,BUF,WR,waivers,3162257
,Ja'Quinden Jackson,PHI,RB,waivers,3168195
,Ja'Tavion Sanders,CAR,TE,waivers,26731381
,Ja'seem Reed,CAR,WR,waivers,26717711
,JaMycal Hasty,NE,RB,waivers,2189504
,JaQuae Jackson,LAC,WR,waivers,29166460
,JaVonta Payton,ARI,WR,waivers,3126147
,Jaaron Hayek,KC,WR,waivers,3128825
,Jabari Small,DET,RB,waivers,3171876
,Jacardia Wright,SEA,RB,waivers,3124997
,Jack Bech,LV,WR,waivers,26700682
,Jack Coan,IND,QB,waivers,2804446
,Jack Colletto,PIT,RB,waivers,2962220
,Jack Endries,CIN,TE,waivers,28916552
,Jack Plummer,CAR,QB,waivers,2961162
,Jack Podlesny,GB,K,waivers,2975696
,Jack Sorenson,CIN,WR,waivers,2240110
,Jack Stoll,CLE,TE,waivers,2239684
,Jack Strand,ATL,QB,waivers,50048640
,Jack Velling,ATL,TE,waivers,28923845
,Jack Westover,WAS,TE,waivers,2964293
,Jackson Acker,BUF,RB,waivers,26726610
,Jackson Hawes,BUF,TE,waivers,3135324
,Jackson Meeks,DET,WR,waivers,26700892
,Jacob Breeland,BAL,TE,waivers,2180288
,Jacob Clark,LV,QB,waivers,3123588
,Jacob Copeland,PIT,WR,waivers,2964883
,Jacob Cowing,SF,WR,waivers,3133200
,Jacob De Jesus,KC,WR,waivers,29121519
,Jacob Harris,TB,TE,waivers,2189290
,Jacob Saylors,DET,RB,waivers,2976071
,Jacob Sirmon,CLE,QB,waivers,2964138
,Jacob Warren,NE,TE,waivers,2963488
,Jacoby Brissett,ARI,QB,waivers,1877247
,Jacoby Jones,WAS,WR,waivers,28878082
,Jacolby George,CAR,WR,waivers,26700358
,Jadakis Bonds,GB,WR,waivers,2982608
,Jaden Bradley,WAS,WR,waivers,26713355
,Jaden Nixon,GB,RB,waivers,26727476
,Jaden Oberkrom,CLE,K,waivers,1996859
,Jaden Shirden,CAR,RB,waivers,26693614
,Jaden Smith,DAL,WR,waivers,3133126
,Jadon Haselwood,PHI,WR,waivers,3122363
,Jadon Janke,GB,WR,waivers,2976448
,Jaelen Gill,CLE,WR,waivers,2967603
,Jaelon Darden,SEA,WR,waivers,2836391
,Jahan Dotson,ATL,WR,waivers,2962944
,Jahdae Walker,CHI,WR,waivers,29174299
,Jaheim Bell,PIT,TE,waivers,3169583
,Jahmal Banks,BAL,WR,waivers,3162810
,Jaivon Heiligh,CIN,WR,waivers,2962413
,Jake Bates,DET,K,,3173439
,Jake Bobo,SEA,WR,waivers,2962336
,Jake Briningstool,KC,TE,waivers,26697836
,Jake Browning,TB,QB,waivers,2180355
,Jake Burt,NE,TE,waivers,3159209
,Jake Dolegala,MIA,QB,waivers,3117019
,Jake Elliott,PHI,K,waivers,2080295
,Jake Ferguson,DAL,TE,,2867159
,Jake Fromm,DET,QB,waivers,2803326
,Jake Haener,NYG,QB,waivers,2815170
,Jake Hausmann,WAS,TE,waivers,2260981
,Jake Herslow,SEA,WR,waivers,2252298
,Jake Moody,BAL,K,waivers,2968527
,Jake Phillips,PIT,TE,waivers,2253478
,Jake Roh,ATL,TE,waivers,2925215
,Jake Tonges,SF,TE,waivers,2870660
,Jake Verity,TB,K,waivers,2247367
,Jakob Johnson,HOU,RB,waivers,3114047
,Jakobi Meyers,JAC,WR,waivers,2183835
,Jakobie Keeney-James,PIT,WR,waivers,3122024
,Jaleel McLaughlin,CLE,RB,waivers,26725939
,Jalen Brooks,ARI,WR,waivers,3165078
,Jalen Hurd,NE,WR,waivers,2131633
,Jalen Jackson,JAC,RB,waivers,2968156
,Jalen McCleskey,NO,WR,waivers,2185697
,Jalen McMillan,TB,WR,waivers,3162347
,Jalen Milroe,SEA,QB,waivers,26694943
,Jalen Moreno-Cropper,NO,WR,waivers,3122722
,Jalen Morton,IND,QB,waivers,3159098
,Jalen Nailor,LV,WR,,2967232
,Jalen Reagor,MIA,WR,waivers,2803733
,Jalen Royals,KC,WR,waivers,28924106
,Jalen Sample,WAS,WR,waivers,29100602
,Jalen Tolbert,MIA,WR,waivers,2868238
,Jalen Virgil,BUF,WR,waivers,2240825
,Jalen Walthall,NYJ,WR,waivers,26713535
,Jalen Wayne,GB,WR,waivers,2869352
,Jalen White,GB,RB,waivers,3166561
,Jalen Williams,NYG,WR,waivers,2820236
,Jalen Wydermyer,IND,TE,waivers,3131559
,Jalin Conyers,MIA,TE,waivers,3168876
,Jalin Hyatt,NYG,WR,waivers,3171911
,Jalon Calhoun,DET,WR,waivers,3124664
,Jalon Daniels,TB,QB,waivers,3166688
,Jam Miller,NE,RB,waivers,28875653
,Jamaal Pritchett,NYJ,WR,waivers,28877767
,Jamaal Williams,NO,RB,waivers,2001287
,Jamal Agnew,ATL,WR,waivers,2818264
,Jamal Custis,PIT,WR,waivers,2139136
,Jamal Haynes,CIN,RB,waivers,26698534
,Jamal Pettigrew,LAR,TE,waivers,2240263
,Jamari Thrash,CLE,WR,waivers,3127827
,Jameis Winston,NYG,QB,waivers,1998197
,James Blackman,MIA,QB,waivers,2866514
,James Butler,LV,RB,waivers,2164714
,James Conner,ARI,RB,waivers,2071585
,James Cook,BUF,RB,,2975698
,James McCourt,LV,K,waivers,2247018
,James Mitchell,DAL,TE,waivers,2963242
,James Morgan,ARI,QB,waivers,2180077
,James Proche,TEN,WR,waivers,2180769
,James Turner,GB,K,waivers,3133204
,Jameson Geers,ARI,TE,waivers,26694253
,Jameson Williams,DET,WR,,3125968
,Jamie Newman,PHI,QB,waivers,2223214
,Jamison Crowder,WAS,WR,waivers,1850749
,Jamoi Mayes,CIN,WR,waivers,26719064
,Jaquarii Roberson,LAR,WR,waivers,2805613
,Jaray Jenkins,PIT,WR,waivers,2965695
,Jared Baker,ARI,RB,waivers,1824667
,Jared Roberts,FA,K,waivers,2008709
,Jared Scott,IND,TE,waivers,2866491
,Jared Smart,ARI,WR,waivers,3123048
,Jared Wayne,HOU,WR,waivers,3126867
,Jared Wiley,KC,TE,waivers,3123819
,Jaren Hall,SEA,QB,waivers,2975722
,Jaren Kanak,TEN,TE,waivers,28875704
,Jaret Patterson,LAC,RB,waivers,2964701
,Jarquez Hunter,MIA,RB,waivers,26700820
,Jarrett Guarantano,DEN,QB,waivers,2247508
,Jarrett Stidham,DEN,QB,waivers,2180697
,Jarveon Howard,BUF,RB,waivers,2965481
,Jase McClellan,TB,RB,waivers,3162688
,Jashaun Corbin,DAL,RB,waivers,2965967
,Jason Bean,IND,QB,waivers,2962302
,Jason Brownlee,KC,WR,waivers,3170352
,Jason Sanders,NYJ,K,waivers,2131909
,Jauan Jennings,MIN,WR,waivers,2180514
,Javian Hawkins,LAR,RB,waivers,2965989
,Javon Baker,SF,WR,waivers,3170860
,Javon McKinley,PIT,WR,waivers,2260685
,Jawhar Jordan,HOU,RB,waivers,3121704
,Jawon Chisholm,PIT,RB,waivers,2185207
,Jaxon Janke,HOU,WR,waivers,2976447
,Jaxon Smith-Njigba,SEA,WR,,3162959
,Jaxson Dart,NYG,QB,,26694019
,Jay Rome,PIT,TE,waivers,1877289
,Jayden Higgins,HOU,WR,waivers,26708551
,Jayden Reed,GB,WR,,2967762
,Jaydn Ott,KC,RB,waivers,28876778
,Jaydon Blue,PHI,RB,waivers,28875227
,Jaylen Johnson,LAC,WR,waivers,2975613
,Jaylen Jones,LAC,WR,waivers,26698771
,Jaylen Smith,SEA,WR,waivers,2181185
,Jaylen Warren,PIT,RB,,3126535
,Jaylen Wright,MIA,RB,waivers,26698774
,Jaylin Lane,WAS,WR,waivers,3162484
,Jaylin Noel,HOU,WR,waivers,26697286
,Jaylon Moore,JAC,WR,waivers,2181988
,Jazz Ferguson,SEA,WR,waivers,2180620
,Je'Quan Burton,MIA,WR,waivers,2962576
,Jeff Caldwell,KC,WR,waivers,28900417
,Jeff Driskel,WAS,QB,waivers,1824745
,Jeff Foreman,LV,WR,waivers,3121012
,Jeff Weimer,KC,WR,waivers,28878520
,Jeff Wilson,MIA,RB,waivers,2925161
,Jelani Woods,NYJ,TE,waivers,2787078
,Jenson Stoshak,CAR,WR,waivers,2237669
,Jequez Ezzard,WAS,WR,waivers,2260702
,Jerand Bradley,LAC,WR,waivers,26701763
,Jeremiah Franklin,MIA,TE,waivers,28876766
,Jeremiah Hall,NYG,TE,waivers,2804133
,Jeremiah Haydel,LAR,WR,waivers,2815197
,Jeremiah Webb,NE,WR,waivers,3135525
,Jeremy Gallon,LV,WR,waivers,2129680
,Jeremy McNichols,WAS,RB,waivers,2139987
,Jeremy Ruckert,NYJ,TE,waivers,2965446
,Jeret Smith,KC,WR,waivers,2176561
,Jerjuan Newton,DEN,WR,waivers,3125586
,Jermaine Burton,CIN,WR,waivers,3163951
,Jermaine Terry II,CLE,TE,waivers,26700676
,Jermar Jefferson,MIN,RB,waivers,2964472
,Jerome Ford,WAS,RB,waivers,2966543
,Jerome Kapp,NYJ,WR,waivers,29118901
,Jerome Washington,ARI,TE,waivers,2179406
,Jerreth Sterns,LAR,WR,waivers,3123544
,Jerrion Ealy,KC,RB,waivers,3126859
,Jerry Jeudy,CLE,WR,waivers,2741201
,Jeshaun Jones,MIN,WR,waivers,2961918
,Jesse Matthews,ATL,WR,waivers,2976870
,Jets,NYJ,DST,waivers,1919
,Jha'Quan Jackson,TB,WR,waivers,3122336
,Jhamon Ausbon,PHI,WR,waivers,2758267
,Jibri Blount,MIA,TE,waivers,2202419
,Jimmy Garoppolo,LAR,QB,waivers,1760229
,Jimmy Holiday,KC,WR,waivers,3163391
,Jimmy Horn Jr.,CAR,WR,waivers,26717166
,Jimmy Kibble,NE,WR,waivers,28925542
,JoJo Ward,ARI,WR,waivers,3159155
,Joaquin Davis,PIT,WR,waivers,26726311
,Jody Fortson,KC,TE,waivers,3117124
,Joe Fagnano,BAL,QB,waivers,3121127
,Joe Flacco,CIN,QB,waivers,1250697
,Joe Milton III,DAL,QB,waivers,2962193
,Joe Mixon,HOU,RB,waivers,2131143
,Joe Royer,CLE,TE,waivers,3169621
,Joel Honigford,ARI,TE,waivers,2878156
,Joel Wilson,TEN,TE,waivers,2962072
,Joey Aguilar,JAC,QB,waivers,29123610
,John Baron,CHI,K,waivers,2144875
,John Bates,WAS,TE,waivers,2257291
,John Copenhaver,JAC,TE,waivers,3162185
,John FitzPatrick,GB,TE,waivers,2975736
,John Hall,SEA,WR,waivers,29119112
,John Hoyland,BAL,K,waivers,3174826
,John Hurst,IND,WR,waivers,3159214
,John Jackson III,CHI,WR,waivers,3123560
,John Jiles,NE,WR,waivers,29362392
,John Kelly,CLE,RB,waivers,2180519
,John Lovett,PIT,RB,waivers,2868681
,John Metchie III,CAR,WR,waivers,3121171
,John Michael Gyllenborg,KC,TE,waivers,26695610
,John Mitchell,SEA,WR,waivers,2252295
,John Paddock,ATL,QB,waivers,2963887
,John Parker Romo,ATL,K,waivers,2245258
,John Raine,ATL,TE,waivers,2241250
,John Rhys Plumlee,PIT,WR,waivers,3126959
,John Stephens Jr.,DAL,TE,waivers,2962043
,John Wolford,MIN,QB,waivers,2983467
,Johnathon Johnson,WAS,WR,waivers,3159233
,Johnnie Dixon,DAL,WR,waivers,2131248
,Johnny Johnson III,HOU,WR,waivers,2864938
,Johnny King,PHI,WR,waivers,3163632
,Johnny Lumpkin,GB,TE,waivers,2963046
,Johnny Mundt,PHI,TE,waivers,2818622
,Johnny Pascuzzi,LAC,TE,waivers,26699834
,Johnny Wilson,PHI,WR,waivers,3163268
,Jon'Vea Johnson,CHI,WR,waivers,2136691
,Jonathan Adams Jr.,DET,WR,waivers,2805617
,Jonathan Brady,LV,WR,waivers,28901278
,Jonathan Duhart,DET,WR,waivers,3117025
,Jonathan Garibay,DAL,K,waivers,3127678
,Jonathan Kim,CHI,K,waivers,3126558
,Jonathan Mingo,DAL,WR,waivers,3126905
,Jonathan Ward,BAL,RB,waivers,3159088
,Jonathon Brooks,CAR,RB,,26730706
,Jonathon Rumph,NYJ,WR,waivers,2175993
,Jonnu Smith,GB,TE,waivers,2081506
,Jontre Kirklin,SF,WR,waivers,2804559
,Jordan Akins,JAC,TE,waivers,2142712
,Jordan Bly,NYG,WR,waivers,26697040
,Jordan Byrd,PIT,RB,waivers,2969002
,Jordan Ellis,CIN,RB,waivers,2139040
,Jordan Hudson,DAL,WR,waivers,28875996
,Jordan James,SF,RB,waivers,28916212
,Jordan Matthews,CAR,WR,waivers,1759816
,Jordan Mims,PHI,RB,waivers,2804786
,Jordan Moore,CIN,WR,waivers,26698828
,Jordan Murray,CHI,TE,waivers,2963239
,Jordan Petaia,LAC,TE,waivers,29711196
,Jordan Ta'amu-Perifanos,MIN,QB,waivers,2758265
,Jordan Waters,LAR,RB,waivers,3124649
,Jordan Watkins,SF,WR,waivers,3164736
,Jordan Whittington,LAR,WR,waivers,3122843
,Jordan Williams-Lambert,CHI,WR,waivers,2237119
,Jose Barbon,DAL,WR,waivers,2963601
,Jose Borregales,TB,K,waivers,2262788
,Joseph Manjack IV,DEN,WR,waivers,26720249
,Joseph Ngata,PHI,WR,waivers,3122907
,Joseph Scates,JAC,WR,waivers,28873479
,Josh Allen,BUF,QB,,2181054
,Josh Babicz,GB,TE,waivers,2869854
,Josh Cameron,JAC,WR,waivers,26726935
,Josh Cuevas,BAL,TE,waivers,26706410
,Josh Downs,IND,WR,,3162970
,Josh Harper,LV,WR,waivers,1766833
,Josh Hokit,ARI,RB,waivers,2257897
,Josh Imatorbhebhe,JAC,WR,waivers,2240184
,Josh Jacobs,GB,RB,,2257876
,Josh Jarboe,FA,WR,waivers,1684461
,Josh Johnson,CIN,QB,waivers,1325808
,Josh Johnson,DET,WR,waivers,2867095
,Josh Kattus,CIN,TE,waivers,28901524
,Josh Kelly,HOU,WR,waivers,3121933
,Josh Love,CAR,QB,waivers,3159112
,Josh Oliver,MIN,TE,waivers,2184618
,Josh Palmer,BUF,WR,waivers,2867325
,Josh Pearson,TB,WR,waivers,3159217
,Josh Pitsenberger,HOU,RB,waivers,28938986
,Josh Reese,PHI,WR,waivers,2174982
,Josh Reynolds,NYJ,WR,waivers,2131796
,Josh Vann,CAR,WR,waivers,2965222
,Josh Whyle,GB,TE,waivers,2962513
,Josh Williams,TB,RB,waivers,3121241
,Josh Woodrum,WAS,QB,waivers,1893731
,Joshua Cephus,JAC,WR,waivers,3127909
,Joshua Dobbs,DET,QB,waivers,2071844
,Joshua Karty,ARI,K,waivers,3163734
,Joshua Kelley,TEN,RB,waivers,2183195
,Joshua Simon,ATL,TE,waivers,3123950
,Josiah Deguara,NYG,TE,waivers,2181108
,JuJu Smith-Schuster,NYG,WR,waivers,2139620
,Jude McAtamney,NYG,K,waivers,28922958
,Julian Hicks,SEA,WR,waivers,2866554
,Julian Hill,NE,TE,waivers,2961743
,Julius Chestnut,TEN,RB,waivers,2967664
,Junior Bergen,NYJ,WR,waivers,26731678
,Justice Hill,BAL,RB,waivers,2250388
,Justin Fields,KC,QB,waivers,1273205
,Justin Hall,MIN,WR,waivers,2865819
,Justin Herbert,LAC,QB,,2221960
,Justin Johnson,ARI,TE,waivers,3117392
,Justin Joly,MIA,TE,waivers,28927892
,Justin Jones,SEA,RB,waivers,3172156
,Justin Lockhart,KC,WR,waivers,3125802
,Justin Marshall,SEA,WR,waivers,2866624
,Justin Rigg,TEN,TE,waivers,2245145
,Justin Rohrwasser,NE,K,waivers,2194734
,Justin Shorter,LV,TE,waivers,2965077
,Justin Tucker,BAL,K,waivers,1985374
,Justin Tukes,PHI,TE,waivers,2174961
,Justin Watson,HOU,WR,waivers,2137198
,Justyn Ross,KC,WR,waivers,2965335
,Juwan Green,KC,WR,waivers,2967680
,Juwann Winfree,HOU,WR,waivers,3116589
,K.J. Costello,NO,QB,waivers,2251134
,K.J. Hamler,BUF,WR,waivers,2804432
,K.J. Osborn,TEN,WR,waivers,2184383
,KaVontae Turpin,DAL,WR,waivers,2180870
,Kadarius Calloway,TB,RB,waivers,29123778
,Kade Warner,TB,WR,waivers,2804353
,Kaden Davis,CHI,WR,waivers,28868815
,Kaden Prather,GB,WR,waivers,26694721
,Kaden Wetjen,PIT,WR,waivers,28876038
,Kai Locksley,MIA,WR,waivers,2186493
,Kairee Robinson,SEA,RB,waivers,3121812
,Kaleb Johnson,GB,RB,waivers,28875572
,Kalel Mullings,TEN,RB,waivers,3169471
,Kalif Jackson,MIA,TE,waivers,2180433
,Kalif Raymond,CHI,WR,waivers,1999329
,Kalija Lipscomb,TEN,WR,waivers,2247525
,Kalil Pimpleton,NYG,WR,waivers,2805116
,Kameron Brown,TB,WR,waivers,2191099
,Kameron Johnson,TB,WR,waivers,29380891
,Kamryn Pettway,MIN,RB,waivers,2139794
,Kansei Matsuzawa,LV,K,waivers,29154102
,Karan Higdon,HOU,RB,waivers,2185711
,Kareem Hunt,KC,RB,waivers,2079567
,Kawaan Baker,GB,WR,waivers,2264866
,Kay'ron Lynch-Adams,CAR,RB,waivers,3127817
,Kayshon Boutte,HOU,WR,waivers,3163170
,Kaytron Allen,WAS,RB,waivers,28875485
,Kazmeir Allen,WAS,WR,waivers,2962093
,Ke'Shawn Vaughn,SF,RB,waivers,2179704
,Ke'Shawn Williams,CIN,WR,waivers,3171149
,KeAndre Lambert-Smith,LAC,WR,waivers,3163041
,Keaontay Ingram,KC,RB,waivers,2962791
,Kearis Jackson,HOU,WR,waivers,2963747
,Keaton Mitchell,LAC,RB,waivers,3164710
,Kedon Slovis,GB,QB,waivers,3123467
,Keelan Marion,ATL,WR,waivers,3162048
,Keenan Allen,IND,WR,waivers,1737096
,Keenen Brown,HOU,TE,waivers,2139241
,Kehinde Oginni,ATL,TE,waivers,28867199
,Keilahn Harris,PIT,WR,waivers,29119117
,Keilan Robinson,NYJ,RB,waivers,3121310
,Keith Kirkwood,BAL,WR,waivers,2925874
,Keith Towbridge,WAS,TE,waivers,2819975
,Kejon Owens,MIN,RB,waivers,3165466
,Kekoa Crawford,KC,WR,waivers,2260488
,Keleki Latu,BUF,TE,waivers,26723643
,Kelly Akharaiyi,ARI,WR,waivers,28874246
,Kelly Bryant,FA,QB,waivers,2179210
,Kelvin Harmon,DAL,WR,waivers,2246942
,Kelvin McKnight,DEN,WR,waivers,2186057
,Kendall Milton,CIN,RB,waivers,3162977
,Kendre Miller,NO,RB,waivers,3162256
,Kendric Pryor,CIN,WR,waivers,2251888
,Kendrick Bourne,ARI,WR,waivers,2088428
,Kendrick Law,DET,WR,waivers,28874888
,Kene Nwangwu,NYJ,RB,waivers,2261254
,Kenji Bahar,BAL,QB,waivers,2182974
,Kennedy Brooks,PHI,RB,waivers,2867341
,Kenneth Harper,NYG,RB,waivers,2175119
,Kenny Fletcher Jr.,IND,TE,waivers,28873912
,Kenny McIntosh,SEA,RB,waivers,3121460
,Kenny Pickett,CAR,QB,waivers,2804969
,Kenny Yeboah,ARI,TE,waivers,2256993
,Kentrel Bullock,CIN,RB,waivers,3168827
,Kenyon Sadiq,NYJ,TE,waivers,29125433
,Kenzel Doe,PIT,WR,waivers,2185868
,Keon Coleman,BUF,WR,waivers,26717289
,Keric Wheatfall,PHI,WR,waivers,3122481
,Keshunn Abram,NYJ,WR,waivers,3126551
,Ketron Jackson Jr.,LV,WR,waivers,26698032
,Kevin Austin Jr.,NO,WR,waivers,2969073
,Kevin Coleman Jr.,MIA,WR,waivers,28909178
,Kevin Foelsch,PIT,TE,waivers,29380772
,Kevin Harris,JAC,RB,waivers,3122797
,Kevin Kassis,SEA,WR,waivers,2261023
,Kevin Marks Jr.,LAC,RB,waivers,2868972
,Kevin Shaa,CHI,WR,waivers,2965479
,Key'Shawn Smith,KC,WR,waivers,3161656
,Keytaon Thompson,DET,WR,waivers,2744571
,Khadarel Hodge,SF,WR,waivers,2954080
,Khalan Laborn,SF,RB,waivers,2867448
,Khalfani Muhammad,ARI,RB,waivers,2818380
,Khalil Dinkins,SF,TE,waivers,26697764
,Khalil Herbert,SF,RB,waivers,2253041
,Khalil McClain,MIA,WR,waivers,2866259
,Khalil Shakir,BUF,WR,,2969119
,Khalil Tate,PHI,WR,waivers,3159159
,Kimani Vidal,LAC,RB,waivers,3163421
,Kirk Cousins,LV,QB,waivers,1272574
,Kisean Johnson,GB,WR,waivers,26730190
,Ko Kieft,TB,TE,waivers,2239763
,Kobe Hudson,CAR,WR,waivers,3161851
,Kobe Lewis,SEA,RB,waivers,2962483
,Kobe Prentice,NYG,WR,waivers,28909320
,Kody Case,IND,WR,waivers,2867551
,Kolbe Katsis,DEN,WR,waivers,29423982
,Kole Taylor,CIN,TE,waivers,3163049
,Kole Wilson,CLE,WR,waivers,28950335
,Konata Mumpfield,LAR,WR,waivers,26694679
,Kris Leach,DEN,TE,waivers,2838551
,Kristian Wilkerson,ATL,WR,waivers,3161137
,Kurtis Rourke,SF,QB,waivers,3122216
,Kye Robichaux,DET,RB,waivers,26705587
,Kyle Allen,BUF,QB,waivers,2131782
,Kyle Dixon,NE,WR,waivers,50049245
,Kyle Juszczyk,SF,RB,waivers,1683145
,Kyle Markway,LAR,TE,waivers,2185055
,Kyle McCord,MIA,QB,waivers,26702687
,Kyle Monangai,CHI,RB,,3177368
,Kyle Philips,LV,WR,waivers,2966039
,Kyle Sheets,KC,WR,waivers,29379128
,Kyle Shurmur,WAS,QB,waivers,2180561
,Kyle Sloter,JAC,QB,waivers,2820013
,Kyle Trask,CAR,QB,waivers,2221839
,Kyle Williams,NE,WR,waivers,3167684
,Kylen Granson,TEN,TE,waivers,2247146
,Kyler Murray,MIN,QB,waivers,2180829
,Kyre Duplessis,DEN,WR,waivers,26699047
,Kyrese Rowan,DEN,WR,waivers,3131544
,Kyron Drones,GB,QB,waivers,26698149
,Kyron Hudson,CHI,WR,waivers,26720252
,La'Michael Pettway,NE,TE,waivers,2185504
,LaJohntay Wester,BAL,WR,waivers,3170389
,LaQuvionte Gonzalez,LAR,WR,waivers,2925157
,LaVance Taylor,KC,RB,waivers,2185128
,Lachlan Pitts,CHI,TE,waivers,2818058
,Laith Marjan,PIT,K,waivers,26693647
,Lake McRee,PIT,TE,waivers,26697547
,Lamar Jackson,BAL,QB,,2181169
,Lan Larison,NE,RB,waivers,3161645
,Lance Mason,PIT,TE,waivers,28936051
,Lance McCutcheon,TEN,WR,waivers,2836356
,Landon Lenoir,CHI,WR,waivers,2247199
,Landon Parker,IND,WR,waivers,2962034
,Laquon Treadwell,IND,WR,waivers,2079899
,Latreal Jones,TB,WR,waivers,28875290
,Laviska Shenault Jr.,BUF,WR,waivers,2866321
,Lawrance Toafili,NYJ,RB,waivers,3164862
,Lawrence Cager,WAS,TE,waivers,2183845
,Lawrence Keys III,DET,WR,waivers,2969108
,Layne Pryor,HOU,TE,waivers,26729515
,Le'Meke Brockington,ATL,WR,waivers,26695012
,Le'Veon Moss,MIA,RB,waivers,28923721
,LeQuint Allen,JAC,RB,waivers,28877884
,Leddie Brown,LAC,RB,waivers,2963315
,Lenny Krieg,GB,K,waivers,29711189
,Leon Johnson III,LAC,WR,waivers,29125075
,Leonard Taylor,JAC,TE,waivers,2966865
,Levi Lewis,SEA,QB,waivers,2819874
,Levi Wentz,PIT,WR,waivers,3164057
,Lew Nichols,PIT,RB,waivers,3121706
,Lewis Bond,HOU,WR,waivers,26695655
,Liam Clifford,LAC,WR,waivers,26695271
,Lideatrick Griffin,GB,WR,waivers,3171022
,Lil'Jordan Humphrey,DEN,WR,waivers,2246852
,Lincoln Pare,IND,RB,waivers,3162885
,Lincoln Sefcik,NYJ,TE,waivers,26701907
,Lincoln Victor,DEN,WR,waivers,3127480
,Logan Woodside,ARI,QB,waivers,2060999
,Lorenzo Lingard,NYG,RB,waivers,2966652
,Louis Hansen,HOU,TE,waivers,26727305
,Louis Rees-Zammit,JAC,RB,waivers,29375761
,Lucas Havrisik,GB,K,waivers,2870581
,Lucas Krull,DEN,TE,waivers,2961761
,Lucas Scott,BAL,RB,waivers,26728625
,Lucky Jackson,DET,WR,waivers,2184739
,Luis Perez,LAC,QB,waivers,2927085
,Lujuan Winningham,JAC,WR,waivers,2828807
,Luke Altmyer,DET,QB,waivers,26701853
,Luke Benson,LAC,TE,waivers,3126340
,Luke Deal,DET,TE,waivers,3122054
,Luke Farrell,SF,TE,waivers,2260977
,Luke Floriea,CLE,WR,waivers,3164098
,Luke Grimm,LAC,WR,waivers,3166697
,Luke Lachey,GB,TE,waivers,3163014
,Luke McCaffrey,WAS,WR,waivers,3121502
,Luke Musgrave,GB,TE,waivers,3129283
,Luke Schoonmaker,DAL,TE,waivers,2968473
,Luke Wysong,MIN,WR,waivers,26717211
,Mac Dalena,BUF,WR,waivers,3165469
,Mac Hippenhammer,CIN,WR,waivers,2868995
,Mac Jones,SF,QB,waivers,2741202
,Mack Hollins,NE,WR,waivers,2010349
,Maddux Trujillo,BUF,K,waivers,26716700
,Makai Polk,ATL,WR,waivers,3122839
,Malachi Carter,CIN,WR,waivers,2961890
,Malachi Corley,CLE,WR,waivers,3162613
,Malachi Fields,NYG,WR,waivers,26706066
,Malcome Kennedy,NO,WR,waivers,2175065
,Malick Meiga,CAR,WR,waivers,3168821
,Malik Benson,LV,WR,waivers,29121426
,Malik Cunningham,DET,WR,waivers,2866334
,Malik Davis,DAL,RB,waivers,2773009
,Malik Flowers,LV,WR,waivers,2865446
,Malik Heath,ATL,WR,waivers,3171033
,Malik Henry,NO,WR,waivers,3116830
,Malik Knowles,SF,WR,waivers,2966553
,Malik McClain,NYJ,WR,waivers,26693641
,Malik Taylor,DET,WR,waivers,3117089
,Malik Turner,SF,WR,waivers,2136527
,Malik Washington,MIA,WR,waivers,3124729
,Malik Williams,BUF,WR,waivers,2780940
,Malik Willis,MIA,QB,waivers,2804167
,Manasseh Bailey,NYJ,WR,waivers,3159152
,Manny Wilkins,GB,QB,waivers,2131504
,Mante Morrow,LAC,WR,waivers,50049265
,Marcedes Lewis,DEN,TE,waivers,415313
,Marcus Green,PHI,WR,waivers,2181212
,Marcus Major,BAL,RB,waivers,3125801
,Marcus Mariota,WAS,QB,waivers,1880862
,Marcus Riley,NYJ,WR,waivers,3133994
,Marcus Rosemy-Jacksaint,PHI,WR,waivers,3163938
,Marcus Sanders Jr.,MIN,WR,waivers,28924530
,Marcus Santos-Silva,CLE,TE,waivers,2893412
,Marcus Simms,SEA,WR,waivers,3125670
,Marcus Yarns,NO,RB,waivers,26728267
,Mario Williams,LAR,WR,waivers,26697388
,Mark Andrews,BAL,TE,,2131121
,Mark Gronowski,HOU,QB,waivers,26719097
,Mark McNamee,GB,K,waivers,50008565
,Mark Redman,GB,TE,waivers,3162063
,Mark Thompson,LV,RB,waivers,2925520
,Mark Vital,KC,TE,waivers,2354807
,Markese Stepp,NYJ,RB,waivers,2965517
,Marlin Klein,HOU,TE,waivers,28927889
,Marquez Callaway,LV,WR,waivers,2247505
,Marquez Valdes-Scantling,DAL,WR,waivers,2071540
,Marquise Brown,PHI,WR,waivers,2804128
,Marshall Lang,MIN,TE,waivers,3164086
,Marvin Harrison Jr.,ARI,WR,,26701883
,Marvin Mims,DEN,WR,waivers,3162586
,Mason Fairchild,NO,TE,waivers,3127029
,Mason Kinsey,TEN,WR,waivers,3161133
,Mason Pline,KC,TE,waivers,29176455
,Mason Rudolph,PIT,QB,waivers,2131167
,Mason Shipley,NO,K,waivers,26731594
,Mason Stokke,CAR,RB,waivers,2251890
,Mason Taylor,NYJ,TE,waivers,28878064
,Mason Tipton,NO,WR,waivers,3135304
,Master Teague III,PIT,RB,waivers,2962320
,Mataeo Durant,PIT,RB,waivers,2966697
,Mathew Sexton,MIA,WR,waivers,2240073
,Matt Colburn,JAC,RB,waivers,3117152
,Matt Corral,MIN,QB,waivers,2961962
,Matt Gay,LV,K,waivers,2870511
,Matt Johnson,CIN,QB,waivers,1851039
,Matt Landers,TEN,WR,waivers,2871748
,Matt Lauter,MIN,TE,waivers,26725448
,Matt Prater,BUF,K,waivers,1109832
,Matt Seybert,LAC,TE,waivers,2184386
,Matt Sokol,PIT,TE,waivers,2131215
,Matthew Caldwell,LAR,QB,waivers,26724746
,Matthew Henry,TB,WR,waivers,29408013
,Matthew Hibner,BAL,TE,waivers,3169490
,Matthew Trickett,ATL,K,waivers,2961405
,Matthew Wright,BUF,K,waivers,3116875
,Maurice Alexander,CHI,WR,waivers,28926362
,Max Borghi,PIT,RB,waivers,2965014
,Max Bredeson,MIN,TE,waivers,26727130
,Max Brosmer,MIN,QB,waivers,3122489
,Max Duggan,LAC,QB,waivers,3120848
,Max Hurleman,PIT,RB,waivers,3163775
,Max Klare,LAR,TE,waivers,28921209
,Max Tomczak,BUF,WR,waivers,26725930
,Maximilian Mang,NYG,TE,waivers,3161969
,McCallan Castles,GB,TE,waivers,2964061
,Mecole Hardman,BUF,WR,waivers,2248618
,Messiah Swinson,GB,TE,waivers,2966595
,Micah Bernard,NE,RB,waivers,3122912
,Micah Simon,CAR,WR,waivers,2188221
,Michael Bandy,DEN,WR,waivers,2245832
,Michael Briscoe,MIN,WR,waivers,26706359
,Michael Burton,CLE,RB,waivers,1759407
,Michael Carter,TEN,RB,waivers,2804075
,Michael Dereus,BAL,WR,waivers,3161102
,Michael Dyer,LV,RB,waivers,2080283
,Michael Ezeike,SEA,TE,waivers,2966873
,Michael Gallup,WAS,WR,waivers,2240415
,Michael Jacobson,NO,TE,waivers,2202932
,Michael Johnson,PHI,WR,waivers,2185524
,Michael Mayer,LV,TE,waivers,3171673
,Michael Penix Jr.,ATL,QB,waivers,2963496
,Michael Pittman,PIT,WR,,2240188
,Michael Pratt,TB,QB,waivers,3163083
,Michael Trigg,DAL,TE,waivers,26720219
,Michael Wiley,TB,RB,waivers,3128079
,Michael Wilson,ARI,WR,,2965181
,Michael Woods II,DEN,WR,waivers,2965459
,Michael Wortham,JAC,WR,waivers,29137521
,Michael Young Jr.,HOU,WR,waivers,2868607
,Mikah Holder,WAS,WR,waivers,2924894
,Mike Badgley,BUF,K,waivers,2925140
,Mike Boone,MIA,RB,waivers,2925551
,Mike Evans,SF,WR,,1824909
,Mike Gesicki,CIN,TE,waivers,2139298
,Mike Harley,MIA,WR,waivers,2826762
,Mike Rigerman,BAL,TE,waivers,29376329
,Mike Strachan,WAS,WR,waivers,26650288
,Mike Washington Jr.,LV,RB,waivers,26693539
,Mike Weber,NYG,RB,waivers,2179830
,Mike White,CAR,QB,waivers,2072143
,Mike Williams,LAC,WR,waivers,2082516
,Mikey Daniel,CAR,RB,waivers,2195033
,Miles Boykin,CHI,WR,waivers,2186656
,Miles Davis,CAR,RB,waivers,3174323
,Miles Kitselman,DET,TE,waivers,28912020
,Miles Sanders,DAL,RB,waivers,2251305
,Miller Moss,CHI,QB,waivers,26696204
,Milton Williams,LV,WR,waivers,2175046
,Milton Wright,LAC,WR,waivers,3131611
,Mitch Trubisky,TEN,QB,waivers,2060476
,Mitch Van Vooren,DAL,TE,waivers,29738519
,Mitchell Evans,CAR,TE,waivers,26693662
,Mitchell Tinsley,HOU,WR,waivers,3162481
,Mo Alie-Cox,IND,TE,waivers,2815925
,Moliki Matavao,NO,TE,waivers,26693980
,Monaray Baldwin,MIA,WR,waivers,26727563
,Montana Lemonious-Craig,PIT,WR,waivers,3166692
,Montel Harris,FA,RB,waivers,1630429
,Montorie Foster Jr.,SEA,WR,waivers,3169784
,Montrell Johnson Jr.,CAR,RB,waivers,26699807
,Montrell Washington,HOU,WR,waivers,2866191
,Moochie Dixon,NO,WR,waivers,3168156
,Moose Muhammad III,CAR,WR,waivers,3162427
,Moritz Boehringer,CIN,TE,waivers,2235403
,MyCole Pruitt,PIT,TE,waivers,1760327
,Myles Gaskin,SEA,RB,waivers,2180360
,Myles Montgomery,NE,RB,waivers,26703126
,Myles Price,MIN,WR,waivers,3168525
,N'Keal Harry,SEA,TE,waivers,2221807
,Najee Harris,NYG,RB,,2741200
,Nate Adkins,DEN,TE,waivers,2977285
,Nate Boerkircher,JAC,TE,waivers,3162867
,Nate Carter,KC,RB,waivers,3163182
,Nate McCollum,ARI,WR,waivers,3162296
,Nate Noel,IND,RB,waivers,3172309
,Nate Stanley,MIN,QB,waivers,2251110
,Nate Sudfeld,SF,QB,waivers,2001862
,Nate Wieting,NYG,TE,waivers,2179741
,Nathan Rourke,ATL,QB,waivers,2818390
,Nathaniel Peat,DAL,RB,waivers,3121003
,Nay'Quan Wright,IND,RB,waivers,3125818
,Naz Bohannon,JAC,TE,waivers,2893513
,Neal Johnson,NYJ,TE,waivers,3131532
,Neil Pau'u,BUF,WR,waivers,2807947
,Nelson Agholor,BAL,WR,waivers,1996508
,Nicholas Singleton,TEN,RB,waivers,28876754
,Nick Brossette,DET,RB,waivers,2180613
,Nick Chubb,HOU,RB,waivers,2131579
,Nick DeGennaro,NE,WR,waivers,3166956
,Nick Easley,BUF,WR,waivers,2804380
,Nick Eubanks,IND,TE,waivers,2260646
,Nick Fitzgerald,TB,QB,waivers,2131743
,Nick Folk,ATL,K,waivers,410721
,Nick Guggemos,BUF,TE,waivers,26661732
,Nick Kallerup,SEA,TE,waivers,3123192
,Nick Mullens,JAC,QB,waivers,2819104
,Nick Muse,ATL,TE,waivers,2818056
,Nick Nash,WAS,WR,waivers,3123884
,Nick Sharga,LV,RB,waivers,2925439
,Nick Stevens,DEN,QB,waivers,2927394
,Nick Vannett,SEA,TE,waivers,1871322
,Nick Westbrook-Ikhine,IND,WR,waivers,2185954
,Nick Williams,DEN,WR,waivers,28908782
,Nico Collins,HOU,WR,,2878193
,Nico Evans,PHI,RB,waivers,2131958
,Nikko Remigio,KC,WR,waivers,2964863
,Nikola Kalinic,CHI,TE,waivers,28867671
,Noah Brown,LV,WR,waivers,2139270
,Noah Cain,CIN,RB,waivers,3122713
,Noah Fant,NO,TE,waivers,2251095
,Noah Gindorff,PIT,TE,waivers,2869790
,Noah Gray,KC,TE,waivers,2866903
,Noah Thomas,CIN,WR,waivers,28922853
,Noah Whittington,HOU,RB,waivers,3161758
,Nolan Givan,DET,TE,waivers,2252366
,Nolan Henderson,BAL,QB,waivers,2816145
,Nsimba Webster,CHI,WR,waivers,3117157
,Nyheim Miller-Hines,NO,RB,waivers,2183832
,Octavian Smith Jr.,BAL,WR,waivers,28900666
,Odell Beckham Jr.,NYG,WR,waivers,1824823
,Odieu Hiliare,ATL,WR,waivers,3138422
,Olamide Zaccheaus,ATL,WR,waivers,2186266
,Oliver Martin,JAC,WR,waivers,2878230
,Ollie Gordon II,MIA,RB,waivers,28873887
,Omar Bayless,KC,WR,waivers,2179863
,Omar Cooper Jr.,NYJ,WR,waivers,28900921
,Omari Evans,KC,WR,waivers,28875329
,Omari Kelly,CHI,WR,waivers,28875866
,Ontaria Wilson,NYJ,WR,waivers,2865393
,Oronde Gadsden II,LAC,TE,waivers,26727374
,Oscar Cardenas,ARI,TE,waivers,3127887
,Oscar Delp,NO,TE,waivers,28873644
,Osirus Mitchell,GB,WR,waivers,2249164
,Otis Anderson,LAR,RB,waivers,2804600
,Owen Wright,HOU,RB,waivers,2818062
,Panthers,CAR,DST,waivers,1905
,Papi White,TEN,WR,waivers,2139547
,Parker Washington,JAC,WR,,3168820
,Parker White,GB,K,waivers,2758258
,Parris Campbell,DAL,WR,waivers,2139271
,Pat Bryant,DEN,WR,waivers,26697415
,Pat Conroy,LV,TE,waivers,3138345
,Pat Freiermuth,PIT,TE,waivers,2961270
,Patrick Carr,SEA,RB,waivers,3159195
,Patrick Gurd,LV,TE,waivers,3169599
,Patrick Herbert,LAC,TE,waivers,3121535
,Patrick Mahomes,KC,QB,,2142052
,Patrick Murtagh,DEN,TE,waivers,29375400
,Patrick Ricard,NYG,RB,waivers,2818911
,Patrick Taylor,SF,RB,waivers,2256736
,Payne Durham,TB,TE,waivers,2968469
,Payton Thorne,CIN,QB,waivers,3132633
,Pete Guerriero,PIT,RB,waivers,3172327
,Peter LeBlanc,CHI,WR,waivers,3131648
,Peyton Hendershot,KC,TE,waivers,2867545
,Pharaoh Brown,IND,TE,waivers,2819155
,Phil Lutz,NE,WR,waivers,29152034
,Phil Mafah,DAL,RB,waivers,26695049
,Philip Rivers,IND,QB,waivers,493041
,Phillip Brooks,KC,WR,waivers,2961854
,Phillip Dorsett,LV,WR,waivers,1836058
,Phillip Sims,SEA,QB,waivers,2175073
,Pierre Strong Jr.,GB,RB,waivers,2819247
,Praise Olatoke,CAR,WR,waivers,29385901
,Princeton Fant,DAL,TE,waivers,2865409
,Pro Wells,CIN,TE,waivers,2965260
,Qadir Ismail,CHI,TE,waivers,2968088
,Quali Conley,CIN,RB,waivers,3164735
,Quartney Davis,IND,WR,waivers,2249179
,Quentin Moore,WAS,TE,waivers,26702243
,Quentin Skinner,BUF,WR,waivers,3166676
,Quez Watkins,PHI,WR,waivers,2262953
,Quincy Skinner Jr.,NYJ,WR,waivers,26697082
,Quinn Ewers,JAC,QB,waivers,26746721
,Quinn Nordin,NE,K,waivers,2260323
,Quinshon Judkins,CLE,RB,,28878286
,Quintez Cephus,BUF,WR,waivers,2251870
,Quintin Morris,JAC,TE,waivers,2864581
,R.J. Starkey,GB,WR,waivers,2980231
,RJ Harvey,DEN,RB,,3121207
,RJ Maryland,GB,TE,waivers,28915341
,Ra'Shaun Henry,SEA,WR,waivers,2248189
,Rachaad White,WAS,RB,waivers,3169147
,Raheem Blackshear,DET,RB,waivers,2870476
,Raheem Mostert,LV,RB,waivers,2174957
,Raheim Sanders,CLE,RB,waivers,26700087
,Raiders,LV,DST,waivers,1920
,Rakeem Boyd,DET,RB,waivers,2260196
,Rakim Jarrett,PIT,WR,waivers,3166901
,Ralph Webb,PIT,RB,waivers,2079834
,Ramel Keyton,TEN,WR,waivers,3123657
,Ramon Jefferson,TB,RB,waivers,2816981
,Rams,LAR,DST,,1923
,Rashad Rochelle,SEA,WR,waivers,28873470
,Rasheen Ali,BAL,RB,waivers,3168797
,Rashid Shaheed,SEA,WR,,2250863
,Rashod Bateman,BAL,WR,waivers,2960940
,Rashod Owens,CIN,WR,waivers,3169153
,Rashon Ceaser,TEN,WR,waivers,2237133
,Ray Davis,BUF,RB,,3123108
,Ray-Ray McCloud,CHI,WR,waivers,2179226
,Raylen Sharpe,IND,WR,waivers,26698282
,Reece Horn,CIN,WR,waivers,2239232
,Reggie Brown,KC,WR,waivers,2961395
,Reggie Davis,DAL,WR,waivers,2820499
,Reggie Gilliam,NE,RB,waivers,3161112
,Reggie Roberson Jr.,TEN,WR,waivers,2835560
,Reggie Virgil,ARI,WR,waivers,28883008
,Reggie White Jr.,NYG,WR,waivers,3116826
,Reid Sinnett,CIN,QB,waivers,3159194
,Rhamondre Stevenson,NE,RB,,3125832
,Ricky Pearsall,SF,WR,waivers,3122949
,Ricky Person Jr.,SEA,RB,waivers,2966141
,Ricky White III,SEA,WR,waivers,3169795
,Rico Bussey,PIT,WR,waivers,2251993
,Riley Lees,CIN,WR,waivers,2247038
,Riley Leonard,IND,QB,waivers,26699092
,Riley Nowakowski,PIT,TE,waivers,3175781
,Riley Patterson,MIA,K,waivers,2865368
,Riley Sharp,BAL,TE,waivers,3047671
,Rivaldo Fairweather,ARI,TE,waivers,3165468
,River Cracraft,WAS,WR,waivers,2890282
,Robbie Chosen,WAS,WR,waivers,1886746
,Robbie Ouzts,SEA,RB,waivers,26697728
,Robert Burns,ATL,RB,waivers,2804092
,Robert Henry Jr.,WAS,RB,waivers,29123025
,Robert Lewis,MIN,WR,waivers,3166596
,Robert Tonyan,PIT,TE,waivers,2820026
,Robert Woods,PIT,WR,waivers,1754280
,Roc Taylor,CAR,WR,waivers,26733219
,Rocky Lombardi,CIN,QB,waivers,2867061
,Roderick Daniels Jr.,NO,WR,waivers,26696826
,Rodney Anderson,CIN,RB,waivers,2179644
,Rohan Jones,LAR,TE,waivers,28887229
,Roman Hemby,LV,RB,waivers,26700412
,Roman Wilson,PIT,WR,waivers,3169495
,Romello Brinson,DAL,WR,waivers,26694913
,Ronald Awatt,SF,RB,waivers,2805483
,Ronnie Bell,LV,WR,waivers,2968474
,Ronnie Brown,TB,RB,waivers,29117338
,Ronnie Rivers,LAR,RB,waivers,2804793
,Roschon Johnson,CHI,RB,waivers,3121395
,Ross Dwelley,CAR,TE,waivers,2924888
,Royce Freeman,LAC,RB,waivers,2139588
,Roydell Williams,DET,RB,waivers,3162757
,Rushawn Baker,NE,RB,waivers,26693659
,Russell Gage,SF,WR,waivers,2131694
,Russell Wilson,NYG,QB,waivers,1272242
,Ryan Aplin,FA,QB,waivers,1631205
,Ryan Becker,ATL,TE,waivers,3159083
,Ryan Coe,TB,K,waivers,3130147
,Ryan Fitzgerald,CAR,K,waivers,3126649
,Ryan Flournoy,DAL,WR,waivers,28891456
,Ryan McDaniel,JAC,WR,waivers,2879694
,Ryan Miller,MIA,WR,waivers,2964726
,Ryan Williams,GB,QB,waivers,2219913
,Ryan Willis,CHI,QB,waivers,2179571
,Rysen John,CHI,TE,waivers,3159167
,Sage Surratt,ARI,WR,waivers,2806063
,Sahmir Hagans,IND,WR,waivers,26697142
,Saints,NO,DST,,1917
,Sal Cannella,CLE,TE,waivers,2804541
,Salvon Ahmed,CHI,RB,waivers,2815163
,Sam Brown Jr.,GB,WR,waivers,29052184
,Sam Ehlinger,DEN,QB,waivers,2803330
,Sam Hartman,WAS,QB,waivers,2965037
,Sam Howell,DAL,QB,waivers,3123797
,Sam James,LAR,WR,waivers,2965746
,Sam LaPorta,DET,TE,,3124197
,Sam Pinckney,CAR,WR,waivers,2961512
,Sam Pitz,BAL,TE,waivers,29722440
,Sam Roush,CHI,TE,waivers,28877184
,Sam Schnee,TEN,RB,waivers,2968047
,Sam Scott,NYJ,RB,waivers,26700754
,Sam Wiglusz,LAR,WR,waivers,2984114
,Samaje Perine,CIN,RB,waivers,2131148
,Samori Toure,PHI,WR,waivers,2245831
,Samson Nacua,NO,WR,waivers,2260501
,Sandro Platzgummer,NYG,RB,waivers,3168435
,Savion Williams,GB,WR,waivers,3161844
,Savon Scarver,CHI,WR,waivers,2869196
,Scooter Harrington,CHI,TE,waivers,2251139
,Scott Miller,CHI,WR,waivers,2180075
,Scott Orndoff,PHI,TE,waivers,2060508
,Scotty Washington,BAL,TE,waivers,2186416
,Sean Clifford,CIN,QB,waivers,2868998
,Sean McKeon,IND,TE,waivers,2239736
,Sean Modster,BAL,WR,waivers,3116763
,Sean Ryan,BAL,WR,waivers,2963218
,Sean Tucker,TB,RB,waivers,3168416
,Seth Green,NO,TE,waivers,2239758
,Seth Henigan,IND,QB,waivers,26697328
,Seth McGowan,IND,RB,,3161581
,Seth Williams,LV,WR,waivers,2965944
,Seydou Traore,MIA,TE,waivers,26696643
,Shae Wyatt,SF,WR,waivers,26695205
,Shaleak Knotts,MIN,WR,waivers,28901305
,Shane Buechele,BUF,QB,waivers,2240307
,Shane Watts,NE,RB,waivers,50024129
,Shane Zylstra,NE,TE,waivers,26688308
,Shaq Roland,CHI,WR,waivers,2926785
,Shaquan Davis,PIT,WR,waivers,3137942
,Shaun Beyer,GB,TE,waivers,2251090
,Shawn Bowman,ARI,TE,waivers,2962851
,Shawn Poindexter,SF,WR,waivers,3116832
,Shedeur Sanders,CLE,QB,waivers,26710004
,Shedrick Jackson,LV,WR,waivers,2962459
,Shemar Bridges,BAL,WR,waivers,28866847
,Shermari Jones,CIN,RB,waivers,3162906
,ShunDerrick Powell,KC,RB,waivers,26695018
,Siaosi Mariner,BAL,WR,waivers,3161110
,Silas Bolden,HOU,WR,waivers,3176940
,Simi Fehoko,ARI,WR,waivers,2965289
,Sincere Brown,LAC,WR,waivers,3173147
,Sincere McCormick,SF,RB,waivers,3121308
,Sione Vaki,DET,RB,waivers,28877349
,Skylar Thompson,BAL,QB,waivers,2239649
,Skyler Bell,BUF,WR,waivers,26726589
,Skyy Moore,GB,WR,waivers,3126874
,Slade Bolden,ATL,WR,waivers,2960931
,Sone Ntoh,BAL,RB,waivers,3121137
,Spencer Rattler,NO,QB,waivers,3125863
,Spencer Shrader,IND,K,waivers,3131541
,Stanley Morgan,TEN,WR,waivers,2179632
,Stefon Diggs,WAS,WR,,2000038
,Stephen Carlson,CHI,TE,waivers,3116783
,Stephen Gosnell,BUF,WR,waivers,3162073
,Stephen Guidry,DAL,WR,waivers,2961462
,Stephon Robinson Jr.,ARI,WR,waivers,2961667
,Sterling Shepard,HOU,WR,waivers,1996786
,Stetson Bennett,LAR,QB,waivers,2871628
,Steve Ishmael,IND,WR,waivers,2925153
,Steven Montez,DET,QB,waivers,2185536
,Steven Sims,ARI,WR,waivers,3116703
,Steven Stilianos,DET,TE,waivers,2961775
,Stevie Scott III,ARI,RB,waivers,2967217
,Stevo Klotz,LAC,TE,waivers,3164867
,Stone Smartt,NO,TE,waivers,2864800
,Sy Barnett,NO,WR,waivers,29116249
,T.J. Luther,CAR,WR,waivers,2963021
,T.J. Rahming,MIA,WR,waivers,3116702
,T.J. Simmons,TB,WR,waivers,2240254
,T.J. Vasher,DAL,WR,waivers,2252275
,TJ Harden,SEA,RB,waivers,28926779
,TJ Pledger,ARI,RB,waivers,2963440
,TJ Sheffield,TEN,WR,waivers,3131565
,TaMerik Williams,SEA,RB,waivers,2961275
,Tahj Brooks,CIN,RB,waivers,3168518
,Tahj Washington,PHI,WR,waivers,3122529
,Tai Felton,MIN,WR,waivers,26702969
,Taimi Tutogi,FA,RB,waivers,1679885
,Taj McGowan,JAC,RB,waivers,3117391
,Talolo Limu-Jones,CAR,WR,waivers,2250273
,Tamorrion Terry,SEA,WR,waivers,2866340
,Tank Bigsby,PHI,RB,waivers,3162021
,Tank Dell,HOU,WR,waivers,2963970
,Tanner Arkin,NE,TE,waivers,26713728
,Tanner Brown,NO,K,waivers,3167644
,Tanner Conner,NYG,TE,waivers,2260697
,Tanner Hudson,CIN,TE,waivers,2926606
,Tanner Knue,TB,WR,waivers,2964657
,Tanner Koziol,JAC,TE,waivers,28874303
,Tanner McKee,PHI,QB,waivers,2963945
,Tanner McLachlan,SF,TE,waivers,2980252
,Tanner Mordecai,SF,QB,waivers,2965998
,Tanner Morgan,MIN,QB,waivers,2804401
,Tanner Taula,TB,TE,waivers,2865559
,Tarik Black,DET,WR,waivers,2819115
,Taryn Christion,PIT,QB,waivers,2183276
,Tavonn Salter,ATL,WR,waivers,3153041
,Tay Martin,DET,WR,waivers,2865709
,Taye Barber,TB,WR,waivers,2962839
,Taylen Green,CLE,QB,waivers,26697553
,Taylor Elgersma,GB,QB,waivers,29675766
,Taylor Grimes,DEN,WR,waivers,2963130
,Taylor Heinicke,LAC,QB,waivers,2174914
,Taylor Morin,PHI,WR,waivers,3127330
,Tayon Fleet-Davis,KC,RB,waivers,2804284
,Taysir Mack,SF,WR,waivers,2253350
,Taysom Hill,NO,TE,waivers,2818935
,Tayvion Robinson,CAR,WR,waivers,3126630
,Teagan Quitoriano,ARI,TE,waivers,2965963
,Ted Hurst,TB,WR,waivers,29421796
,Teddy Bridgewater,DET,QB,waivers,1825122
,Tejhaun Palmer,NE,WR,waivers,26702915
,Temuchin Hodges,PIT,TE,waivers,2071631
,Terique Owens,SF,WR,waivers,3124921
,Terrace Marshall Jr.,MIA,WR,waivers,2963214
,Terrance Cobb,LV,RB,waivers,2130333
,Terrance Ferguson,LAR,TE,,26701481
,Terrell Jennings,NE,RB,waivers,3133899
,Terrill Davis,MIN,WR,waivers,50007644
,Terry Wright,MIA,WR,waivers,3116837
,Texans,HOU,DST,,1932
,Tez Johnson,TB,WR,waivers,3161539
,Thaddeus Moss,CIN,TE,waivers,2246946
,Thayer Thomas,DEN,WR,waivers,2865035
,Theo Johnson,NYG,TE,waivers,3162129
,Theo Wease Jr.,LAC,WR,waivers,3124276
,Thomas Fidone II,NYG,TE,waivers,26699695
,Thomas Gordon,DET,TE,waivers,3124711
,Thomas Greaney,CLE,TE,waivers,2967042
,Thomas Hennigan,MIN,WR,waivers,2780930
,Thomas Ives,CHI,WR,waivers,3116774
,Thomas Odukoya,NE,TE,waivers,2964832
,Thomas Sperbeck,TB,WR,waivers,2819114
,Thomas Yassmin,GB,TE,waivers,2966406
,Thyrick Pitts,GB,WR,waivers,2816155
,Tim Boyle,TEN,QB,waivers,2071997
,Tim Brown,TB,TE,waivers,2236987
,Tim DeMorat,WAS,QB,waivers,2966739
,Tim Jones,JAC,WR,waivers,2839207
,Tim Patrick,NYJ,WR,waivers,2818910
,Tip Reiman,ARI,TE,waivers,3169268
,Titans,TEN,DST,,1928
,Titus Swen,IND,RB,waivers,3122982
,Tiyon Evans,CAR,RB,waivers,26701126
,Toa Taua,CLE,RB,waivers,2964065
,Tom Kennedy,DET,WR,waivers,3117113
,Tommy DeVito,NE,QB,waivers,2865426
,Tommy Mellott,NO,WR,waivers,3162687
,Tommy Tremble,CAR,TE,waivers,2969027
,Tony Pollard,TEN,RB,,2184011
,Toriano Clinton,IND,RB,waivers,29169380
,Tory Horton,SEA,WR,waivers,3165177
,Trabis Ward,FA,RB,waivers,1705702
,Tracy Moore,FA,WR,waivers,1685895
,Traeshon Holden,DAL,WR,waivers,3163354
,Travell Harris,CLE,WR,waivers,2865807
,Travis Dye,NYJ,RB,waivers,2967055
,Travis Etienne,NO,RB,,2809206
,Travis Homer,PIT,RB,waivers,2249831
,Travis Hunter,JAC,WR,waivers,28909849
,Travis Jonsen,TB,WR,waivers,3159190
,Travis Koontz,LV,TE,waivers,3127726
,Travis Toivonen,MIN,WR,waivers,2261149
,Travis Vokolek,ARI,TE,waivers,2870478
,Trayveon Williams,DET,RB,waivers,2222046
,Trayvon Rudolph,MIN,WR,waivers,3167411
,Tre Harbison III,CLE,RB,waivers,2239576
,Tre Harris,LAC,WR,waivers,3162525
,Tre Mosley,CIN,WR,waivers,3121001
,Tre Nixon,NE,WR,waivers,2260187
,Tre Stewart,ARI,RB,waivers,29426636
,Tre Turner,LV,WR,waivers,2966451
,Tre Walker,BUF,WR,waivers,2864807
,Tre Watson,MIA,TE,waivers,26699319
,Tre' McKitty,WAS,TE,waivers,2804040
,Tre'Shaun Harrison,TEN,WR,waivers,2963056
,Trebor Pena,JAC,WR,waivers,3168420
,Trent Pennix,IND,RB,waivers,2965838
,Trent Sherfield,BUF,WR,waivers,2139758
,Trent Taylor,SF,WR,waivers,2060838
,Trenton Irwin,SF,WR,waivers,3117052
,Trevion Thompson,TEN,WR,waivers,2133481
,Trevon Bradford,LAC,WR,waivers,2240172
,Trevon Clark,BAL,WR,waivers,3127826
,Trevon Grimes,PHI,WR,waivers,2826772
,Trevor Etienne,CAR,RB,waivers,28901419
,Trevor Siemian,ATL,QB,waivers,2174210
,Trey Benson,ARI,RB,waivers,3176915
,Trey Knox,MIN,TE,waivers,3122488
,Trey Lance,LAC,QB,waivers,2969444
,Trey McBride,ARI,TE,,2963385
,Trey Palmer,NO,WR,waivers,3122273
,Trey Sermon,ATL,RB,waivers,2804142
,Trey Wolff,TEN,K,waivers,2962857
,Treylon Burks,WAS,WR,waivers,3122944
,Treyton Welch,NO,TE,waivers,3123913
,Treyvhon Saunders,HOU,WR,waivers,28927179
,Trishton Jackson,ARI,WR,waivers,2253371
,Troy Franklin,DEN,WR,waivers,26693436
,Troy Hairston II,CLE,RB,waivers,2880293
,Tru Edwards,LAR,WR,waivers,26710155
,Tua Tagovailoa,ATL,QB,waivers,2741209
,Tucker Fisk,LAC,TE,waivers,2866766
,Tucker McCann,TEN,K,waivers,3161134
,Tutu Atwell,LAR,WR,waivers,2965372
,Ty Chandler,NO,RB,waivers,2867472
,Ty Fryfogle,KC,WR,waivers,2866135
,Ty James,MIN,WR,waivers,3135294
,Ty Johnson,BUF,RB,waivers,2179323
,Ty Pezza,BAL,TE,waivers,28925533
,Ty Scott,SEA,WR,waivers,2960933
,Ty Simpson,LAR,QB,waivers,28878532
,Tyjae Spears,TEN,RB,waivers,3122588
,Tyjon Lindsey,SEA,WR,waivers,2804338
,Tylan Wallace,CLE,WR,waivers,2866424
,Tyler Adams,IND,WR,waivers,2820164
,Tyler Badie,DEN,RB,waivers,2964494
,Tyler Boyd,TEN,WR,waivers,2071582
,Tyler Conklin,DET,TE,waivers,2165249
,Tyler Davis,MIA,WR,waivers,2219915
,Tyler Davis,NE,TE,waivers,2182811
,Tyler Gaffney,NE,RB,waivers,2061073
,Tyler Goodson,ATL,RB,waivers,3122473
,Tyler Harrell,NYJ,WR,waivers,1691256
,Tyler Higbee,LAR,TE,waivers,1853103
,Tyler Hoosman,LAC,RB,waivers,2866762
,Tyler Hudson,LAR,WR,waivers,3122893
,Tyler Huntley,BAL,QB,waivers,3159137
,Tyler Johnson,DAL,WR,waivers,1620002
,Tyler Kahmann,IND,WR,waivers,29729510
,Tyler Lockett,LV,WR,waivers,1860834
,Tyler Loop,BAL,K,,3174704
,Tyler Mabry,CAR,TE,waivers,3159198
,Tyler Moore,IND,TE,waivers,26695106
,Tyler Neville,DAL,TE,waivers,3164475
,Tyler Scott,LAR,WR,waivers,3163215
,Tyler Shough,NO,QB,waivers,2964064
,Tyler Simmons,PIT,WR,waivers,3159178
,Tyler Snead,PIT,WR,waivers,2983342
,Tyler Vaughns,PIT,WR,waivers,2242770
,Tyquan Thornton,KC,WR,waivers,2965066
,Tyree Jackson,WAS,TE,waivers,2184377
,Tyreek Hill,MIA,WR,waivers,2131163
,Tyreik McAllister,LV,RB,waivers,28867646
,Tyrell Shavers,BUF,WR,waivers,2741208
,Tyren Montgomery,TEN,WR,waivers,28935910
,Tyrion Davis-Price,GB,RB,waivers,3123979
,Tyrod Taylor,GB,QB,waivers,1243338
,Tyrone Broden,SEA,WR,waivers,3133378
,Tyrone Tracy Jr.,NYG,RB,waivers,2963637
,Tyshaun James,ATL,WR,waivers,2876686
,Tyson Bagent,CHI,QB,waivers,29081346
,Ulysses Bentley IV,IND,RB,waivers,3125140
,Valentine Holmes,NYJ,RB,waivers,3114048
,Van Jefferson,WAS,WR,waivers,2186342
,Velus Jones Jr.,SEA,RB,waivers,2242764
,Vikings,MIN,DST,,1916
,Vinny Anthony II,ATL,WR,waivers,28921356
,Wan'Dale Robinson,TEN,WR,waivers,3124107
,Warren Jackson,LAR,WR,waivers,2803784
,Wayne Taulapapa,SEA,RB,waivers,2960832
,Wesley Grimes,SF,WR,waivers,28883053
,Whop Philyor,MIN,WR,waivers,2867503
,Will Dissly,LAC,TE,waivers,2139628
,Will Grier,CAR,QB,waivers,2131571
,Will Howard,PIT,QB,waivers,3162310
,Will Kacmarek,MIA,TE,waivers,26717403
,Will Levis,TEN,QB,waivers,2964377
,Will Mallory,IND,TE,waivers,2962073
,Will Pauling,SF,WR,waivers,26697818
,Will Sheppard,GB,WR,waivers,3161602
,Will Shipley,PHI,RB,waivers,26699119
,Willie Johnson,JAC,WR,waivers,2263021
,Winston Wright Jr.,CLE,WR,waivers,3123346
,Xavier Gipson,NYG,WR,waivers,3127427
,Xavier Guillory,BAL,WR,waivers,3161932
,Xavier Hutchinson,HOU,WR,waivers,3161943
,Xavier Johnson,CIN,WR,waivers,2984078
,Xavier Legette,CAR,WR,waivers,3131575
,Xavier Loyd,KC,WR,waivers,26695352
,Xavier Malone,ATL,WR,waivers,29128526
,Xavier Restrepo,TEN,WR,waivers,3163221
,Xavier Smith,LAR,WR,waivers,2986749
,Xavier Turner,SEA,RB,waivers,3117016
,Xavier Weaver,ARI,WR,waivers,3131562
,Xavier White,IND,WR,waivers,3127688
,Xazavian Valladay,MIN,RB,waivers,2867484
,Younghoe Koo,NYJ,K,waivers,2820093
,ZaQuandre White,MIA,RB,waivers,2864584
,Zach Charbonnet,SEA,RB,waivers,3123810
,Zach D'Orazio,NE,WR,waivers,2175721
,Zach Davidson,NYG,TE,waivers,26653246
,Zach Ertz,WAS,TE,waivers,1685963
,Zach Heins,LAC,TE,waivers,2976450
,Zach Horton,DET,TE,waivers,26698603
,Zach Ojile,MIN,RB,waivers,29118586
,Zach Pascal,NYG,WR,waivers,1989197
,Zach Wilson,NO,QB,waivers,2960892
,Zachariah Branch,ATL,WR,waivers,29123979
,Zack Annexstad,TB,QB,waivers,2961799
,Zack Kuntz,DAL,TE,waivers,2963243
,Zack Moss,CIN,RB,waivers,2240516
,Zaire Mitchell-Paden,HOU,TE,waivers,26695325
,Zakhari Franklin,LV,WR,waivers,3127917
,Zamir White,NO,RB,waivers,2963641
,Zane Gonzalez,MIA,K,waivers,2061033
,Zavier Scott,MIN,RB,waivers,2869402
,Zavion Thomas,CHI,WR,waivers,28909795
,Zay Jones,HOU,WR,waivers,2080270
,Zion Bowens,WAS,WR,waivers,3168734
,Zonovan Knight,ARI,RB,waivers,3121860
