owner,player,team,pos,slot,cbs_id
ANN,A.J. Brown,NE,WR,WR,2258303
ANN,Ashton Jeanty,LV,RB,RB,28874008
ANN,Caleb Williams,CHI,QB,QB,26695775
ANN,Daniel Jones,IND,QB,QB,2179245
ANN,David Montgomery,HOU,RB,RB,2261252
ANN,De'Von Achane,MIA,RB,RB,3171161
ANN,Garrett Wilson,NYJ,WR,WR,3123864
ANN,George Pickens,DAL,WR,WR,3123212
ANN,Harold Fannin Jr.,CLE,TE,TE,28900882
ANN,Harrison Butker,KC,K,K,2078888
ANN,Jalen Nailor,LV,WR,WR,2967232
ANN,Jonathon Brooks,CAR,RB,RB,26730706
ANN,Josh Downs,IND,WR,WR,3162970
ANN,Michael Pittman,PIT,WR,WR,2240188
ANN,Saints,NO,DST,DST,1917
ANN,Terrance Ferguson,LAR,TE,TE,26701481
ANN,Tony Pollard,TEN,RB,RB,2184011
ANN,Tyler Loop,BAL,K,K,3174704
ANN,Vikings,MIN,DST,DST,1916
BAUKOL,49ers,SF,DST,DST,1925
BAUKOL,Andres Borregales,NE,K,K,26699665
BAUKOL,Brian Thomas Jr.,JAC,WR,WR,3132164
BAUKOL,Cam Skattebo,NYG,RB,RB,26697012
BAUKOL,Carnell Tate,TEN,WR,WR,29124411
BAUKOL,Chris Olave,NO,WR,WR,2963666
BAUKOL,Colston Loveland,CHI,TE,TE,28874696
BAUKOL,Eddy Pineiro,SF,K,K,2221833
BAUKOL,Jaxson Dart,NYG,QB,QB,26694019
BAUKOL,Jaylen Warren,PIT,RB,RB,3126535
BAUKOL,Josh Allen,BUF,QB,QB,2181054
BAUKOL,Josh Jacobs,GB,RB,RB,2257876
BAUKOL,Khalil Shakir,BUF,WR,WR,2969119
BAUKOL,Kyle Monangai,CHI,RB,RB,3177368
BAUKOL,Michael Wilson,ARI,WR,WR,2965181
BAUKOL,Nico Collins,HOU,WR,WR,2878193
BAUKOL,Quinshon Judkins,CLE,RB,RB,28878286
BAUKOL,Sam LaPorta,DET,TE,TE,3124197
BAUKOL,Texans,HOU,DST,DST,1932
BOLDING,Brock Bowers,LV,TE,TE,26693971
BOLDING,Christian McCaffrey,SF,RB,RB,2136743
BOLDING,Chuba Hubbard,CAR,RB,RB,2865693
BOLDING,Dak Prescott,DAL,QB,QB,1824864
BOLDING,Dallas Goedert,PHI,TE,TE,2132551
BOLDING,Davante Adams,LAR,WR,WR,1893167
BOLDING,Deebo Samuel,SF,WR,WR,2139735
BOLDING,Emeka Egbuka,TB,WR,WR,26696165
BOLDING,Jadarian Price,SEA,RB,RB,28875230
BOLDING,Jason Myers,SEA,K,K,2169640
BOLDING,Joey Slye,TEN,K,K,3116871
BOLDING,Jordyn Tyson,NO,WR,WR,28900885
BOLDING,Justin Jefferson,MIN,WR,WR,2871343
BOLDING,Kaelon Black,SF,RB,RB,3162599
BOLDING,Omarion Hampton,LAC,RB,RB,28908905
BOLDING,Packers,GB,DST,DST,1911
BOLDING,Romeo Doubs,NE,WR,WR,2961886
BOLDING,Sam Darnold,SEA,QB,QB,2180320
BOLDING,Steelers,PIT,DST,DST,1922
BUSSONE,Blake Corum,LAR,RB,,3169252
BUSSONE,Cairo Santos,CHI,K,K,2132690
BUSSONE,CeeDee Lamb,DAL,WR,WR,2865251
BUSSONE,Dalton Kincaid,BUF,TE,TE,2982991
BUSSONE,Ja'Marr Chase,CIN,WR,WR,2966320
BUSSONE,Jeremiyah Love,ARI,RB,,29133405
BUSSONE,Jordan Love,GB,QB,,2239997
BUSSONE,Kenneth Walker III,KC,RB,RB,3121372
BUSSONE,Ladd McConkey,LAC,WR,WR,3163962
BUSSONE,Luther Burden III,CHI,WR,,28874444
BUSSONE,Makai Lemon,PHI,WR,,29123772
BUSSONE,Malik Nabers,NYG,WR,WR,26697761
BUSSONE,Ravens,BAL,DST,,1903
BUSSONE,Seahawks,SEA,DST,DST,1926
BUSSONE,TreVeyon Henderson,NE,RB,,26699547
BUSSONE,Trevor Lawrence,JAC,QB,QB,2967185
BUSSONE,Tyler Warren,IND,TE,TE,3168800
BUSSONE,Will Reichard,MIN,K,,3121084
BUSSONE,Woody Marks,HOU,RB,,3171045
CHEN,Alec Pierce,IND,WR,WR,2965664
CHEN,Bears,CHI,DST,DST,1906
CHEN,Brock Purdy,SF,QB,QB,2961306
CHEN,Broncos,DEN,DST,DST,1909
CHEN,Cam Little,JAC,K,K,26702477
CHEN,Chris Boswell,PIT,K,K,1724930
CHEN,D'Andre Swift,CHI,RB,RB,2871710
CHEN,James Cook,BUF,RB,RB,2975698
CHEN,Jameson Williams,DET,WR,WR,3125968
CHEN,Jayden Reed,GB,WR,WR,2967762
CHEN,Justin Herbert,LAC,QB,QB,2221960
CHEN,Mark Andrews,BAL,TE,TE,2131121
CHEN,Parker Washington,JAC,WR,WR,3168820
CHEN,RJ Harvey,DEN,RB,RB,3121207
CHEN,Rashid Shaheed,SEA,WR,WR,2250863
CHEN,Ray Davis,BUF,RB,RB,3123108
CHEN,Rhamondre Stevenson,NE,RB,RB,3125832
CHEN,Stefon Diggs,WAS,WR,WR,2000038
CHEN,Trey McBride,ARI,TE,TE,2963385
FORBES,Aaron Jones,MIN,RB,RB,2071937
FORBES,Chris Godwin,TB,WR,WR,2818150
FORBES,Courtland Sutton,DEN,WR,WR,2218461
FORBES,De'Zhaun Stribling,SF,WR,WR,26696676
FORBES,Evan McPherson,CIN,K,K,2962681
FORBES,George Kittle,SF,TE,TE,2818265
FORBES,J.K. Dobbins,DEN,RB,RB,2804420
FORBES,Jake Bates,DET,K,K,3173439
FORBES,Jake Ferguson,DAL,TE,TE,2867159
FORBES,Jaxon Smith-Njigba,SEA,WR,WR,3162959
FORBES,Lamar Jackson,BAL,QB,QB,2181169
FORBES,Marvin Harrison Jr.,ARI,WR,WR,26701883
FORBES,Mike Evans,SF,WR,WR,1824909
FORBES,Najee Harris,NYG,RB,RB,2741200
FORBES,Patrick Mahomes,KC,QB,QB,2142052
FORBES,Rams,LAR,DST,DST,1923
FORBES,Seth McGowan,IND,RB,RB,3161581
FORBES,Titans,TEN,DST,DST,1928
FORBES,Travis Etienne,NO,RB,RB,2809206
FREEMANS,Bills,BUF,DST,DST,1904
FREEMANS,Bo Nix,DEN,QB,QB,3121193
FREEMANS,Brian Robinson Jr.,ATL,RB,RB,2741207
FREEMANS,Cameron Dicker,LAC,K,K,2961997
FREEMANS,Chigoziem Okonkwo,WAS,TE,TE,2965208
FREEMANS,Christian Watson,GB,WR,WR,2869806
FREEMANS,DK Metcalf,PIT,WR,WR,2260185
FREEMANS,DeVonta Smith,PHI,WR,WR,2866975
FREEMANS,Derrick Henry,BAL,RB,RB,2061188
FREEMANS,Jalen Coker,CAR,WR,WR,3163990
FREEMANS,Jared Goff,DET,QB,QB,2061053
FREEMANS,Jordan Addison,MIN,WR,WR,3162290
FREEMANS,Kyren Williams,LAR,RB,RB,3121836
FREEMANS,Lions,DET,DST,DST,1910
FREEMANS,MarShawn Lloyd,GB,RB,RB,3162514
FREEMANS,Matthew Golden,GB,WR,WR,28874927
FREEMANS,Rico Dowdle,PIT,RB,RB,2252798
FREEMANS,Trey Smack,GB,K,K,28899321
FREEMANS,Tucker Kraft,GB,TE,TE,3133332
MUCK/UZES,Breece Hall,NYJ,RB,RB,3123469
MUCK/UZES,Bucky Irving,TB,RB,RB,26693770
MUCK/UZES,Chargers,LAC,DST,DST,1924
MUCK/UZES,Drake London,ATL,WR,WR,3127902
MUCK/UZES,Harrison Mevis,LAR,K,K,3162619
MUCK/UZES,Jalen Hurts,PHI,QB,QB,2240246
MUCK/UZES,Javonte Williams,DAL,RB,RB,2961719
MUCK/UZES,Jayden Daniels,WAS,QB,QB,3123337
MUCK/UZES,Kenneth Gainwell,TB,RB,RB,2968948
MUCK/UZES,Patriots,NE,DST,DST,1931
MUCK/UZES,Quentin Johnston,LAC,WR,WR,3162609
MUCK/UZES,Rashee Rice,KC,WR,WR,3124978
MUCK/UZES,Saquon Barkley,PHI,RB,RB,2185957
MUCK/UZES,T.J. Hockenson,MIN,TE,TE,2251097
MUCK/UZES,Tetairoa McMillan,CAR,WR,WR,28877124
MUCK/UZES,Travis Kelce,KC,TE,TE,1725130
MUCK/UZES,Wil Lutz,DEN,K,K,2008545
MUCK/UZES,Xavier Worthy,KC,WR,WR,26730787
MUCK/UZES,Zay Flowers,BAL,WR,WR,3127049
PRESTON,Amon-Ra St. Brown,DET,WR,WR,2967690
PRESTON,Brandon Aubrey,DAL,K,K,2815718
PRESTON,Chris Rodriguez Jr.,JAC,RB,RB,2964667
PRESTON,Cowboys,DAL,DST,DST,1908
PRESTON,DJ Moore,BUF,WR,WR,2179328
PRESTON,Drake Maye,NE,QB,QB,26695757
PRESTON,Eagles,PHI,DST,DST,1921
PRESTON,Hunter Henry,NE,TE,TE,2079848
PRESTON,Ja'Kobi Lane,BAL,WR,WR,29158151
PRESTON,Jacory Croskey-Merritt,WAS,RB,RB,3126952
PRESTON,Jahmyr Gibbs,DET,RB,RB,3162723
PRESTON,Jonah Coleman,DEN,RB,RB,28877250
PRESTON,Kyle Pitts,ATL,TE,TE,2964514
PRESTON,Matthew Stafford,LAR,QB,QB,1114942
PRESTON,Puka Nacua,LAR,WR,WR,3121687
PRESTON,Rome Odunze,CHI,WR,WR,3162979
PRESTON,Tre Tucker,LV,WR,WR,3121848
PRESTON,Tyler Allgeier,ARI,RB,RB,2975590
PRESTON,Tyler Bass,BUF,K,K,2188356
THROBBER,Baker Mayfield,TB,QB,QB,2080032
THROBBER,Bhayshul Tuten,JAC,RB,RB,26732838
THROBBER,Bijan Robinson,ATL,RB,RB,3168163
THROBBER,Chad Ryland,ARI,K,K,2964074
THROBBER,Chase Brown,CIN,RB,RB,2965160
THROBBER,Chiefs,KC,DST,DST,1914
THROBBER,Cyrus Allen,KC,WR,WR,28875899
THROBBER,Devaughn Vele,NO,WR,WR,3121113
THROBBER,Isaiah Likely,NYG,TE,TE,2961906
THROBBER,Jaguars,JAC,DST,DST,1913
THROBBER,Jaylen Waddle,DEN,WR,WR,2962110
THROBBER,Joe Burrow,CIN,QB,QB,2179798
THROBBER,Jonathan Taylor,IND,RB,RB,2866395
THROBBER,Jordan Mason,MIN,RB,RB,2967536
THROBBER,Juwan Johnson,NO,TE,TE,2186637
THROBBER,KC Concepcion,CLE,WR,WR,29123718
THROBBER,Ka'imi Fairbairn,HOU,K,K,1996562
THROBBER,Tee Higgins,CIN,WR,WR,2809208
THROBBER,Terry McLaurin,WAS,WR,WR,2139279
