rank,player,team,pos,age,status,dynasty,redraft,score,gap,owner
1,Ja'Marr Chase,CIN,WR,26,,1,2,1.5,1,BUSSONE
2,Jahmyr Gibbs,DET,RB,24,,4,1,2.5,-3,PRESTON
3,Puka Nacua,LAR,WR,25,,2,4,3.0,2,PRESTON
4,Jaxon Smith-Njigba,SEA,WR,24,,3,5,4.0,2,FORBES
5,Bijan Robinson,ATL,RB,24,,5,3,4.0,-2,THROBBER
6,Amon-Ra St. Brown,DET,WR,26,,6,6,6.0,0,PRESTON
7,Justin Jefferson,MIN,WR,27,,7,11,9.0,4,BOLDING
8,CeeDee Lamb,DAL,WR,27,,8,10,9.0,2,BUSSONE
9,Jonathan Taylor,IND,RB,27,,16,7,11.5,-9,THROBBER
10,James Cook III,BUF,RB,26,,15,8,11.5,-7,CHEN
11,Drake London,ATL,WR,25,,11,17,14.0,6,MUCK/UZES
12,Nico Collins,HOU,WR,27,,19,13,16.0,-6,BAUKOL
13,Brock Bowers,LV,TE,23,,17,16,16.5,-1,BOLDING
14,De'Von Achane,MIA,RB,24,,13,22,17.5,9,ANN
15,Omarion Hampton,LAC,RB,23,,14,21,17.5,7,BOLDING
16,Malik Nabers,NYG,WR,23,,10,26,18.0,16,BUSSONE
17,Ashton Jeanty,LV,RB,22,,9,28,18.5,19,ANN
18,George Pickens,DAL,WR,25,,20,19,19.5,-1,ANN
19,A.J. Brown,NE,WR,29,,32,12,22.0,-20,ANN
20,Chris Olave,NO,WR,26,,22,23,22.5,1,BAUKOL
21,Josh Allen,BUF,QB,30,,21,25,23.0,4,BAUKOL
22,Trey McBride,ARI,TE,26,,24,24,24.0,0,CHEN
23,Kenneth Walker III,KC,RB,25,,31,20,25.5,-11,BUSSONE
24,Christian McCaffrey,SF,RB,30,,43,9,26.0,-34,BOLDING
25,Chase Brown,CIN,RB,26,,37,18,27.5,-19,THROBBER
26,Jeremiyah Love,ARI,RB,21,,12,44,28.0,32,
27,Tetairoa McMillan,CAR,WR,23,,18,38,28.0,20,MUCK/UZES
28,Zay Flowers,BAL,WR,26,,29,29,29.0,0,
29,Saquon Barkley,PHI,RB,29,,45,14,29.5,-31,MUCK/UZES
30,Emeka Egbuka,TB,WR,23,,23,37,30.0,14,
31,Drake Maye,NE,QB,24,,26,34,30.0,8,PRESTON
32,DeVonta Smith,PHI,WR,27,,30,30,30.0,0,
33,Lamar Jackson,BAL,QB,29,,34,27,30.5,-7,FORBES
34,Tee Higgins,CIN,WR,27,,35,33,34.0,-2,
35,Ladd McConkey,LAC,WR,24,,27,42,34.5,15,
36,Rashee Rice,KC,WR,26,,36,35,35.5,-1,
37,Garrett Wilson,NYJ,WR,26,,25,47,36.0,22,
38,Colston Loveland,CHI,TE,22,,41,36,38.5,-5,BAUKOL
39,Joe Burrow,CIN,QB,29,,39,40,39.5,1,THROBBER
40,Breece Hall,NYJ,RB,25,,42,39,40.5,-3,
41,Jaylen Waddle,DEN,WR,27,,40,41,40.5,1,
42,Kyren Williams,LAR,RB,26,,56,32,44.0,-24,FREEMANS
43,Jayden Daniels,WAS,QB,25,,33,57,45.0,24,
44,Luther Burden III,CHI,WR,22,,38,55,46.5,17,
45,Derrick Henry,BAL,RB,32,,80,15,47.5,-65,FREEMANS
46,Jameson Williams,DET,WR,25,,50,46,48.0,-4,CHEN
47,Javonte Williams,DAL,RB,26,,68,31,49.5,-37,MUCK/UZES
48,Rome Odunze,CHI,WR,24,,44,59,51.5,15,
49,Carnell Tate,TEN,WR,21,,28,79,53.5,51,
50,Tyler Warren,IND,TE,24,,46,62,54.0,16,
51,Christian Watson,GB,WR,27,,59,49,54.0,-10,FREEMANS
52,Jalen Hurts,PHI,QB,28,,54,54,54.0,0,
53,Quinshon Judkins,CLE,RB,22,,58,52,55.0,-6,
54,Travis Etienne Jr.,NO,RB,27,,69,43,56.0,-26,FORBES
55,Caleb Williams,CHI,QB,24,,49,64,56.5,15,
56,Bucky Irving,TB,RB,24,,62,51,56.5,-11,
57,Justin Herbert,LAC,QB,28,,47,68,57.5,21,CHEN
58,Tucker Kraft,GB,TE,25,,52,63,57.5,11,
59,Terry McLaurin,WAS,WR,31,,67,50,58.5,-17,
60,TreVeyon Henderson,NE,RB,23,,53,67,60.0,14,
61,Cam Skattebo,NYG,RB,24,,66,56,61.0,-10,
62,Marvin Harrison Jr.,ARI,WR,24,,55,71,63.0,16,
63,D'Andre Swift,CHI,RB,27,,85,45,65.0,-40,
64,DJ Moore,BUF,WR,29,,72,58,65.0,-14,
65,Davante Adams,LAR,WR,33,,86,48,67.0,-38,
66,Trevor Lawrence,JAC,QB,26,,64,70,67.0,6,
67,Jadarian Price,SEA,RB,22,,75,60,67.5,-15,
68,Brian Thomas Jr.,JAC,WR,23,,60,76,68.0,16,
69,Bhayshul Tuten,JAC,RB,23,,79,61,70.0,-18,
70,Parker Washington,JAC,WR,24,,74,66,70.0,-8,
71,Sam LaPorta,DET,TE,25,,65,77,71.0,12,
72,David Montgomery,HOU,RB,29,,91,53,72.0,-38,
73,Harold Fannin Jr.,CLE,TE,22,,57,90,73.5,33,
74,Kyle Pitts Sr.,ATL,TE,25,,63,87,75.0,24,
75,DK Metcalf,PIT,WR,28,,76,74,75.0,-2,FREEMANS
76,Dak Prescott,DAL,QB,33,,83,72,77.5,-11,
77,Alec Pierce,IND,WR,26,,78,82,80.0,4,
78,Patrick Mahomes II,KC,QB,30,,61,101,81.0,40,
79,Mike Evans,SF,WR,33,,97,65,81.0,-32,
80,Jaxson Dart,NYG,QB,23,,70,93,81.5,23,
81,Brock Purdy,SF,QB,26,,71,92,81.5,21,
82,Makai Lemon,PHI,WR,22,,51,116,83.5,65,
83,Bo Nix,DEN,QB,26,,73,95,84.0,22,
84,Quentin Johnston,LAC,WR,25,,93,83,88.0,-10,
85,Jaylen Warren,PIT,RB,27,,106,73,89.5,-33,
86,Jordan Addison,MIN,WR,24,,82,97,89.5,15,
87,Dalton Kincaid,BUF,TE,26,,81,99,90.0,18,
88,George Kittle,SF,TE,32,,95,86,90.5,-9,FORBES
89,Michael Wilson,ARI,WR,26,,84,98,91.0,14,
90,Courtland Sutton,DEN,WR,30,,98,85,91.5,-13,
91,Chris Godwin Jr.,TB,WR,30,,105,88,96.5,-17,
92,Jordyn Tyson,NO,WR,22,,48,146,97.0,98,
93,Michael Pittman Jr.,PIT,WR,28,,89,105,97.0,16,
94,Jonathon Brooks,CAR,RB,23,,112,84,98.0,-28,
95,Rhamondre Stevenson,NE,RB,28,,128,69,98.5,-59,
96,Josh Downs,IND,WR,25,,87,111,99.0,24,
97,Blake Corum,LAR,RB,25,,118,81,99.5,-37,
98,Jayden Reed,GB,WR,26,,100,100,100.0,0,
99,KC Concepcion,CLE,WR,21,,77,125,101.0,48,
100,Jared Goff,DET,QB,31,,101,102,101.5,1,
101,Isaiah Likely,NYG,TE,26,,94,110,102.0,16,
102,Tony Pollard,TEN,RB,29,,133,75,104.0,-58,
103,Rico Dowdle,PIT,RB,28,,130,78,104.0,-52,
104,Jordan Love,GB,QB,27,,96,119,107.5,23,
105,Chuba Hubbard,CAR,RB,27,,119,96,107.5,-23,
106,Wan'Dale Robinson,TEN,WR,25,,90,126,108.0,36,
107,Matthew Golden,GB,WR,23,,99,120,109.5,21,
108,Kyle Monangai,CHI,RB,24,,115,104,109.5,-11,
109,RJ Harvey,DEN,RB,25,,114,107,110.5,-7,
110,Jakobi Meyers,JAC,WR,29,,102,122,112.0,20,
111,Xavier Worthy,KC,WR,23,,104,123,113.5,19,
112,Josh Jacobs,GB,RB,28,,92,136,114.0,44,
113,J.K. Dobbins,DEN,RB,27,,155,80,117.5,-75,
114,Romeo Doubs,NE,WR,26,,109,127,118.0,18,
115,Kyler Murray,MIN,QB,29,,122,114,118.0,-8,
116,Baker Mayfield,TB,QB,31,,116,121,118.5,5,
117,Jacory Croskey-Merritt,WAS,RB,25,,149,89,119.0,-60,
118,Mark Andrews,BAL,TE,31,,121,118,119.5,-3,
119,Dallas Goedert,PHI,TE,31,,135,109,122.0,-26,
120,Jake Ferguson,DAL,TE,27,,110,134,122.0,24,
121,Jalen Coker,CAR,WR,24,,113,133,123.0,20,
122,Jordan Mason,MIN,RB,27,,157,91,124.0,-66,
123,Tyler Shough,NO,QB,26,,120,128,124.0,8,
124,De'Zhaun Stribling,SF,WR,23,,134,117,125.5,-17,
125,MarShawn Lloyd,GB,RB,25,,159,94,126.5,-65,
126,Matthew Stafford,LAR,QB,38,,150,103,126.5,-47,
127,Travis Kelce,KC,TE,36,,148,106,127.0,-42,
128,Rachaad White,WAS,RB,27,,141,113,127.0,-28,
129,Kenny Gainwell,TB,RB,27,,139,115,127.0,-24,
130,Denzel Boston,CLE,WR,22,,103,152,127.5,49,
131,Zach Charbonnet,SEA,RB,25,PUP,111,145,128.0,34,
132,Brenton Strange,JAC,TE,25,,107,151,129.0,44,
133,Stefon Diggs,WAS,WR,32,,151,108,129.5,-43,
134,Malik Willis,MIA,QB,27,,136,130,133.0,-6,
135,Khalil Shakir,BUF,WR,26,,124,143,133.5,19,
136,Kenyon Sadiq,NYJ,TE,21,,88,183,135.5,95,
137,C.J. Stroud,HOU,QB,24,,127,144,135.5,17,
138,Jonah Coleman,DEN,RB,23,,140,137,138.5,-3,
139,Sam Darnold,SEA,QB,29,,138,140,139.0,2,
140,Omar Cooper Jr.,NYJ,WR,22,,108,174,141.0,66,
141,Chris Rodriguez Jr.,JAC,RB,26,,171,112,141.5,-59,
142,Terrance Ferguson,LAR,TE,23,,125,161,143.0,36,
143,Chig Okonkwo,WAS,TE,27,,129,157,143.0,28,
144,Rashid Shaheed,SEA,WR,28,,152,135,143.5,-17,
145,Juwan Johnson,NO,TE,30,,156,132,144.0,-24,
146,Daniel Jones,IND,QB,29,,143,147,145.0,4,
147,Woody Marks,HOU,RB,25,,164,131,147.5,-33,
148,Cam Ward,TEN,QB,24,,137,158,147.5,21,
149,Tyler Allgeier,ARI,RB,26,,169,129,149.0,-40,
150,Aaron Jones Sr.,MIN,RB,31,,175,124,149.5,-51,
151,Deebo Samuel Sr.,SF,WR,30,,165,139,152.0,-26,
152,Oronde Gadsden II,LAC,TE,23,,131,182,156.5,51,
153,Tre' Harris,LAC,WR,24,,142,172,157.0,30,
154,Bryce Young,CAR,QB,25,,146,168,157.0,22,
155,Mike Washington Jr.,LV,RB,23,,176,141,158.5,-35,
156,Jalen McMillan,TB,WR,24,,153,164,158.5,11,
157,AJ Barner,SEA,TE,24,,147,173,160.0,26,
158,Adonai Mitchell,NYJ,WR,23,,161,159,160.0,-2,
159,Jauan Jennings,MIN,WR,29,,154,167,160.5,13,
160,Jerry Jeudy,CLE,WR,27,,158,166,162.0,8,
161,Emmett Johnson,KC,RB,22,,170,160,165.0,-10,
162,Tyjae Spears,TEN,RB,25,,184,148,166.0,-36,
163,Keaton Mitchell,LAC,RB,24,,196,138,167.0,-58,
164,Hunter Henry,NE,TE,31,,185,149,167.0,-36,
165,Tank Bigsby,PHI,RB,24,,195,142,168.5,-53,
166,Travis Hunter,JAC,WR,23,,145,192,168.5,47,
167,Dylan Sampson,CLE,RB,21,,183,155,169.0,-28,
168,Kayshon Boutte,HOU,WR,24,,182,156,169.0,-26,
169,Dalton Schultz,HOU,TE,30,,173,165,169.0,-8,
170,Tyrone Tracy Jr.,NYG,RB,26,,177,162,169.5,-15,
171,Antonio Williams,WAS,WR,22,,132,216,174.0,84,
172,Pat Bryant,DEN,WR,23,,172,177,174.5,5,
173,T.J. Hockenson,MIN,TE,29,,166,185,175.5,19,
174,Tre Tucker,LV,WR,25,,202,153,177.5,-49,
175,Fernando Mendoza,LV,QB,22,,123,236,179.5,113,
176,Braelon Allen,NYJ,RB,22,,205,154,179.5,-51,
177,Dontayvion Wicks,PHI,WR,25,,194,169,181.5,-25,
178,Chris Bell,MIA,WR,22,,162,202,182.0,40,
179,Brian Robinson Jr.,ATL,RB,27,,215,150,182.5,-65,
180,Nicholas Singleton,TEN,RB,22,,179,187,183.0,8,
181,Calvin Ridley,TEN,WR,31,,192,178,185.0,-14,
182,Jaylin Noel,HOU,WR,24,,178,195,186.5,17,
183,Germie Bernard,PIT,WR,22,,160,215,187.5,55,
184,Eli Stowers,PHI,TE,23,,126,250,188.0,124,
185,Pat Freiermuth,PIT,TE,27,,180,197,188.5,17,
186,Malik Washington,MIA,WR,25,,193,184,188.5,-9,
187,Ja'Kobi Lane,BAL,WR,22,,197,181,189.0,-16,
188,Ryan Flournoy,DAL,WR,26,,204,175,189.5,-29,
189,Gunnar Helm,TEN,TE,24,,174,206,190.0,32,
190,Alvin Kamara,NO,RB,31,,219,163,191.0,-56,
191,Malachi Fields,NYG,WR,23,,181,201,191.0,20,
192,Isaac TeSlaa,DET,WR,24,,189,194,191.5,5,
193,Ted Hurst III,TB,WR,22,,163,222,192.5,59,
194,Troy Franklin,DEN,WR,23,,168,218,193.0,50,
195,Kimani Vidal,LAC,RB,25,,210,176,193.0,-34,
196,Jalen Nailor,LV,WR,27,,221,170,195.5,-51,
197,Ray Davis,BUF,RB,26,,222,171,196.5,-51,
198,Isiah Pacheco,DET,RB,27,IR,208,186,197.0,-22,
199,Zachariah Branch,ATL,WR,22,,190,205,197.5,15,
200,Kaytron Allen,WAS,RB,23,,203,193,198.0,-10,
201,Darnell Mooney,NYG,WR,28,,199,203,201.0,4,
202,Jacoby Brissett,ARI,QB,33,,218,190,204.0,-28,
203,Rashod Bateman,BAL,WR,26,,217,191,204.0,-26,
204,Michael Penix Jr.,ATL,QB,26,,167,247,207.0,80,
205,Cade Otton,TB,TE,27,,206,208,207.0,2,
206,Sean Tucker,TB,RB,24,,230,188,209.0,-42,
207,Emanuel Wilson,SEA,RB,27,,211,207,209.0,-4,
208,Elic Ayomanor,TEN,WR,23,,186,234,210.0,48,
209,Aaron Rodgers,PIT,QB,42,,224,200,212.0,-24,
210,Keenan Allen,IND,WR,34,,247,179,213.0,-68,
211,David Njoku,LAC,TE,30,,207,219,213.0,12,
212,Mason Taylor,NYJ,TE,22,,187,241,214.0,54,
213,Jaylen Wright,MIA,RB,23,,233,198,215.5,-35,
214,Geno Smith,NYJ,QB,35,,225,209,217.0,-16,
215,Tua Tagovailoa,ATL,QB,28,,191,244,217.5,53,
216,Kaelon Black,SF,RB,24,,256,180,218.0,-76,
217,Kaleb Johnson,GB,RB,23,,237,199,218.0,-38,
218,Demond Claiborne,MIN,RB,22,,214,225,219.5,11,
219,Tank Dell,HOU,WR,26,IR,216,227,221.5,11,
220,Keon Coleman,BUF,WR,23,,220,224,222.0,4,
221,Greg Dulcich,MIA,TE,26,,235,211,223.0,-24,
222,Elijah Sarratt,BAL,WR,23,,201,249,225.0,48,
223,Tory Horton,SEA,WR,23,,212,238,225.0,26,
224,Cooper Kupp,SEA,WR,33,,242,210,226.0,-32,
225,Chimere Dike,TEN,WR,24,,213,239,226.0,26,
226,James Conner,ARI,RB,31,,238,214,226.0,-24,
227,Ollie Gordon II,MIA,RB,22,,234,220,227.0,-14,
228,Shedeur Sanders,CLE,QB,24,,198,258,228.0,60,
229,Caleb Douglas,MIA,WR,23,,245,212,228.5,-33,
230,Najee Harris,NYG,RB,28,,264,196,230.0,-68,
231,Jack Bech,LV,WR,23,,226,235,230.5,9,
232,Devaughn Vele,NO,WR,28,,240,223,231.5,-17,
233,Malik Davis,DAL,RB,27,,278,189,233.5,-89,
234,Kyle Williams,NE,WR,23,,223,248,235.5,25,
235,Marvin Mims Jr.,DEN,WR,24,,231,245,238.0,14,
236,Seth McGowan,IND,RB,24,,249,228,238.5,-21,
237,Xavier Legette,CAR,WR,25,,239,243,241.0,4,
238,George Holani,SEA,RB,26,,279,204,241.5,-75,
239,Christian Kirk,SF,WR,29,IR,229,254,241.5,25,
240,Isaiah Davis,NYJ,RB,24,,246,237,241.5,-9,
241,Oscar Delp,NO,TE,23,,200,285,242.5,85,
242,Chris Brooks,GB,RB,26,,268,217,242.5,-51,
243,Theo Johnson,NYG,TE,25,,243,242,242.5,-1,
244,Cyrus Allen,KC,WR,23,,254,232,243.0,-22,
245,Jordan James,SF,RB,22,,258,230,244.0,-28,
246,Evan Engram,DEN,TE,32,,263,226,244.5,-37,
247,Adam Randall,BAL,RB,22,,232,259,245.5,27,
248,Justice Hill,BAL,RB,28,,289,213,251.0,-76,
249,Skyler Bell,BUF,WR,24,,241,261,251.0,20,
250,Kendre Miller,NO,RB,24,,270,233,251.5,-37,
251,Kirk Cousins,LV,QB,38,,252,252,252.0,0,
252,Deshaun Watson,CLE,QB,31,,251,255,253.0,4,
253,Eli Raridon,NE,TE,22,,209,300,254.5,91,
254,Hollywood Brown,PHI,WR,29,,253,260,256.5,7,
255,DeMario Douglas,NE,WR,25,,250,265,257.5,15,
256,Colby Parkinson,LAR,TE,27,,290,229,259.5,-61,
257,Tyreek Hill,FA,WR,32,,236,287,261.5,51,
258,Brashard Smith,KC,RB,23,,267,257,262.0,-10,
259,Ty Simpson,LAR,QB,23,,188,338,263.0,150,
260,DJ Giddens,IND,RB,23,,276,251,263.5,-25,
261,Darius Slayton,FA,WR,29,,275,253,264.0,-22,
262,LeQuint Allen Jr.,JAC,RB,22,,287,246,266.5,-41,
263,Michael Mayer,LV,TE,25,,255,279,267.0,24,
264,Max Klare,LAR,TE,23,,228,309,268.5,81,
265,Tyquan Thornton,KC,WR,26,,307,231,269.0,-76,
266,Bryce Lance,NO,WR,24,,248,291,269.5,43,
267,Trey Benson,ARI,RB,24,IR,261,278,269.5,17,
268,Samaje Perine,CIN,RB,31,,319,221,270.0,-98,
269,Isaiah Bond,CLE,WR,22,,272,270,271.0,-2,
270,Elijah Arroyo,SEA,TE,23,,260,286,273.0,26,
271,Ty Johnson,BUF,RB,28,,311,240,275.5,-71,
272,Cole Kmet,CHI,TE,27,,257,294,275.5,37,
273,Devin Neal,FA,RB,23,,280,271,275.5,-9,
274,Brandon Aiyuk,SF,WR,28,IR,274,277,275.5,3,
275,J.J. McCarthy,MIN,QB,23,,244,311,277.5,67,
276,Carson Beck,ARI,QB,23,,262,296,279.0,34,
277,Chris Brazzell II,CAR,WR,22,IR,227,334,280.5,107,
278,Tahj Brooks,CIN,RB,24,,286,275,280.5,-11,
279,Jake Tonges,SF,TE,27,,294,269,281.5,-25,
280,Darnell Washington,PIT,TE,25,,291,273,282.0,-18,
281,Andrei Iosivas,CIN,WR,26,,299,266,282.5,-33,
282,Tez Johnson,TB,WR,24,,271,298,284.5,27,
283,Devin Singletary,NYG,RB,29,,308,264,286.0,-44,
284,Mike Gesicki,CIN,TE,30,,318,256,287.0,-62,
285,Charlie Kolar,LAC,TE,27,,303,272,287.5,-31,
286,Jaydon Blue,PHI,RB,22,,316,262,289.0,-54,
287,Mack Hollins,NE,WR,33,,315,268,291.5,-47,
288,Xavier Hutchinson,HOU,WR,26,,297,288,292.5,-9,
289,Mac Jones,SF,QB,28,,265,321,293.0,56,
290,Justin Fields,KC,QB,27,,266,324,295.0,58,
291,Malik Benson,LV,WR,23,,283,307,295.0,24,
292,Jalen Tolbert,MIA,WR,27,,302,290,296.0,-12,
293,Jayden Higgins,HOU,WR,23,IR,117,,297.0,,
294,Anthony Richardson Sr.,IND,QB,24,,259,336,297.5,77,
295,Will Shipley,PHI,RB,24,,313,282,297.5,-31,
296,Brenen Thompson,LAC,WR,23,,293,304,298.5,11,
297,Trevor Etienne,CAR,RB,22,,321,280,300.5,-41,
298,Cedric Tillman,NO,WR,26,,285,317,301.0,32,
299,Isaac Guerendo,SF,RB,26,PUP,322,281,301.5,-41,
300,Joshua Palmer,BUF,WR,26,,305,299,302.0,-6,
301,Dawson Knox,BUF,TE,29,,310,295,302.5,-15,
302,Kevin Coleman Jr.,MIA,WR,23,,281,325,303.0,44,
303,Tyler Higbee,LAR,TE,33,,309,297,303.0,-12,
304,Emari Demercado,DAL,RB,27,,346,263,304.5,-83,
305,Jalen Royals,KC,WR,23,,295,319,307.0,24,
306,Jahan Dotson,ATL,WR,26,,342,274,308.0,-68,
307,Erick All Jr.,CIN,TE,26,,312,306,309.0,-6,
308,Eli Heidenreich,PIT,RB,23,,296,323,309.5,27,
309,Ja'Tavion Sanders,CAR,TE,23,,304,315,309.5,11,
310,Darren Waller,CAR,TE,34,,353,267,310.0,-86,
311,Ricky Pearsall,SF,WR,26,IR,144,,310.5,,
312,Kendrick Bourne,ARI,WR,31,,320,301,310.5,-19,
313,Jarquez Hunter,FA,RB,23,,333,289,311.0,-44,
314,Audric Estime,NO,RB,23,,347,276,311.5,-71,
315,Jerome Ford,WAS,RB,27,IR,336,293,314.5,-43,
316,Luke McCaffrey,WAS,WR,25,,329,308,318.5,-21,
317,Justin Joly,MIA,TE,22,,300,343,321.5,43,
318,Noah Fant,NO,TE,28,,317,332,324.5,15,
319,Marcus Mariota,WAS,QB,32,,292,359,325.5,67,
320,Konata Mumpfield,LAR,WR,23,,339,312,325.5,-27,
321,Zavion Thomas,CHI,WR,22,,337,316,326.5,-21,
322,Bam Knight,ARI,RB,25,,358,302,330.0,-56,
323,Roschon Johnson,CHI,RB,25,,350,310,330.0,-40,
324,Roman Wilson,PIT,WR,25,,340,320,330.0,-20,
325,Matt Hibner,BAL,TE,24,,282,381,331.5,99,
326,Jaleel McLaughlin,CLE,RB,26,,381,283,332.0,-98,
327,Cade Klubnik,NYJ,QB,22,,306,360,333.0,54,
328,Noah Gray,KC,TE,27,,364,303,333.5,-61,
329,Kareem Hunt,FA,RB,31,,377,292,334.5,-85,
330,Ben Sinnott,WAS,TE,24,,327,342,334.5,15,
331,Olamide Zaccheaus,ATL,WR,29,,365,305,335.0,-60,
332,John Metchie III,CAR,WR,26,,323,349,336.0,26,
333,Treylon Burks,WAS,WR,26,,360,313,336.5,-47,
334,Jaylin Lane,WAS,WR,24,,334,341,337.5,7,
335,Raheim Sanders,CLE,RB,24,,363,314,338.5,-49,
336,Dont'e Thornton Jr.,LV,WR,23,IR,348,331,339.5,-17,
337,CJ Daniels,LAR,WR,24,,324,358,341.0,34,
338,Jameis Winston,NYG,QB,32,,330,354,342.0,24,
339,Joe Flacco,CIN,QB,41,,341,346,343.5,5,
340,Drew Allar,PIT,QB,22,,269,419,344.0,150,
341,J'Mari Taylor,JAC,RB,24,,344,344,344.0,0,
342,Tutu Atwell,LAR,WR,26,,361,328,344.5,-33,
343,KaVontae Turpin,DAL,WR,30,,375,318,346.5,-57,
344,Savion Williams,GB,WR,24,IR,355,339,347.0,-16,
345,Jordan Whittington,LAR,WR,25,,349,348,348.5,-1,
346,Jonnu Smith,GB,TE,31,,362,340,351.0,-22,
347,Demarcus Robinson,SF,WR,31,,366,337,351.5,-29,
348,Tommy Tremble,CAR,TE,26,,359,345,352.0,-14,
349,Rasheen Ali,BAL,RB,25,,370,335,352.5,-35,
350,Kalif Raymond,CHI,WR,32,,387,322,354.5,-65,
351,Devontez Walker,BAL,WR,25,,357,355,356.0,-2,
352,Jacob Saylors,DET,RB,,,,284,358.5,,
353,Dyami Brown,WAS,WR,26,,354,363,358.5,9,
354,Dylan Laube,LV,RB,26,,367,356,361.5,-11,
355,Barion Brown,NO,WR,22,,372,353,362.5,-19,
356,Luke Musgrave,GB,TE,26,PUP,356,371,363.5,15,
357,Colbie Young,CIN,WR,24,,399,330,364.5,-69,
358,Taylen Green,CLE,QB,23,,273,460,366.5,187,
359,Deion Burks,IND,WR,23,,352,382,367.0,30,
360,Ashton Dulin,IND,WR,29,,391,347,369.0,-44,
361,AJ Dillon,CAR,RB,28,,378,361,369.5,-17,
362,Tai Felton,MIN,WR,23,,332,410,371.0,78,
363,Marlin Klein,HOU,TE,23,,345,397,371.0,52,
364,Mitchell Evans,CAR,TE,23,,385,357,371.0,-28,
365,Sam Roush,CHI,TE,23,,277,470,373.5,193,
366,Tyson Bagent,CHI,QB,26,,284,464,374.0,180,
367,Austin Hooper,ATL,TE,31,,376,375,375.5,-1,
368,Joe Milton III,DAL,QB,26,,314,441,377.5,127,
369,Joe Mixon,FA,RB,,,,326,379.5,,
370,Jawhar Jordan,HOU,RB,27,,408,351,379.5,-57,
371,Sione Vaki,DET,RB,,,,327,380.0,,
372,Odell Beckham Jr.,NYG,WR,,,,329,381.0,,
373,Jalen Milroe,SEA,QB,23,,288,,382.5,,
374,Michael Carter,TEN,RB,,,,333,383.0,,
375,Elijah Higgins,ARI,TE,25,,384,383,383.5,-1,
376,Elijah Moore,PHI,WR,26,,380,393,386.5,13,
377,Dohnte Meyers,CIN,WR,26,,400,374,387.0,-26,
378,Quinn Ewers,JAC,QB,23,,298,,387.5,,
379,Cole Payton,PHI,QB,23,,301,,389.0,,
380,DeAndre Hopkins,BAL,WR,34,,390,391,390.5,1,
381,Tanner Koziol,JAC,TE,22,,335,448,391.5,113,
382,Kyle Juszczyk,SF,RB,,,,350,391.5,,
383,Daniel Bellinger,TEN,TE,,,,352,392.5,,
384,KeAndre Lambert-Smith,LAC,WR,24,,371,414,392.5,43,
385,Tyler Lockett,LV,WR,33,,389,398,393.5,9,
386,Zach Ertz,FA,TE,35,,412,378,395.0,-34,
387,Jeremy McNichols,WAS,RB,30,,418,373,395.5,-45,
388,Phil Mafah,FA,RB,,,,362,397.5,,
389,Jahdae Walker,CHI,WR,24,,425,370,397.5,-55,
390,Davis Mills,HOU,QB,27,,328,469,398.5,141,
391,Corey Kiner,NE,RB,,,,364,398.5,,
392,Ronnie Rivers,LAR,RB,,,,365,399.0,,
393,Austin Ekeler,FA,RB,,,,366,399.5,,
394,Isaiah Williams,NYJ,WR,,,,367,400.0,,
395,Josh Oliver,MIN,TE,29,,415,385,400.0,-30,
396,Tyler Goodson,ATL,RB,,,,368,400.5,,
397,Reggie Virgil,ARI,WR,22,,392,409,400.5,17,
398,Nate Boerkircher,JAC,TE,25,,402,399,400.5,-3,
399,Will Howard,PIT,QB,24,,325,,401.0,,
400,Nick Westbrook-Ikhine,IND,WR,,,,369,401.0,,
401,Garrett Nussmeier,KC,QB,24,,326,,401.5,,
402,Riley Leonard,IND,QB,24,,338,467,402.5,129,
403,Jam Miller,FA,RB,,,,372,402.5,,
404,Spencer Rattler,NO,QB,25,,331,,404.0,,
405,Dameon Pierce,PHI,RB,,,,376,404.5,,
406,Antonio Williams,FA,RB,,,,377,405.0,,
407,Ameer Abdullah,JAC,RB,,,,379,406.0,,
408,Khalil Herbert,FA,RB,,,,380,406.5,,
409,Antonio Gibson,FA,RB,,,,384,408.5,,
410,Tyler Badie,DEN,RB,,,,386,409.5,,
411,Will Kacmarek,MIA,TE,23,,401,418,409.5,17,
412,Calvin Austin III,NYG,WR,27,IR,343,,410.0,,
413,Hunter Luepke,DAL,RB,,,,387,410.0,,
414,Miles Sanders,FA,RB,,,,388,410.5,,
415,John Bates,WAS,TE,,,,389,411.0,,
416,Damien Martinez,FA,RB,,,,390,411.5,,
417,Zamir White,NO,RB,,,,392,412.5,,
418,Trey Lance,LAC,QB,26,,351,475,413.0,124,
419,Jacob Cowing,SF,WR,,,,394,413.5,,
420,Raheem Mostert,LV,RB,34,,426,401,413.5,-25,
421,Isaiah Williams,FA,WR,,,,395,414.0,,
422,Tim Patrick,NYJ,WR,32,,403,425,414.0,22,
423,Julius Chestnut,TEN,RB,,,,396,414.5,,
424,Brandin Cooks,FA,WR,,,,400,416.5,,
425,Josh Cameron,JAC,WR,23,,398,436,417.0,38,
426,Jordan Watkins,SF,WR,24,,432,402,417.0,-30,
427,Terrell Jennings,FA,RB,,,,403,418.0,,
428,Jimmy Horn Jr.,CAR,WR,,,,404,418.5,,
429,Zavier Scott,CHI,RB,,,,405,419.0,,
430,Taysom Hill,FA,TE,,,,406,419.5,,
431,Kalel Mullings,TEN,RB,,,,407,420.0,,
432,Luke Schoonmaker,DAL,TE,27,,379,462,420.5,83,
433,Josh Williams,TB,RB,,,,408,420.5,,
434,Diontae Johnson,FA,WR,,,,411,422.0,,
435,Jack Endries,CIN,TE,22,,368,,422.5,,
436,Xavier Restrepo,TEN,WR,,,,412,422.5,,
437,Tanner McKee,PHI,QB,26,,369,,423.0,,
438,Greg Dortch,BUF,WR,,,,413,423.0,,
439,Jalen Reagor,FA,WR,,,,415,424.0,,
440,Adam Trautman,DEN,TE,29,,422,426,424.0,4,
441,Tommy Myers,FA,TE,,,,416,424.5,,
442,Dillon Gabriel,CLE,QB,25,,373,,425.0,,
443,Gabe Davis,FA,WR,,,,417,425.0,,
444,Michael Trigg,DAL,TE,24,,374,,425.5,,
445,Alec Ingold,LAC,RB,,,,420,426.5,,
446,Max Bredeson,MIN,RB,,,,421,427.0,,
447,Patrick Ricard,NYG,RB,,,,422,427.5,,
448,Jermaine Burton,FA,WR,,,,423,428.0,,
449,Pierre Strong Jr.,GB,RB,,,,424,428.5,,
450,Bo Melton,GB,WR,27,,382,,429.5,,
451,Jalon Daniels,TB,QB,23,,383,,430.0,,
452,Kaden Wetjen,PIT,WR,24,,405,455,430.0,50,
453,Robert Henry Jr.,WAS,RB,24,,411,449,430.0,38,
454,Efton Chism III,NE,WR,,,,427,430.0,,
455,Theo Wease Jr.,LAC,WR,25,,427,433,430.0,6,
456,Chris Blair,ATL,WR,,,,428,430.5,,
457,Kene Nwangwu,NYJ,RB,,,,429,431.0,,
458,Tyler Huntley,BAL,QB,28,,386,,431.5,,
459,Jaydn Ott,KC,RB,,,,430,431.5,,
460,Jackson Hawes,BUF,TE,,,,431,432.0,,
461,Joe Royer,CLE,TE,24,IR,388,,432.5,,
462,Elijah Mitchell,FA,RB,,,,432,432.5,,
463,Brock Wright,DET,TE,27,,419,447,433.0,28,
464,Darius Cooper,PHI,WR,,,,434,433.5,,
465,Lan Larison,NE,RB,,,,435,434.0,,
466,Dallen Bentley,DEN,TE,25,,393,,435.0,,
467,Xavier Smith,LAR,WR,,,,437,435.0,,
468,Kendrick Law,DET,WR,23,IR,394,,435.5,,
469,British Brooks,HOU,RB,,,,438,435.5,,
470,Will Levis,FA,QB,27,,395,,436.0,,
471,Alexander Mattison,FA,RB,,,,439,436.0,,
472,Kenny Pickett,CAR,QB,28,,396,,436.5,,
473,Hassan Haskins,NE,RB,,,,440,436.5,,
474,Roman Hemby,LV,RB,24,,397,,437.0,,
475,Sincere McCormick,SF,RB,,,,442,437.5,,
476,Jelani Woods,NYJ,TE,27,,410,466,438.0,56,
477,Marquez Valdes-Scantling,FA,WR,,,,443,438.0,,
478,Michael Woods II,FA,WR,,,,444,438.5,,
479,Scotty Miller,CHI,WR,,,,445,439.0,,
480,Reggie Gilliam,NE,RB,,,,446,439.5,,
481,Durham Smythe,BAL,TE,31,,421,459,440.0,38,
482,J. Michael Sturdivant,GB,WR,24,,404,,440.5,,
483,Cade Stover,HOU,TE,26,,417,465,441.0,48,
484,Tyrell Shavers,BUF,WR,27,PUP,406,,441.5,,
485,Dean Connors,LAR,RB,,,,450,441.5,,
486,Tyren Montgomery,TEN,WR,25,,407,,442.0,,
487,CJ Donaldson,NO,RB,,,,451,442.0,,
488,Tyler Conklin,DET,TE,,,,452,442.5,,
489,Riley Nowakowski,PIT,TE,24,,409,,443.0,,
490,Cash Jones,ATL,RB,,,,453,443.0,,
491,Foster Moreau,HOU,TE,,,,454,443.5,,
492,Kendall Milton,CIN,RB,,,,456,444.5,,
493,Malachi Corley,CLE,WR,24,,413,,445.0,,
494,Lew Nichols III,PIT,RB,,,,457,445.0,,
495,Josh Cuevas,BAL,TE,22,,414,,445.5,,
496,DeeJay Dallas,MIN,RB,,,,458,445.5,,
497,Carsen Ryan,CLE,TE,23,,416,,446.5,,
498,Jacardia Wright,SEA,RB,,,,461,447.0,,
499,Tanner Hudson,CIN,TE,,,,463,448.0,,
500,Jamari Thrash,CLE,WR,25,IR,420,,448.5,,
501,Jared Wayne,HOU,WR,25,,423,,450.0,,
502,Lil'Jordan Humphrey,DEN,WR,28,,428,472,450.0,44,
503,Kevin Austin Jr.,NO,WR,26,,424,,450.5,,
504,Mitchell Tinsley,HOU,WR,,,,468,450.5,,
505,Haynes King,CAR,QB,,,,471,452.0,,
506,Jonathan Mingo,DAL,WR,25,,429,,453.0,,
507,Tyrod Taylor,GB,QB,,,,473,453.0,,
508,Thomas Fidone II,NYG,TE,23,,430,,453.5,,
509,Drew Sample,CIN,TE,,,,474,453.5,,
510,Mo Alie-Cox,IND,TE,32,,431,,454.0,,
511,Noah Whittington,HOU,RB,,,,476,454.5,,
