owner,player,team
ANN,A.J. Brown,NE
ANN,Adonai Mitchell,NYJ
ANN,Ashton Jeanty,LV
ANN,Caleb Williams,CHI
ANN,David Montgomery,HOU
ANN,De'Von Achane,MIA
ANN,Denzel Boston,CLE
ANN,Falcons,DST
ANN,Garrett Wilson,NYJ
ANN,George Pickens,DAL
ANN,Harrison Butker,K
ANN,Isaiah Likely,NYG
ANN,Jakobi Meyers,JAC
ANN,Jaylen Wright,MIA
ANN,Jonathon Brooks,CAR
ANN,Rachaad White,WAS
ANN,Rashod Bateman,BAL
ANN,Sam Darnold,SEA
ANN,Terrance Ferguson,LAR
ANN,Tony Pollard,TEN
ANN,Tyler Loop,K
ANN,Vikings,DST
BAUKOL,49ers,DST
BAUKOL,Andres Borregales,K
BAUKOL,Brian Thomas Jr.,JAC
BAUKOL,Cam Skattebo,NYG
BAUKOL,Carnell Tate,TEN
BAUKOL,Chris Olave,NO
BAUKOL,Colston Loveland,CHI
BAUKOL,Eddy Pineiro,K
BAUKOL,Jaxson Dart,NYG
BAUKOL,Jaylen Warren,PIT
BAUKOL,Josh Allen,BUF
BAUKOL,Josh Jacobs,GB
BAUKOL,Khalil Shakir,BUF
BAUKOL,Kyle Monangai,CHI
BAUKOL,Michael Wilson,ARI
BAUKOL,Nico Collins,HOU
BAUKOL,Quinshon Judkins,CLE
BAUKOL,Sam LaPorta,DET
BAUKOL,Texans,DST
BOLDING,Bo Nix,DEN
BOLDING,Brock Bowers,LV
BOLDING,Browns,DST
BOLDING,Christian McCaffrey,SF
BOLDING,Chuba Hubbard,CAR
BOLDING,Dak Prescott,DAL
BOLDING,Davante Adams,LAR
BOLDING,Deebo Samuel,SF
BOLDING,Emeka Egbuka,TB
BOLDING,Harold Fannin Jr.,CLE
BOLDING,Jadarian Price,SEA
BOLDING,Jason Myers,K
BOLDING,Jordyn Tyson,NO
BOLDING,Josh Palmer,BUF
BOLDING,Justin Jefferson,MIN
BOLDING,Kaelon Black,SF
BOLDING,Omarion Hampton,LAC
BOLDING,Romeo Doubs,NE
BOLDING,Steelers,DST
BOLDING,Wil Lutz,K
BUSSONE,Blake Corum,LAR
BUSSONE,Cameron Dicker,K
BUSSONE,CeeDee Lamb,DAL
BUSSONE,Chris Godwin,TB
BUSSONE,Dalton Kincaid,BUF
BUSSONE,Ja'Marr Chase,CIN
BUSSONE,Jeremiyah Love,ARI
BUSSONE,Jordan Love,GB
BUSSONE,Kenneth Walker III,KC
BUSSONE,Ladd McConkey,LAC
BUSSONE,Luther Burden III,CHI
BUSSONE,Malik Nabers,NYG
BUSSONE,Ollie Gordon II,MIA
BUSSONE,Ravens,DST
BUSSONE,Seahawks,DST
BUSSONE,Spencer Shrader,K
BUSSONE,TreVeyon Henderson,NE
BUSSONE,Trevor Lawrence,JAC
BUSSONE,Tyler Warren,IND
CHEN,Alvin Kamara,NO
CHEN,Brock Purdy,SF
CHEN,Broncos,DST
CHEN,Cam Little,K
CHEN,Chris Bell,MIA
CHEN,Chris Boswell,K
CHEN,D'Andre Swift,CHI
CHEN,Darren Waller,CAR
CHEN,Eli Stowers,PHI
CHEN,James Conner,ARI
CHEN,James Cook III,BUF
CHEN,Jameson Williams,DET
CHEN,Josh Downs,IND
CHEN,Justin Herbert,LAC
CHEN,Parker Washington,JAC
CHEN,Raiders,DST
CHEN,Ray Davis,BUF
CHEN,Rhamondre Stevenson,NE
CHEN,Stefon Diggs,WAS
CHEN,Tank Dell,HOU
CHEN,Ted Hurst,TB
CHEN,Trey McBride,ARI
FORBES,Aaron Jones,MIN
FORBES,De'Zhaun Stribling,SF
FORBES,Emanuel Wilson,SEA
FORBES,Evan McPherson,K
FORBES,George Kittle,SF
FORBES,J.K. Dobbins,DEN
FORBES,Jake Bates,K
FORBES,Jake Ferguson,DAL
FORBES,Jauan Jennings,MIN
FORBES,Jaxon Smith-Njigba,SEA
FORBES,Keenan Allen,IND
FORBES,Lamar Jackson,BAL
FORBES,Marvin Harrison Jr.,ARI
FORBES,Mike Evans,SF
FORBES,Mike Washington Jr.,LV
FORBES,Patrick Mahomes,KC
FORBES,Rams,DST
FORBES,Titans,DST
FORBES,Travis Etienne,NO
FORBES,Tyreek Hill,MIA
FREEMANS,Bills,DST
FREEMANS,Braelon Allen,NYJ
FREEMANS,Bryce Young,CAR
FREEMANS,Cairo Santos,K
FREEMANS,Christian Watson,GB
FREEMANS,DK Metcalf,PIT
FREEMANS,Dallas Goedert,PHI
FREEMANS,DeVonta Smith,PHI
FREEMANS,Derrick Henry,BAL
FREEMANS,Jalen Coker,CAR
FREEMANS,Jared Goff,DET
FREEMANS,Jordan Addison,MIN
FREEMANS,Kyren Williams,LAR
FREEMANS,Lions,DST
FREEMANS,MarShawn Lloyd,GB
FREEMANS,Matthew Golden,GB
FREEMANS,Rico Dowdle,PIT
FREEMANS,Tucker Kraft,GB
FREEMANS,Will Reichard,K
MUCK/UZES,Bears,DST
MUCK/UZES,Breece Hall,NYJ
MUCK/UZES,Bucky Irving,TB
MUCK/UZES,Chase McLaughlin,K
MUCK/UZES,Dalton Schultz,HOU
MUCK/UZES,Drake London,ATL
MUCK/UZES,Harrison Mevis,K
MUCK/UZES,Jalen Hurts,PHI
MUCK/UZES,Javonte Williams,DAL
MUCK/UZES,Jayden Daniels,WAS
MUCK/UZES,Kenneth Gainwell,TB
MUCK/UZES,Patriots,DST
MUCK/UZES,Quentin Johnston,LAC
MUCK/UZES,Rashee Rice,KC
MUCK/UZES,Saquon Barkley,PHI
MUCK/UZES,Tetairoa McMillan,CAR
MUCK/UZES,Travis Kelce,KC
MUCK/UZES,Xavier Worthy,KC
MUCK/UZES,Zay Flowers,BAL
PRESTON,Amon-Ra St. Brown,DET
PRESTON,Antonio Williams,WAS
PRESTON,Brandon Aubrey,K
PRESTON,Brian Robinson Jr.,ATL
PRESTON,DJ Moore,BUF
PRESTON,Drake Maye,NE
PRESTON,Eagles,DST
PRESTON,Emmett Johnson,KC
PRESTON,Hunter Henry,NE
PRESTON,Ja'Kobi Lane,BAL
PRESTON,Jacory Croskey-Merritt,WAS
PRESTON,Jahmyr Gibbs,DET
PRESTON,Jonah Coleman,DEN
PRESTON,Kenyon Sadiq,NYJ
PRESTON,Matthew Stafford,LAR
PRESTON,Puka Nacua,LAR
PRESTON,Rome Odunze,CHI
PRESTON,Saints,DST
PRESTON,Tre Tucker,LV
PRESTON,Tyler Allgeier,ARI
PRESTON,Tyler Bass,K
PRESTON,Zach Charbonnet,SEA
THROBBER,Alec Pierce,IND
THROBBER,Bhayshul Tuten,JAC
THROBBER,Bijan Robinson,ATL
THROBBER,Chase Brown,CIN
THROBBER,Chiefs,DST
THROBBER,Chris Rodriguez Jr.,JAC
THROBBER,Daniel Carlson,K
THROBBER,Devaughn Vele,NO
THROBBER,Jaguars,DST
THROBBER,Jaylen Waddle,DEN
THROBBER,Joe Burrow,CIN
THROBBER,Jonathan Taylor,IND
THROBBER,Jordan Mason,MIN
THROBBER,Josh Cameron,JAC
THROBBER,Juwan Johnson,NO
THROBBER,KC Concepcion,CLE
THROBBER,Ka'imi Fairbairn,K
THROBBER,Oronde Gadsden II,LAC
THROBBER,Tee Higgins,CIN
THROBBER,Terry McLaurin,WAS
THROBBER,Tyler Shough,NO
