season,team,sack,fum,int,dwn,td,sty,yds_ag,pts_ag,avg,total
2025,Seahawks,47,7,18,22,7,0,4860,280,5.88,100.0
2025,Texans,47,10,19,11,4,0,4713,283,4.82,82.0
2025,Jaguars,32,9,22,20,4,1,5162,324,4.68,79.5
2025,Broncos,68,4,10,13,2,0,4730,309,4.53,77.0
2025,Patriots,35,9,10,20,5,1,5019,308,4.53,77.0
2025,Rams,47,9,16,19,2,0,5568,322,4.12,70.0
2025,Steelers,48,12,15,10,3,1,6068,373,4.09,69.5
2025,Browns,53,7,11,11,4,0,4822,353,4.09,69.5
2025,Eagles,42,9,12,18,3,0,5341,323,3.91,66.5
2025,Vikings,49,13,8,8,2,0,4804,309,3.88,66.0
2025,Bills,36,7,13,9,3,0,4983,365,3.71,63.0
2025,Saints,45,10,10,16,3,0,5096,369,3.68,62.5
2025,Chargers,45,4,19,12,0,1,4849,322,3.65,62.0
2025,Bears,35,10,23,12,2,0,6150,403,3.59,61.0
2025,Falcons,57,7,16,13,1,0,5553,377,3.41,58.0
2025,Ravens,30,9,11,18,2,0,6027,392,3.29,56.0
2025,Lions,49,6,13,11,1,1,5642,411,3.18,54.0
2025,Buccaneers,37,10,13,16,2,1,5733,393,3.18,54.0
2025,Dolphins,39,11,9,8,1,0,5929,406,3.09,52.5
2025,Titans,42,7,6,4,3,1,5867,454,3.09,52.5
2025,Panthers,30,6,15,8,2,0,5563,368,3.03,51.5
2025,Commanders,42,2,8,12,2,1,6528,445,3.00,51.0
2025,Chiefs,35,4,10,17,0,0,5126,318,2.91,49.5
2025,Colts,39,7,14,13,1,0,5947,398,2.82,48.0
2025,Bengals,35,7,13,9,2,0,6475,436,2.74,46.5
2025,Packers,36,7,7,16,0,0,5301,358,2.71,46.0
2025,Giants,39,6,9,6,2,0,6112,421,2.71,46.0
2025,Jets,26,4,0,6,4,1,6045,497,2.59,44.0
2025,49ers,20,10,6,10,1,0,5784,357,2.53,43.0
2025,Raiders,37,8,8,8,0,1,5403,406,2.50,42.5
2025,Cardinals,30,9,10,13,2,1,6081,470,2.44,41.5
2025,Cowboys,35,6,6,8,2,1,6409,509,2.26,38.5
2024,Broncos,63,9,15,14,5,2,5391,311,5.91,100.5
2024,Seahawks,45,5,13,10,5,1,5656,346,4.68,79.5
2024,Vikings,49,9,24,22,3,0,5705,324,4.65,79.0
2024,Texans,49,9,19,9,3,1,5355,370,4.21,71.5
2024,Bills,39,16,16,15,3,1,5806,356,4.15,70.5
2024,Chargers,46,6,15,11,1,0,5514,299,4.15,70.5
2024,Eagles,41,13,13,11,1,0,4732,291,4.09,69.5
2024,Lions,37,8,16,17,2,0,5820,334,4.03,68.5
2024,Steelers,40,16,17,7,2,0,5556,335,3.97,67.5
2024,Rams,38,7,13,8,4,1,5998,386,3.88,66.0
2024,Packers,45,14,17,12,1,0,5347,320,3.88,66.0
2024,Cowboys,52,9,13,8,4,0,6039,456,3.76,64.0
2024,Bengals,36,10,15,11,3,1,5921,416,3.74,63.5
2024,Ravens,54,5,12,16,2,0,5511,357,3.62,61.5
2024,Buccaneers,46,11,7,11,2,1,5810,377,3.59,61.0
2024,Bears,40,13,11,10,3,0,6022,368,3.59,61.0
2024,Cardinals,41,8,9,10,1,2,5823,367,3.59,61.0
2024,Chiefs,39,7,13,11,1,0,5451,326,3.50,59.5
2024,Falcons,31,6,12,12,4,1,5868,409,3.38,57.5
2024,Giants,45,10,5,9,2,0,5896,379,3.06,52.0
2024,Saints,39,3,14,13,1,1,6459,374,3.06,52.0
2024,Commanders,43,10,7,8,1,0,5558,379,3.00,51.0
2024,Jets,43,10,7,5,1,0,5334,390,2.88,49.0
2024,49ers,37,6,11,9,2,0,5396,430,2.82,48.0
2024,Browns,41,8,4,10,2,1,5816,405,2.74,46.5
2024,Jaguars,34,3,6,10,2,0,6629,433,2.68,45.5
2024,Dolphins,35,6,10,10,0,0,5345,348,2.62,44.5
2024,Colts,36,9,16,10,1,0,6140,409,2.62,44.5
2024,Raiders,38,3,10,3,1,0,5663,414,2.38,40.5
2024,Titans,32,6,11,3,0,2,5291,418,2.38,40.5
2024,Patriots,28,5,7,10,1,0,5829,399,2.18,37.0
2024,Panthers,32,8,9,6,0,0,6877,522,1.56,26.5
2023,Cowboys,46,9,17,18,7,1,5095,309,5.65,96.0
2023,Ravens,60,13,18,19,2,1,5123,262,5.21,88.5
2023,Jets,48,10,17,9,4,3,4969,335,5.09,86.5
2023,Raiders,46,9,13,12,5,1,5625,325,4.82,82.0
2023,Bills,54,12,18,9,3,0,5222,299,4.76,81.0
2023,Dolphins,56,12,15,16,4,0,5411,355,4.74,80.5
2023,Chiefs,57,9,8,15,2,0,4926,274,4.59,78.0
2023,49ers,48,6,22,14,1,1,5167,292,4.47,76.0
2023,Colts,51,9,15,9,5,1,5947,405,4.44,75.5
2023,Texans,46,10,14,13,3,0,5622,345,4.18,71.0
2023,Giants,34,13,18,9,4,0,6149,389,4.15,70.5
2023,Browns,49,10,18,9,3,0,4593,322,4.09,69.5
2023,Steelers,47,11,16,10,2,1,5816,324,4.06,69.0
2023,Saints,34,11,18,15,3,0,5562,315,4.03,68.5
2023,Broncos,42,15,11,18,2,1,6303,399,3.94,67.0
2023,Vikings,43,11,11,7,2,0,5664,354,3.74,63.5
2023,Jaguars,40,11,16,20,2,0,5828,359,3.68,62.5
2023,Buccaneers,48,12,13,13,1,1,5852,323,3.68,62.5
2023,Seahawks,47,8,11,13,3,0,6313,402,3.65,62.0
2023,Chargers,48,12,9,13,1,0,6170,380,3.56,60.5
2023,Bengals,44,9,17,8,2,0,6368,378,3.53,60.0
2023,Eagles,43,8,9,15,3,1,6054,416,3.53,60.0
2023,Falcons,42,8,8,12,1,1,5458,363,3.41,58.0
2023,Bears,30,6,22,13,2,0,5511,347,3.41,58.0
2023,Packers,45,11,7,16,2,0,5696,344,3.38,57.5
2023,Patriots,36,8,10,9,2,1,5127,334,3.29,56.0
2023,Lions,41,6,16,11,1,1,5714,377,3.26,55.5
2023,Panthers,27,3,8,3,3,0,4997,386,3.06,52.0
2023,Rams,41,5,10,14,0,2,5744,357,3.00,51.0
2023,Titans,45,8,6,9,1,0,5697,349,2.85,48.5
2023,Commanders,39,10,8,8,0,0,6612,488,2.21,37.5
2023,Cardinals,33,6,11,8,1,0,6047,437,2.18,37.0
