rank,player,team,pos,age,status
1,Ja'Marr Chase,CIN,WR,26,
2,Puka Nacua,LAR,WR,25,
3,Jaxon Smith-Njigba,SEA,WR,24,
4,Jahmyr Gibbs,DET,RB,24,
5,Bijan Robinson,ATL,RB,24,
6,Amon-Ra St. Brown,DET,WR,26,
7,Justin Jefferson,MIN,WR,27,
8,CeeDee Lamb,DAL,WR,27,
9,Ashton Jeanty,LV,RB,22,
10,Malik Nabers,NYG,WR,23,
11,Drake London,ATL,WR,25,
12,Jeremiyah Love,ARI,RB,21,
13,De'Von Achane,MIA,RB,24,
14,Omarion Hampton,LAC,RB,23,
15,James Cook III,BUF,RB,26,
16,Jonathan Taylor,IND,RB,27,
17,Brock Bowers,LV,TE,23,
18,Tetairoa McMillan,CAR,WR,23,
19,Nico Collins,HOU,WR,27,
20,George Pickens,DAL,WR,25,
21,Josh Allen,BUF,QB,30,
22,Chris Olave,NO,WR,26,
23,Emeka Egbuka,TB,WR,23,
24,Trey McBride,ARI,TE,26,
25,Garrett Wilson,NYJ,WR,26,
26,Drake Maye,NE,QB,24,
27,Ladd McConkey,LAC,WR,24,
28,Carnell Tate,TEN,WR,21,
29,Zay Flowers,BAL,WR,26,
30,DeVonta Smith,PHI,WR,27,
31,Kenneth Walker III,KC,RB,25,
32,A.J. Brown,NE,WR,29,
33,Jayden Daniels,WAS,QB,25,
34,Lamar Jackson,BAL,QB,29,
35,Tee Higgins,CIN,WR,27,
36,Rashee Rice,KC,WR,26,
37,Chase Brown,CIN,RB,26,
38,Luther Burden III,CHI,WR,22,
39,Joe Burrow,CIN,QB,29,
40,Jaylen Waddle,DEN,WR,27,
41,Colston Loveland,CHI,TE,22,
42,Breece Hall,NYJ,RB,25,
43,Christian McCaffrey,SF,RB,30,
44,Rome Odunze,CHI,WR,24,
45,Saquon Barkley,PHI,RB,29,
46,Tyler Warren,IND,TE,24,
47,Justin Herbert,LAC,QB,28,
48,Jordyn Tyson,NO,WR,22,
49,Caleb Williams,CHI,QB,24,
50,Jameson Williams,DET,WR,25,
51,Makai Lemon,PHI,WR,22,
52,Tucker Kraft,GB,TE,25,
53,TreVeyon Henderson,NE,RB,23,
54,Jalen Hurts,PHI,QB,28,
55,Marvin Harrison Jr.,ARI,WR,24,
56,Kyren Williams,LAR,RB,26,
57,Harold Fannin Jr.,CLE,TE,22,
58,Quinshon Judkins,CLE,RB,22,
59,Christian Watson,GB,WR,27,
60,Brian Thomas Jr.,JAC,WR,23,
61,Patrick Mahomes II,KC,QB,30,
62,Bucky Irving,TB,RB,24,
63,Kyle Pitts Sr.,ATL,TE,25,
64,Trevor Lawrence,JAC,QB,26,
65,Sam LaPorta,DET,TE,25,
66,Cam Skattebo,NYG,RB,24,
67,Terry McLaurin,WAS,WR,31,
68,Javonte Williams,DAL,RB,26,
69,Travis Etienne Jr.,NO,RB,27,
70,Jaxson Dart,NYG,QB,23,
71,Brock Purdy,SF,QB,26,
72,DJ Moore,BUF,WR,29,
73,Bo Nix,DEN,QB,26,
74,Parker Washington,JAC,WR,24,
75,Jadarian Price,SEA,RB,22,
76,DK Metcalf,PIT,WR,28,
77,KC Concepcion,CLE,WR,21,
78,Alec Pierce,IND,WR,26,
79,Bhayshul Tuten,JAC,RB,23,
80,Derrick Henry,BAL,RB,32,
81,Dalton Kincaid,BUF,TE,26,
82,Jordan Addison,MIN,WR,24,
83,Dak Prescott,DAL,QB,33,
84,Michael Wilson,ARI,WR,26,
85,D'Andre Swift,CHI,RB,27,
86,Davante Adams,LAR,WR,33,
87,Josh Downs,IND,WR,25,
88,Kenyon Sadiq,NYJ,TE,21,
89,Michael Pittman Jr.,PIT,WR,28,
90,Wan'Dale Robinson,TEN,WR,25,
91,David Montgomery,HOU,RB,29,
92,Josh Jacobs,GB,RB,28,
93,Quentin Johnston,LAC,WR,25,
94,Isaiah Likely,NYG,TE,26,
95,George Kittle,SF,TE,32,
96,Jordan Love,GB,QB,27,
97,Mike Evans,SF,WR,33,
98,Courtland Sutton,DEN,WR,30,
99,Matthew Golden,GB,WR,23,
100,Jayden Reed,GB,WR,26,
101,Jared Goff,DET,QB,31,
102,Jakobi Meyers,JAC,WR,29,
103,Denzel Boston,CLE,WR,22,
104,Xavier Worthy,KC,WR,23,
105,Chris Godwin Jr.,TB,WR,30,
106,Jaylen Warren,PIT,RB,27,
107,Brenton Strange,JAC,TE,25,
108,Omar Cooper Jr.,NYJ,WR,22,
109,Romeo Doubs,NE,WR,26,
110,Jake Ferguson,DAL,TE,27,
111,Zach Charbonnet,SEA,RB,25,PUP
112,Jonathon Brooks,CAR,RB,23,
113,Jalen Coker,CAR,WR,24,
114,RJ Harvey,DEN,RB,25,
115,Kyle Monangai,CHI,RB,24,
116,Baker Mayfield,TB,QB,31,
117,Jayden Higgins,HOU,WR,23,IR
118,Blake Corum,LAR,RB,25,
119,Chuba Hubbard,CAR,RB,27,
120,Tyler Shough,NO,QB,26,
121,Mark Andrews,BAL,TE,31,
122,Kyler Murray,MIN,QB,29,
123,Fernando Mendoza,LV,QB,22,
124,Khalil Shakir,BUF,WR,26,
125,Terrance Ferguson,LAR,TE,23,
126,Eli Stowers,PHI,TE,23,
127,C.J. Stroud,HOU,QB,24,
128,Rhamondre Stevenson,NE,RB,28,
129,Chig Okonkwo,WAS,TE,27,
130,Rico Dowdle,PIT,RB,28,
131,Oronde Gadsden II,LAC,TE,23,
132,Antonio Williams,WAS,WR,22,
133,Tony Pollard,TEN,RB,29,
134,De'Zhaun Stribling,SF,WR,23,
135,Dallas Goedert,PHI,TE,31,
136,Malik Willis,MIA,QB,27,
137,Cam Ward,TEN,QB,24,
138,Sam Darnold,SEA,QB,29,
139,Kenny Gainwell,TB,RB,27,
140,Jonah Coleman,DEN,RB,23,
141,Rachaad White,WAS,RB,27,
142,Tre' Harris,LAC,WR,24,
143,Daniel Jones,IND,QB,29,
144,Ricky Pearsall,SF,WR,26,IR
145,Travis Hunter,JAC,WR,23,
146,Bryce Young,CAR,QB,25,
147,AJ Barner,SEA,TE,24,
148,Travis Kelce,KC,TE,36,
149,Jacory Croskey-Merritt,WAS,RB,25,
150,Matthew Stafford,LAR,QB,38,
151,Stefon Diggs,WAS,WR,32,
152,Rashid Shaheed,SEA,WR,28,
153,Jalen McMillan,TB,WR,24,
154,Jauan Jennings,MIN,WR,29,
155,J.K. Dobbins,DEN,RB,27,
156,Juwan Johnson,NO,TE,30,
157,Jordan Mason,MIN,RB,27,
158,Jerry Jeudy,CLE,WR,27,
159,MarShawn Lloyd,GB,RB,25,
160,Germie Bernard,PIT,WR,22,
161,Adonai Mitchell,NYJ,WR,23,
162,Chris Bell,MIA,WR,22,
163,Ted Hurst III,TB,WR,22,
164,Woody Marks,HOU,RB,25,
165,Deebo Samuel Sr.,SF,WR,30,
166,T.J. Hockenson,MIN,TE,29,
167,Michael Penix Jr.,ATL,QB,26,
168,Troy Franklin,DEN,WR,23,
169,Tyler Allgeier,ARI,RB,26,
170,Emmett Johnson,KC,RB,22,
171,Chris Rodriguez Jr.,JAC,RB,26,
172,Pat Bryant,DEN,WR,23,
173,Dalton Schultz,HOU,TE,30,
174,Gunnar Helm,TEN,TE,24,
175,Aaron Jones Sr.,MIN,RB,31,
176,Mike Washington Jr.,LV,RB,23,
177,Tyrone Tracy Jr.,NYG,RB,26,
178,Jaylin Noel,HOU,WR,24,
179,Nicholas Singleton,TEN,RB,22,
180,Pat Freiermuth,PIT,TE,27,
181,Malachi Fields,NYG,WR,23,
182,Kayshon Boutte,HOU,WR,24,
183,Dylan Sampson,CLE,RB,21,
184,Tyjae Spears,TEN,RB,25,
185,Hunter Henry,NE,TE,31,
186,Elic Ayomanor,TEN,WR,23,
187,Mason Taylor,NYJ,TE,22,
188,Ty Simpson,LAR,QB,23,
189,Isaac TeSlaa,DET,WR,24,
190,Zachariah Branch,ATL,WR,22,
191,Tua Tagovailoa,ATL,QB,28,
192,Calvin Ridley,TEN,WR,31,
193,Malik Washington,MIA,WR,25,
194,Dontayvion Wicks,PHI,WR,25,
195,Tank Bigsby,PHI,RB,24,
196,Keaton Mitchell,LAC,RB,24,
197,Ja'Kobi Lane,BAL,WR,22,
198,Shedeur Sanders,CLE,QB,24,
199,Darnell Mooney,NYG,WR,28,
200,Oscar Delp,NO,TE,23,
201,Elijah Sarratt,BAL,WR,23,
202,Tre Tucker,LV,WR,25,
203,Kaytron Allen,WAS,RB,23,
204,Ryan Flournoy,DAL,WR,26,
205,Braelon Allen,NYJ,RB,22,
206,Cade Otton,TB,TE,27,
207,David Njoku,LAC,TE,30,
208,Isiah Pacheco,DET,RB,27,IR
209,Eli Raridon,NE,TE,22,
210,Kimani Vidal,LAC,RB,25,
211,Emanuel Wilson,SEA,RB,27,
212,Tory Horton,SEA,WR,23,
213,Chimere Dike,TEN,WR,24,
214,Demond Claiborne,MIN,RB,22,
215,Brian Robinson Jr.,ATL,RB,27,
216,Tank Dell,HOU,WR,26,IR
217,Rashod Bateman,BAL,WR,26,
218,Jacoby Brissett,ARI,QB,33,
219,Alvin Kamara,NO,RB,31,
220,Keon Coleman,BUF,WR,23,
221,Jalen Nailor,LV,WR,27,
222,Ray Davis,BUF,RB,26,
223,Kyle Williams,NE,WR,23,
224,Aaron Rodgers,PIT,QB,42,
225,Geno Smith,NYJ,QB,35,
226,Jack Bech,LV,WR,23,
227,Chris Brazzell II,CAR,WR,22,IR
228,Max Klare,LAR,TE,23,
229,Christian Kirk,SF,WR,29,IR
230,Sean Tucker,TB,RB,24,
231,Marvin Mims Jr.,DEN,WR,24,
232,Adam Randall,BAL,RB,22,
233,Jaylen Wright,MIA,RB,23,
234,Ollie Gordon II,MIA,RB,22,
235,Greg Dulcich,MIA,TE,26,
236,Tyreek Hill,FA,WR,32,
237,Kaleb Johnson,GB,RB,23,
238,James Conner,ARI,RB,31,
239,Xavier Legette,CAR,WR,25,
240,Devaughn Vele,NO,WR,28,
241,Skyler Bell,BUF,WR,24,
242,Cooper Kupp,SEA,WR,33,
243,Theo Johnson,NYG,TE,25,
244,J.J. McCarthy,MIN,QB,23,
245,Caleb Douglas,MIA,WR,23,
246,Isaiah Davis,NYJ,RB,24,
247,Keenan Allen,IND,WR,34,
248,Bryce Lance,NO,WR,24,
249,Seth McGowan,IND,RB,24,
250,DeMario Douglas,NE,WR,25,
251,Deshaun Watson,CLE,QB,31,
252,Kirk Cousins,LV,QB,38,
253,Denver Broncos,DEN,DST,,
254,Houston Texans,HOU,DST,,
255,Hollywood Brown,PHI,WR,29,
256,Cyrus Allen,KC,WR,23,
257,Michael Mayer,LV,TE,25,
258,Kaelon Black,SF,RB,24,
259,Cole Kmet,CHI,TE,27,
260,Jordan James,SF,RB,22,
261,Philadelphia Eagles,PHI,DST,,
262,Anthony Richardson Sr.,IND,QB,24,
263,Elijah Arroyo,SEA,TE,23,
264,Trey Benson,ARI,RB,24,IR
265,Brandon Aubrey,DAL,K,31,
266,Los Angeles Rams,LAR,DST,,
267,Carson Beck,ARI,QB,23,
268,Cam Little,JAC,K,23,
269,Evan Engram,DEN,TE,32,
270,Seattle Seahawks,SEA,DST,,
271,Najee Harris,NYG,RB,28,
272,Cameron Dicker,LAC,K,26,
273,Mac Jones,SF,QB,28,
274,Justin Fields,KC,QB,27,
275,Brashard Smith,KC,RB,23,
276,Chris Brooks,GB,RB,26,
277,Drew Allar,PIT,QB,22,
278,Kendre Miller,NO,RB,24,
279,Ka'imi Fairbairn,HOU,K,32,
280,Minnesota Vikings,MIN,DST,,
281,Tez Johnson,TB,WR,24,
282,Isaiah Bond,CLE,WR,22,
283,Taylen Green,CLE,QB,23,
284,Pittsburgh Steelers,PIT,DST,,
285,Brandon Aiyuk,SF,WR,28,IR
286,Will Reichard,MIN,K,25,
287,New England Patriots,NE,DST,,
288,Darius Slayton,FA,WR,29,
289,DJ Giddens,IND,RB,23,
290,Sam Roush,CHI,TE,23,
291,Malik Davis,DAL,RB,27,
292,Chris Boswell,PIT,K,35,
293,Harrison Butker,KC,K,31,
294,George Holani,SEA,RB,26,
295,Devin Neal,FA,RB,23,
296,Kevin Coleman Jr.,MIA,WR,23,
297,Matt Hibner,BAL,TE,24,
298,Malik Benson,LV,WR,23,
299,Kansas City Chiefs,KC,DST,,
300,Tyson Bagent,CHI,QB,26,
301,Wil Lutz,DEN,K,32,
302,Baltimore Ravens,BAL,DST,,
303,Cedric Tillman,NO,WR,26,
304,Tahj Brooks,CIN,RB,24,
305,Green Bay Packers,GB,DST,,
306,Evan McPherson,CIN,K,27,
307,LeQuint Allen Jr.,JAC,RB,22,
308,Jalen Milroe,SEA,QB,23,
309,Chase McLaughlin,TB,K,30,
310,Justice Hill,BAL,RB,28,
311,Colby Parkinson,LAR,TE,27,
312,Darnell Washington,PIT,TE,25,
313,Marcus Mariota,WAS,QB,32,
314,Brenen Thompson,LAC,WR,23,
315,Jake Tonges,SF,TE,27,
316,Jalen Royals,KC,WR,23,
317,Jake Bates,DET,K,27,
318,Cleveland Browns,CLE,DST,,
319,Jacksonville Jaguars,JAC,DST,,
320,Eli Heidenreich,PIT,RB,23,
321,Xavier Hutchinson,HOU,WR,26,
322,Quinn Ewers,JAC,QB,23,
323,Tyler Loop,BAL,K,25,
324,Los Angeles Chargers,LAC,DST,,
325,Jason Myers,SEA,K,35,
326,Andrei Iosivas,CIN,WR,26,
327,Justin Joly,MIA,TE,22,
328,Cole Payton,PHI,QB,23,
329,Jalen Tolbert,MIA,WR,27,
330,Charlie Kolar,LAC,TE,27,
331,Ja'Tavion Sanders,CAR,TE,23,
332,Joshua Palmer,BUF,WR,26,
333,Cade Klubnik,NYJ,QB,22,
334,Tyquan Thornton,KC,WR,26,
335,Detroit Lions,DET,DST,,
336,Devin Singletary,NYG,RB,29,
337,Tyler Higbee,LAR,TE,33,
338,Dawson Knox,BUF,TE,29,
339,Ty Johnson,BUF,RB,28,
340,Erick All Jr.,CIN,TE,26,
341,Will Shipley,PHI,RB,24,
342,Joe Milton III,DAL,QB,26,
343,Mack Hollins,NE,WR,33,
344,Jaydon Blue,PHI,RB,22,
345,Noah Fant,NO,TE,28,
346,Mike Gesicki,CIN,TE,30,
347,Samaje Perine,CIN,RB,31,
348,Buffalo Bills,BUF,DST,,
349,Kendrick Bourne,ARI,WR,31,
350,Trevor Etienne,CAR,RB,22,
351,Isaac Guerendo,SF,RB,26,PUP
352,John Metchie III,CAR,WR,26,
353,CJ Daniels,LAR,WR,24,
354,Will Howard,PIT,QB,24,
355,Garrett Nussmeier,KC,QB,24,
356,Ben Sinnott,WAS,TE,24,
357,Davis Mills,HOU,QB,27,
358,Luke McCaffrey,WAS,WR,25,
359,Eddy Pineiro,SF,K,31,
360,Jameis Winston,NYG,QB,32,
361,Spencer Rattler,NO,QB,25,
362,Tai Felton,MIN,WR,23,
363,Jarquez Hunter,FA,RB,23,
364,Jaylin Lane,WAS,WR,24,
365,Tanner Koziol,JAC,TE,22,
366,Jerome Ford,WAS,RB,27,IR
367,Zavion Thomas,CHI,WR,22,
368,Andy Borregales,NE,K,23,
369,Riley Leonard,IND,QB,24,
370,Harrison Mevis,LAR,K,24,
371,Konata Mumpfield,LAR,WR,23,
372,Jake Elliott,PHI,K,31,
373,Roman Wilson,PIT,WR,25,
374,Joe Flacco,CIN,QB,41,
375,Jahan Dotson,ATL,WR,26,
376,Calvin Austin III,NYG,WR,27,IR
377,J'Mari Taylor,JAC,RB,24,
378,Marlin Klein,HOU,TE,23,
379,Emari Demercado,DAL,RB,27,
380,Audric Estime,NO,RB,23,
381,Dont'e Thornton Jr.,LV,WR,23,IR
382,Jordan Whittington,LAR,WR,25,
383,Roschon Johnson,CHI,RB,25,
384,Trey Lance,LAC,QB,26,
385,Deion Burks,IND,WR,23,
386,Darren Waller,CAR,TE,34,
387,Dyami Brown,WAS,WR,26,
388,Savion Williams,GB,WR,24,IR
389,Luke Musgrave,GB,TE,26,PUP
390,Devontez Walker,BAL,WR,25,
391,Cairo Santos,CHI,K,34,
392,Bam Knight,ARI,RB,25,
393,Tommy Tremble,CAR,TE,26,
394,Treylon Burks,WAS,WR,26,
395,Tutu Atwell,LAR,WR,26,
396,Jake Moody,BAL,K,26,
397,Jonnu Smith,GB,TE,31,
398,Raheim Sanders,CLE,RB,24,
399,Noah Gray,KC,TE,27,
400,Olamide Zaccheaus,ATL,WR,29,
401,Joshua Karty,FA,K,24,
402,Trey Smack,GB,K,23,
403,Demarcus Robinson,SF,WR,31,
404,Brandon McManus,FA,K,35,
405,Dylan Laube,LV,RB,26,
406,Jack Endries,CIN,TE,22,
407,Tanner McKee,PHI,QB,26,
408,Rasheen Ali,BAL,RB,25,
409,KeAndre Lambert-Smith,LAC,WR,24,
410,Barion Brown,NO,WR,22,
411,Dillon Gabriel,CLE,QB,25,
412,Blake Grupe,NYJ,K,27,
413,Michael Trigg,DAL,TE,24,
414,KaVontae Turpin,DAL,WR,30,
415,New Orleans Saints,NO,DST,,
416,Austin Hooper,ATL,TE,31,
417,Kareem Hunt,FA,RB,31,
418,AJ Dillon,CAR,RB,28,
419,Luke Schoonmaker,DAL,TE,27,
420,Elijah Moore,PHI,WR,26,
421,Jaleel McLaughlin,CLE,RB,26,
422,Washington Commanders,WAS,DST,,
423,Tyler Bass,BUF,K,29,
424,Bo Melton,GB,WR,27,
425,Jalon Daniels,TB,QB,23,
426,Elijah Higgins,ARI,TE,25,
427,Mitchell Evans,CAR,TE,23,
428,Tyler Huntley,BAL,QB,28,
429,Kalif Raymond,CHI,WR,32,
430,Joe Royer,CLE,TE,24,IR
431,Tyler Lockett,LV,WR,33,
432,DeAndre Hopkins,BAL,WR,34,
433,Ashton Dulin,IND,WR,29,
434,Reggie Virgil,ARI,WR,22,
435,Dallen Bentley,DEN,TE,25,
436,Kendrick Law,DET,WR,23,IR
437,Will Levis,FA,QB,27,
438,Kenny Pickett,CAR,QB,28,
439,Roman Hemby,LV,RB,24,
440,Josh Cameron,JAC,WR,23,
441,Colbie Young,CIN,WR,24,
442,Dohnte Meyers,CIN,WR,26,
443,Will Kacmarek,MIA,TE,23,
444,Nate Boerkircher,JAC,TE,25,
445,Tim Patrick,NYJ,WR,32,
446,J. Michael Sturdivant,GB,WR,24,
447,Kaden Wetjen,PIT,WR,24,
448,Tyrell Shavers,BUF,WR,27,PUP
449,Tyren Montgomery,TEN,WR,25,
450,Jawhar Jordan,HOU,RB,27,
451,Riley Nowakowski,PIT,TE,24,
452,Jelani Woods,NYJ,TE,27,
453,Robert Henry Jr.,WAS,RB,24,
454,Zach Ertz,FA,TE,35,
455,Malachi Corley,CLE,WR,24,
456,Josh Cuevas,BAL,TE,22,
457,Josh Oliver,MIN,TE,29,
458,Carsen Ryan,CLE,TE,23,
459,Cade Stover,HOU,TE,26,
460,Jeremy McNichols,WAS,RB,30,
461,Brock Wright,DET,TE,27,
462,Jamari Thrash,CLE,WR,25,IR
463,Durham Smythe,BAL,TE,31,
464,Adam Trautman,DEN,TE,29,
465,Jared Wayne,HOU,WR,25,
466,Kevin Austin Jr.,NO,WR,26,
467,Jahdae Walker,CHI,WR,24,
468,Raheem Mostert,LV,RB,34,
469,Theo Wease Jr.,LAC,WR,25,
470,Lil'Jordan Humphrey,DEN,WR,28,
471,Jonathan Mingo,DAL,WR,25,
472,Thomas Fidone II,NYG,TE,23,
473,Mo Alie-Cox,IND,TE,32,
474,Jordan Watkins,SF,WR,24,
