player,team,pos,week,espn_id,espn_pts,qb_ypg,rush_ypg,pass_td_rate,rush_td_rate,rec_td_rate,scrim_ypg,rec_share,fg_rate,xp_mean,sack_mean,int_mean,pa_mean,def_td_p,pass_att,pass_yds,pass_td,carries,rush_yds,rush_td,targets,receptions,rec_yds,rec_td,fg,xp,sacks,pa
Josh Allen,BUF,QB,2,3918298,22.850,243.5634,34.5485,1.6659,0.7758,,,,,,,,,,31.5745,243.5634,1.6659,6.9453,34.5485,0.7758,,,,,,,,
Brock Purdy,SF,QB,2,4361741,20.544,259.535,18.0479,2.15,0.2532,,,,,,,,,,29.5226,259.535,2.15,4.0008,18.0479,0.2532,,,,,,,,
Lamar Jackson,BAL,QB,2,3916387,20.344,237.7747,40.5488,1.7315,0.2375,,,,,,,,,,28.0752,237.7747,1.7315,7.365,40.5488,0.2375,,,,,,,,
Dak Prescott,DAL,QB,2,2577417,19.761,260.7578,12.0364,2.2156,0.1563,,,,,,,,,,32.7233,260.7578,2.2156,3.1159,12.0364,0.1563,,,,,,,,
Jalen Hurts,PHI,QB,2,4040715,19.706,231.2482,27.1448,1.4703,0.5506,,,,,,,,,,29.5794,231.2482,1.4703,6.4355,27.1448,0.5506,,,,,,,,
Jahmyr Gibbs,DET,RB,2,4429795,19.444,,,,0.9589,0.2009,125.9981,0.2699,,,,,,,,,,18.5608,91.9907,0.9589,5.3421,4.294,34.0073,0.2009,,,,
Jayden Daniels,WAS,QB,2,4426348,19.384,239.9974,40.1952,1.3228,0.3071,,,,,,,,,,32.8602,239.9974,1.3228,7.8243,40.1952,0.3071,,,,,,,,
Justin Herbert,LAC,QB,2,4038941,19.144,241.3107,25.6905,1.8622,0.1605,,,,,,,,,,30.8605,241.3107,1.8622,4.7684,25.6905,0.1605,,,,,,,,
Jaxson Dart,NYG,QB,2,4689114,18.699,229.5038,35.1572,1.3051,0.3893,,,,,,,,,,31.8448,229.5038,1.3051,6.4939,35.1572,0.3893,,,,,,,,
Caleb Williams,CHI,QB,2,4431611,18.612,235.5628,22.9156,1.8191,0.1582,,,,,,,,,,31.9012,235.5628,1.8191,4.2963,22.9156,0.1582,,,,,,,,
Bo Nix,DEN,QB,2,4426338,18.478,239.6128,21.3863,1.7265,0.2528,,,,,,,,,,34.6216,239.6128,1.7265,4.9362,21.3863,0.2528,,,,,,,,
Patrick Mahomes,KC,QB,2,3139477,18.409,244.4571,19.7574,1.7617,0.2031,,,,,,,,,,32.6033,244.4571,1.7617,3.1795,19.7574,0.2031,,,,,,,,
Matthew Stafford,LAR,QB,2,12483,18.130,263.8014,2.3589,2.1696,0.0363,,,,,,,,,,34.4561,263.8014,2.1696,1.6051,2.3589,0.0363,,,,,,,,
Bijan Robinson,ATL,RB,2,4430807,18.073,,,,0.568,0.2337,133.68,0.3382,,,,,,,,,,17.8268,88.4681,0.568,5.8796,4.5034,45.2119,0.2337,,,,
Drake Maye,NE,QB,2,4431452,18.060,239.4576,30.7778,1.4724,0.214,,,,,,,,,,31.3325,239.4576,1.4724,6.078,30.7778,0.214,,,,,,,,
Jared Goff,DET,QB,2,3046779,16.965,268.9264,3.034,1.8173,0.0398,,,,,,,,,,35.1285,268.9264,1.8173,1.575,3.034,0.0398,,,,,,,,
Christian McCaffrey,SF,RB,2,3117251,16.835,,,,0.6061,0.3449,111.6694,0.3929,,,,,,,,,,15.449,67.7932,0.6061,5.6327,4.6183,43.8762,0.3449,,,,
Joe Burrow,CIN,QB,2,3915511,16.643,244.4562,11.3606,1.6601,0.1134,,,,,,,,,,35.9736,244.4562,1.6601,3.2646,11.3606,0.1134,,,,,,,,
C.J. Stroud,HOU,QB,2,4432577,16.632,249.6855,15.3754,1.5967,0.0742,,,,,,,,,,33.9095,249.6855,1.5967,3.4479,15.3754,0.0742,,,,,,,,
Baker Mayfield,TB,QB,2,3052587,16.577,230.2822,19.3901,1.6242,0.0835,,,,,,,,,,30.3748,230.2822,1.6242,3.2302,19.3901,0.0835,,,,,,,,
Carson Wentz,MIN,QB,2,2573079,16.523,242.0326,18.6457,1.5377,0.1848,,,,,,,,,,34.6331,242.0326,1.5377,4.1924,18.6457,0.1848,,,,,,,,
Bryce Young,CAR,QB,2,4685720,16.236,232.617,17.194,1.5049,0.1535,,,,,,,,,,32.6256,232.617,1.5049,3.495,17.194,0.1535,,,,,,,,
Derrick Henry,BAL,RB,2,3043078,16.055,,,,0.8735,0.0744,104.9411,0.118,,,,,,,,,,19.7374,92.5537,0.8735,1.6157,1.2359,12.3873,0.0744,,,,
Jordan Love,GB,QB,2,4036378,15.757,246.2774,12.7183,1.4789,0.0684,,,,,,,,,,33.2786,246.2774,1.4789,3.0034,12.7183,0.0684,,,,,,,,
Trevor Lawrence,JAC,QB,2,4360310,15.691,232.6818,19.0131,1.26,0.2395,,,,,,,,,,35.0168,232.6818,1.26,4.3643,19.0131,0.2395,,,,,,,,
Drew Lock,SEA,QB,2,3924327,15.639,226.334,14.3497,1.5881,0.1456,,,,,,,,,,30.2126,226.334,1.5881,3.0811,14.3497,0.1456,,,,,,,,
Michael Penix Jr.,ATL,QB,2,4360423,15.532,240.4099,9.9077,1.4135,0.1265,,,,,,,,,,32.0701,240.4099,1.4135,2.399,9.9077,0.1265,,,,,,,,
Tyler Shough,NO,QB,2,4360689,15.426,235.4281,16.2715,1.1618,0.2327,,,,,,,,,,34.673,235.4281,1.1618,3.8888,16.2715,0.2327,,,,,,,,
Daniel Jones,IND,QB,2,3917792,15.301,228.3928,18.0054,1.0456,0.3184,,,,,,,,,,33.4241,228.3928,1.0456,4.3615,18.0054,0.3184,,,,,,,,
Javonte Williams,DAL,RB,2,4361579,15.124,,,,0.8235,0.1025,96.4609,0.1448,,,,,,,,,,17.9507,82.4911,0.8235,2.8838,2.178,13.9697,0.1025,,,,
Kenneth Walker III,KC,RB,2,4567048,14.867,,,,0.6123,0.1153,105.4995,0.2292,,,,,,,,,,17.9835,81.3193,0.6123,3.7202,3.0413,24.1802,0.1153,,,,
Geno Smith,NYJ,QB,2,15864,14.853,236.0325,13.2908,1.3687,0.0685,,,,,,,,,,32.4636,236.0325,1.3687,3.4818,13.2908,0.0685,,,,,,,,
Jonathan Taylor,IND,RB,2,4242335,14.646,,,,0.5949,0.0798,106.8985,0.2116,,,,,,,,,,18.5975,84.2821,0.5949,3.8236,3.0341,22.6164,0.0798,,,,
James Cook III,BUF,RB,2,4379399,14.364,,,,0.6657,0.0963,99.1655,0.1806,,,,,,,,,,17.4483,81.2593,0.6657,2.7381,2.1358,17.9061,0.0963,,,,
Saquon Barkley,PHI,RB,2,3929630,14.354,,,,0.5374,0.1387,103.7409,0.2107,,,,,,,,,,18.7159,81.8785,0.5374,3.3484,2.4955,21.8624,0.1387,,,,
Malik Willis,MIA,QB,2,4242512,14.050,217.9165,33.6017,0.6909,0.1852,,,,,,,,,,31.7321,217.9165,0.6909,6.5493,33.6017,0.1852,,,,,,,,
Puka Nacua,LAR,WR,2,4426515,13.790,,,,0.0612,0.5829,100.1625,0.9473,,,,,,,,,,0.7935,5.2743,0.0612,10.3648,7.2966,94.8882,0.5829,,,,
Omarion Hampton,LAC,RB,2,4685382,13.517,,,,0.6656,0.0982,90.2437,0.2028,,,,,,,,,,16.1236,71.9398,0.6656,2.9794,2.4913,18.3039,0.0982,,,,
Breece Hall,NYJ,RB,2,4427366,13.208,,,,0.4898,0.1585,93.2812,0.2573,,,,,,,,,,15.6957,69.2801,0.4898,3.4325,2.8459,24.0012,0.1585,,,,
Ashton Jeanty,LV,RB,2,4890973,13.110,,,,0.4411,0.1259,97.8476,0.3323,,,,,,,,,,16.2058,65.3306,0.4411,5.7836,4.3833,32.517,0.1259,,,,
Jacoby Brissett,ARI,QB,2,2578570,13.026,224.7024,13.7958,0.9808,0.0814,,,,,,,,,,35.4302,224.7024,0.9808,3.2128,13.7958,0.0814,,,,,,,,
De'Von Achane,MIA,RB,2,4429160,12.881,,,,0.2486,0.1687,104.4763,0.2981,,,,,,,,,,14.5792,73.3346,0.2486,5.1409,4.0791,31.1417,0.1687,,,,
Amon-Ra St. Brown,DET,WR,2,4374302,12.682,,,,0.0069,0.6273,89.5094,0.9916,,,,,,,,,,0.1271,0.75,0.0069,10.3504,7.4957,88.7594,0.6273,,,,
Kirk Cousins,LV,QB,2,14880,12.542,238.4856,3.195,1.0537,0.0746,,,,,,,,,,35.5197,238.4856,1.0537,1.7641,3.195,0.0746,,,,,,,,
Aaron Rodgers,PIT,QB,2,8439,12.517,229.7986,5.8703,1.0683,0.0486,,,,,,,,,,35.7755,229.7986,1.0683,1.6824,5.8703,0.0486,,,,,,,,
D'Andre Swift,CHI,RB,2,4259545,12.325,,,,0.622,0.0761,81.7457,0.1963,,,,,,,,,,14.6159,65.6997,0.622,2.3813,1.7261,16.046,0.0761,,,,
CeeDee Lamb,DAL,WR,2,4241389,12.272,,,,0.0078,0.6343,84.5006,0.9903,,,,,,,,,,0.1381,0.8169,0.0078,8.9718,6.1281,83.6836,0.6343,,,,
Cam Ward,TEN,QB,2,4688380,12.162,221.6285,11.574,0.8341,0.1046,,,,,,,,,,34.6711,221.6285,0.8341,2.792,11.574,0.1046,,,,,,,,
Deshaun Watson,CLE,QB,2,3122840,12.042,208.8984,21.2437,0.7412,0.0864,,,,,,,,,,32.392,208.8984,0.7412,4.2217,21.2437,0.0864,,,,,,,,
David Montgomery,HOU,RB,2,4035538,11.929,,,,0.5713,0.0498,82.5087,0.1954,,,,,,,,,,14.98,66.3896,0.5713,2.5891,2.1648,16.1191,0.0498,,,,
Ja'Marr Chase,CIN,WR,2,4362628,11.762,,,,0.0068,0.4997,87.8345,0.9873,,,,,,,,,,0.2239,1.1193,0.0068,10.4,7.0732,86.7153,0.4997,,,,
Jaxon Smith-Njigba,SEA,WR,2,4430878,11.752,,,,0.0115,0.5458,84.9245,0.9811,,,,,,,,,,0.2819,1.6024,0.0115,9.6116,6.4261,83.3221,0.5458,,,,
Kyren Williams,LAR,RB,2,4430737,11.617,,,,0.5916,0.1092,75.1387,0.2013,,,,,,,,,,13.2242,60.0114,0.5916,3.0091,2.2303,15.1273,0.1092,,,,
Justin Jefferson,MIN,WR,2,4262921,11.545,,,,0.0071,0.5043,84.9477,0.9926,,,,,,,,,,0.1166,0.6262,0.0071,10.0978,6.4357,84.3215,0.5043,,,,
Chase Brown,CIN,RB,2,4362238,11.504,,,,0.3813,0.1458,84.1063,0.2884,,,,,,,,,,14.3306,59.8498,0.3813,4.8533,3.8082,24.2565,0.1458,,,,
Jadarian Price,SEA,RB,2,4685512,11.362,,,,0.5563,0.0876,75.8475,0.1906,,,,,,,,,,14.0932,61.394,0.5563,2.3301,1.7176,14.4535,0.0876,,,,
Chuba Hubbard,CAR,RB,2,4241416,11.351,,,,0.3798,0.1129,84.5889,0.2668,,,,,,,,,,14.6967,62.0243,0.3798,3.6339,2.9463,22.5645,0.1129,,,,
Bucky Irving,TB,RB,2,4596448,11.079,,,,0.3276,0.1364,83.2878,0.2644,,,,,,,,,,15.0188,61.27,0.3276,3.2505,2.657,22.0178,0.1364,,,,
Brandon Aubrey,DAL,K,2,3953687,10.766,,,,,,,,1.1467,3.2791,,,,,,,,,,,,,,,1.1467,3.2791,,
Rhamondre Stevenson,NE,RB,2,4569173,10.616,,,,0.4365,0.1257,73.661,0.2944,,,,,,,,,,12.8132,51.9747,0.4365,3.2991,2.6005,21.6863,0.1257,,,,
Cam Skattebo,NYG,RB,2,4696981,10.594,,,,0.423,0.0566,78.0784,0.1573,,,,,,,,,,15.9709,65.796,0.423,2.1449,1.7059,12.2823,0.0566,,,,
Nico Collins,HOU,WR,2,4258173,10.303,,,,0.0057,0.484,73.8077,0.9903,,,,,,,,,,0.1248,0.7125,0.0057,8.0908,5.226,73.0952,0.484,,,,
J.K. Dobbins,DEN,RB,2,4241985,10.214,,,,0.4492,0.0612,71.4692,0.1329,,,,,,,,,,13.2422,61.9683,0.4492,2.0002,1.5226,9.5009,0.0612,,,,
George Pickens,DAL,WR,2,4426354,10.202,,,,,0.584,67.5971,1.0,,,,,,,,,,,,,7.0492,4.719,67.5971,0.584,,,,
MarShawn Lloyd,GB,RB,2,4429023,10.115,,,,0.5191,0.0641,66.9787,0.1535,,,,,,,,,,13.2982,56.696,0.5191,1.8981,1.4602,10.2828,0.0641,,,,
Rashee Rice,KC,WR,2,4428331,10.090,,,,0.0384,0.5585,65.8226,0.9592,,,,,,,,,,0.5138,2.6864,0.0384,7.4404,5.3458,63.1362,0.5585,,,,
Cameron Dicker,LAC,K,2,4362081,10.069,,,,,,,,1.0953,2.8818,,,,,,,,,,,,,,,1.0953,2.8818,,
Drake London,ATL,WR,2,4426502,10.055,,,,,0.4996,70.9532,1.0,,,,,,,,,,,,,8.6647,5.5314,70.9532,0.4996,,,,
Malik Nabers,NYG,WR,2,4595348,10.006,,,,0.0076,0.457,72.6004,0.9825,,,,,,,,,,0.2495,1.2679,0.0076,8.5798,5.3246,71.3325,0.457,,,,
Eddy Pineiro,SF,K,2,4034949,9.949,,,,,,,,1.0438,3.1892,,,,,,,,,,,,,,,1.0438,3.1892,,
Quinshon Judkins,CLE,RB,2,4685702,9.948,,,,0.32,0.0376,78.3065,0.1629,,,,,,,,,,16.8521,65.5509,0.32,2.4672,1.8633,12.7556,0.0376,,,,
Zay Flowers,BAL,WR,2,4429615,9.946,,,,0.029,0.3832,75.6228,0.9541,,,,,,,,,,0.5892,3.4718,0.029,7.0013,4.9121,72.151,0.3832,,,,
Chris Olave,NO,WR,2,4361370,9.838,,,,,0.3886,75.425,1.0,,,,,,,,,,,,,9.3129,5.7103,75.425,0.3886,,,,
Davante Adams,LAR,WR,2,16800,9.826,,,,,0.6307,60.6753,1.0,,,,,,,,,,,,,7.3557,4.012,60.6753,0.6307,,,,
Ka'imi Fairbairn,HOU,K,2,2971573,9.764,,,,,,,,1.1683,2.2176,,,,,,,,,,,,,,,1.1683,2.2176,,
Emeka Egbuka,TB,WR,2,4567750,9.758,,,,0.0065,0.4869,67.7895,0.9888,,,,,,,,,,0.1391,0.7605,0.0065,7.3874,4.0487,67.029,0.4869,,,,
Travis Etienne Jr.,NO,RB,2,4239996,9.692,,,,0.257,0.131,74.1733,0.3262,,,,,,,,,,11.9453,49.9783,0.257,3.9912,2.8617,24.195,0.131,,,,
Jeremiyah Love,ARI,RB,2,4870808,9.659,,,,0.2777,0.112,74.003,0.3176,,,,,,,,,,11.8821,50.499,0.2777,4.3615,3.2346,23.504,0.112,,,,
Harrison Mevis,LAR,K,2,4574716,9.546,,,,,,,,0.9821,3.2917,,,,,,,,,,,,,,,0.9821,3.2917,,
Jason Myers,SEA,K,2,2473037,9.427,,,,,,,,1.0518,2.7135,,,,,,,,,,,,,,,1.0518,2.7135,,
Tony Pollard,TEN,RB,2,3916148,9.291,,,,0.293,0.0281,75.0639,0.156,,,,,,,,,,15.1157,63.3554,0.293,2.627,1.9715,11.7085,0.0281,,,,
Ladd McConkey,LAC,WR,2,4612826,9.288,,,,,0.4728,64.9632,1.0,,,,,,,,,,,,,7.1506,4.8445,64.9632,0.4728,,,,
Jordan Mason,MIN,RB,2,4360569,9.281,,,,0.4921,0.0295,62.3071,0.1117,,,,,,,,,,11.6563,55.3498,0.4921,1.3464,1.0458,6.9573,0.0295,,,,
Garrett Wilson,NYJ,WR,2,4569618,9.233,,,,0.0061,0.358,70.8841,0.991,,,,,,,,,,0.1287,0.6414,0.0061,8.7372,5.9704,70.2427,0.358,,,,
Harrison Butker,KC,K,2,3055899,9.074,,,,,,,,1.0119,2.6469,,,,,,,,,,,,,,,1.0119,2.6469,,
Mike Evans,SF,WR,2,16737,8.999,,,,,0.5101,59.3597,1.0,,,,,,,,,,,,,5.9143,3.5045,59.3597,0.5101,,,,
Cairo Santos,CHI,K,2,17427,8.977,,,,,,,,0.9819,2.725,,,,,,,,,,,,,,,0.9819,2.725,,
Jacory Croskey-Merritt,WAS,RB,2,4575131,8.947,,,,0.4527,0.0488,60.4953,0.1475,,,,,,,,,,11.8857,51.5695,0.4527,1.5615,1.2165,8.9258,0.0488,,,,
Tyler Loop,BAL,K,2,4697745,8.924,,,,,,,,0.9625,2.8602,,,,,,,,,,,,,,,0.9625,2.8602,,
Tetairoa McMillan,CAR,WR,2,4685472,8.920,,,,,0.3992,65.646,1.0,,,,,,,,,,,,,7.5706,4.6468,65.646,0.3992,,,,
Jaylen Warren,PIT,RB,2,4569987,8.862,,,,0.272,0.0729,68.8021,0.2426,,,,,,,,,,12.0224,52.111,0.272,3.0858,2.4902,16.6911,0.0729,,,,
Nick Folk,ATL,K,2,10621,8.766,,,,,,,,0.9984,2.1818,,,,,,,,,,,,,,,0.9984,2.1818,,
DeVonta Smith,PHI,WR,2,4241478,8.761,,,,,0.3682,65.833,1.0,,,,,,,,,,,,,7.2548,5.2325,65.833,0.3682,,,,
Rome Odunze,CHI,WR,2,4431299,8.753,,,,,0.5321,55.5227,1.0,,,,,,,,,,,,,6.2509,3.0626,55.5227,0.5321,,,,
Chase McLaughlin,TB,K,2,3150744,8.609,,,,,,,,0.9984,2.1846,,,,,,,,,,,,,,,0.9984,2.1846,,
Deebo Samuel Sr.,SF,WR,2,3126486,8.606,,,,0.0901,0.3913,57.3856,0.8652,,,,,,,,,,1.4855,7.738,0.0901,4.7878,3.4542,49.6475,0.3913,,,,
Brock Bowers,LV,TE,2,4432665,8.600,,,,0.012,0.3831,62.2211,0.9858,,,,,,,,,,0.2383,0.8818,0.012,8.5053,6.267,61.3393,0.3831,,,,
Christian Watson,GB,WR,2,4248528,8.577,,,,0.0092,0.4486,58.7029,0.9872,,,,,,,,,,0.1279,0.7486,0.0092,6.3272,3.6998,57.9543,0.4486,,,,
Jake Bates,DET,K,2,4689936,8.576,,,,,,,,0.8848,2.9765,,,,,,,,,,,,,,,0.8848,2.9765,,
Blake Corum,LAR,RB,2,4429096,8.566,,,,0.465,0.0272,56.441,0.0923,,,,,,,,,,11.1084,51.2333,0.465,1.003,0.7425,5.2077,0.0272,,,,
Will Reichard,MIN,K,2,4567104,8.530,,,,,,,,0.9675,2.2766,,,,,,,,,,,,,,,0.9675,2.2766,,
DJ Moore,BUF,WR,2,3915416,8.529,,,,0.0235,0.4245,58.3831,0.9643,,,,,,,,,,0.4027,2.0858,0.0235,6.3889,3.9965,56.2973,0.4245,,,,
Kyle Monangai,CHI,RB,2,4608686,8.509,,,,0.394,0.0845,56.2599,0.2274,,,,,,,,,,10.2035,43.4664,0.394,2.0836,1.4548,12.7935,0.0845,,,,
Aaron Jones Sr.,MIN,RB,2,3042519,8.421,,,,0.2501,0.1323,62.0225,0.3438,,,,,,,,,,9.0919,40.6968,0.2501,3.7025,2.753,21.3257,0.1323,,,,
Trey Smack,GB,K,2,4869461,8.393,,,,,,,,0.9597,2.3406,,,,,,,,,,,,,,,0.9597,2.3406,,
Jameson Williams,DET,WR,2,4426388,8.344,,,,0.0325,0.3261,62.2587,0.9597,,,,,,,,,,0.3814,2.5092,0.0325,6.0099,3.8683,59.7495,0.3261,,,,
Luther Burden III,CHI,WR,2,4685278,8.279,,,,0.0274,0.375,58.8688,0.9496,,,,,,,,,,0.5515,2.9667,0.0274,6.5486,4.2521,55.9021,0.375,,,,
Tyler Bass,BUF,K,2,3917232,8.252,,,,,,,,0.8522,2.9006,,,,,,,,,,,,,,,0.8522,2.9006,,
Wil Lutz,DEN,K,2,2985659,8.224,,,,,,,,0.9213,2.4294,,,,,,,,,,,,,,,0.9213,2.4294,,
Cam Little,JAC,K,2,4686361,8.164,,,,,,,,0.9648,1.9761,,,,,,,,,,,,,,,0.9648,1.9761,,
Rico Dowdle,PIT,RB,2,4038815,8.149,,,,0.2547,0.0685,62.8675,0.2244,,,,,,,,,,11.301,48.7613,0.2547,2.743,2.0042,14.1061,0.0685,,,,
Buccaneers,TB,DST,2,-16027,8.069,,,,,,,,,,0.7506,0.3186,13.8915,0.0072,,,,,,,,,,,,,0.7506,13.8915
Chris Boswell,PIT,K,2,17372,8.057,,,,,,,,0.9858,1.6343,,,,,,,,,,,,,,,0.9858,1.6343,,
Dominic Zvada,NYG,K,2,5082424,7.993,,,,,,,,0.9343,2.1012,,,,,,,,,,,,,,,0.9343,2.1012,,
Terry McLaurin,WAS,WR,2,3121422,7.962,,,,,0.3321,59.802,1.0,,,,,,,,,,,,,6.8707,4.4728,59.802,0.3321,,,,
Drew Stevens,WAS,K,2,5081335,7.948,,,,,,,,0.9343,2.0558,,,,,,,,,,,,,,,0.9343,2.0558,,
Jake Elliott,PHI,K,2,3050478,7.933,,,,,,,,0.8637,2.5381,,,,,,,,,,,,,,,0.8637,2.5381,,
Trey McBride,ARI,TE,2,4361307,7.902,,,,,0.3099,60.63,1.0,,,,,,,,,,,,,9.0585,6.4103,60.63,0.3099,,,,
Tee Higgins,CIN,WR,2,4239993,7.881,,,,,0.403,54.7643,1.0,,,,,,,,,,,,,6.9333,4.319,54.7643,0.403,,,,
Daniel Carlson,NO,K,2,3051909,7.863,,,,,,,,0.9767,1.7087,,,,,,,,,,,,,,,0.9767,1.7087,,
Spencer Shrader,IND,K,2,4571557,7.858,,,,,,,,0.9452,1.8601,,,,,,,,,,,,,,,0.9452,1.8601,,
Parker Washington,JAC,WR,2,4432620,7.854,,,,0.0125,0.2829,59.4429,0.9649,,,,,,,,,,0.4498,2.0868,0.0125,7.4831,4.247,57.3561,0.2829,,,,
Kenny Gainwell,TB,RB,2,4371733,7.843,,,,0.3366,0.0934,52.7775,0.2734,,,,,,,,,,8.6219,38.3488,0.3366,2.6595,2.1798,14.4287,0.0934,,,,
Jaylen Waddle,DEN,WR,2,4372016,7.831,,,,0.0051,0.3639,56.458,0.9873,,,,,,,,,,0.1204,0.7151,0.0051,6.6673,4.3338,55.7429,0.3639,,,,
Evan McPherson,CIN,K,2,4360234,7.817,,,,,,,,0.8903,2.1641,,,,,,,,,,,,,,,0.8903,2.1641,,
Jason Sanders,NYJ,K,2,3124679,7.813,,,,,,,,0.9326,1.8501,,,,,,,,,,,,,,,0.9326,1.8501,,
Chris Brooks,GB,RB,2,3149687,7.800,,,,0.322,0.0661,55.1223,0.2448,,,,,,,,,,9.4622,41.6285,0.322,2.5309,1.9073,13.4938,0.0661,,,,
Courtland Sutton,DEN,WR,2,3128429,7.740,,,,,0.4534,50.1838,1.0,,,,,,,,,,,,,6.6673,3.9173,50.1838,0.4534,,,,
Seahawks,SEA,DST,2,-16026,7.608,,,,,,,,,,0.6907,0.4163,16.4662,0.0072,,,,,,,,,,,,,0.6907,16.4662
Alec Pierce,IND,WR,2,4360078,7.580,,,,,0.2902,58.5281,1.0,,,,,,,,,,,,,6.6912,3.7934,58.5281,0.2902,,,,
Ryan Fitzgerald,CAR,K,2,4568263,7.537,,,,,,,,0.8753,2.0296,,,,,,,,,,,,,,,0.8753,2.0296,,
Xavier Worthy,KC,WR,2,4683062,7.523,,,,0.0385,0.3204,53.7809,0.9112,,,,,,,,,,0.7707,4.7752,0.0385,5.5803,3.4046,49.0057,0.3204,,,,
DK Metcalf,PIT,WR,2,4047650,7.495,,,,,0.3315,55.4161,1.0,,,,,,,,,,,,,6.8574,3.8759,55.4161,0.3315,,,,
Kaelon Black,SF,RB,2,4696044,7.492,,,,0.3566,0.0386,51.6876,0.1136,,,,,,,,,,10.3984,45.8183,0.3566,0.8449,0.6789,5.8693,0.0386,,,,
Bhayshul Tuten,JAC,RB,2,4882093,7.465,,,,0.2503,0.0753,56.1265,0.2492,,,,,,,,,,10.5702,42.1371,0.2503,2.7211,1.9546,13.9894,0.0753,,,,
Andy Borregales,NE,K,2,4569923,7.442,,,,,,,,0.8382,2.2261,,,,,,,,,,,,,,,0.8382,2.2261,,
RJ Harvey,DEN,RB,2,4568490,7.291,,,,0.2332,0.1699,48.321,0.4943,,,,,,,,,,6.0192,24.4335,0.2332,4.0004,3.1579,23.8875,0.1699,,,,
Matt Gay,LV,K,2,4249087,7.245,,,,,,,,0.9124,1.5662,,,,,,,,,,,,,,,0.9124,1.5662,,
Riley Patterson,MIA,K,2,4243371,7.209,,,,,,,,0.9407,1.2358,,,,,,,,,,,,,,,0.9407,1.2358,,
Colston Loveland,CHI,TE,2,4723086,7.190,,,,,0.3871,48.6121,1.0,,,,,,,,,,,,,6.2509,4.1495,48.6121,0.3871,,,,
Chad Ryland,ARI,K,2,4363538,7.126,,,,,,,,0.9206,1.4476,,,,,,,,,,,,,,,0.9206,1.4476,,
Carnell Tate,TEN,WR,2,4871023,7.101,,,,,0.2176,58.7425,1.0,,,,,,,,,,,,,7.2241,4.3049,58.7425,0.2176,,,,
Quentin Johnston,LAC,WR,2,4429025,7.080,,,,0.0061,0.3938,47.1141,0.9849,,,,,,,,,,0.1322,0.7126,0.0061,5.065,3.0897,46.4014,0.3938,,,,
Joey Slye,TEN,K,2,3124084,7.068,,,,,,,,0.8979,1.4426,,,,,,,,,,,,,,,0.8979,1.4426,,
TreVeyon Henderson,NE,RB,2,4432710,7.063,,,,0.2728,0.0694,50.3595,0.2615,,,,,,,,,,8.8707,37.1923,0.2728,2.3993,1.9184,13.1672,0.0694,,,,
Matthew Golden,GB,WR,2,4701936,7.039,,,,0.018,0.2649,54.1076,0.9606,,,,,,,,,,0.3836,2.131,0.018,6.3272,4.0471,51.9766,0.2649,,,,
Romeo Doubs,NE,WR,2,4361432,6.991,,,,,0.3535,49.132,1.0,,,,,,,,,,,,,5.6984,3.6777,49.132,0.3535,,,,
George Holani,SEA,RB,2,4429835,6.957,,,,0.3378,0.0416,47.304,0.183,,,,,,,,,,8.7378,38.6463,0.3378,1.4563,1.0484,8.6576,0.0416,,,,
Broncos,DEN,DST,2,-16007,6.930,,,,,,,,,,0.8279,0.4235,19.8935,0.0072,,,,,,,,,,,,,0.8279,19.8935
Eagles,PHI,DST,2,-16021,6.914,,,,,,,,,,0.6417,0.4023,15.147,0.0072,,,,,,,,,,,,,0.6417,15.147
Chargers,LAC,DST,2,-16024,6.910,,,,,,,,,,0.8081,0.4947,17.4175,0.0073,,,,,,,,,,,,,0.8081,17.4175
Jalen Coker,CAR,WR,2,4695883,6.910,,,,,0.2787,52.8967,1.0,,,,,,,,,,,,,6.3593,4.5296,52.8967,0.2787,,,,
Ravens,BAL,DST,2,-16033,6.855,,,,,,,,,,0.7036,0.4776,18.4462,0.0075,,,,,,,,,,,,,0.7036,18.4462
Tyler Warren,IND,TE,2,4431459,6.814,,,,0.019,0.281,50.357,0.9847,,,,,,,,,,0.3487,0.7723,0.019,6.6912,4.8508,49.5847,0.281,,,,
Andre Szmyt,CLE,K,2,4258620,6.807,,,,,,,,0.8877,1.1788,,,,,,,,,,,,,,,0.8877,1.1788,,
Jonathon Brooks,CAR,RB,2,4678008,6.805,,,,0.2257,0.0723,50.5721,0.2628,,,,,,,,,,8.4693,37.2795,0.2257,2.1198,1.7029,13.2926,0.0723,,,,
Mark Andrews,BAL,TE,2,3116365,6.766,,,,0.0434,0.4464,38.5276,0.9453,,,,,,,,,,0.5892,2.106,0.0434,4.8471,3.3493,36.4216,0.4464,,,,
Texans,HOU,DST,2,-16034,6.672,,,,,,,,,,0.707,0.6718,21.4777,0.0073,,,,,,,,,,,,,0.707,21.4777
Patriots,NE,DST,2,-16017,6.657,,,,,,,,,,0.7344,0.371,17.1965,0.0073,,,,,,,,,,,,,0.7344,17.1965
Dallas Goedert,PHI,TE,2,3121023,6.640,,,,,0.3615,44.8457,1.0,,,,,,,,,,,,,5.5806,4.2921,44.8457,0.3615,,,,
George Kittle,SF,TE,2,3040151,6.621,,,,,0.3809,43.3171,1.0,,,,,,,,,,,,,4.5061,3.6993,43.3171,0.3809,,,,
Packers,GB,DST,2,-16009,6.584,,,,,,,,,,0.8712,0.4057,21.2713,0.0072,,,,,,,,,,,,,0.8712,21.2713
Kyle Pitts Sr.,ATL,TE,2,4360248,6.570,,,,,0.2375,51.4718,1.0,,,,,,,,,,,,,6.4985,4.521,51.4718,0.2375,,,,
Isaiah Likely,NYG,TE,2,4361050,6.542,,,,,0.291,48.3693,1.0,,,,,,,,,,,,,6.1284,4.4487,48.3693,0.291,,,,
Jordan Addison,MIN,WR,2,4429205,6.536,,,,0.0083,0.3293,45.1815,0.9813,,,,,,,,,,0.1166,0.8451,0.0083,5.7221,3.3223,44.3364,0.3293,,,,
Bears,CHI,DST,2,-16003,6.530,,,,,,,,,,0.9721,0.6154,22.8887,0.0074,,,,,,,,,,,,,0.9721,22.8887
Dalton Kincaid,BUF,TE,2,4385690,6.484,,,,,0.303,46.765,1.0,,,,,,,,,,,,,5.4762,3.9667,46.765,0.303,,,,
Chiefs,KC,DST,2,-16012,6.449,,,,,,,,,,0.6864,0.3913,19.7351,0.0074,,,,,,,,,,,,,0.6864,19.7351
Tucker Kraft,GB,TE,2,4572680,6.448,,,,0.0097,0.2504,49.2398,0.9902,,,,,,,,,,0.1279,0.4831,0.0097,6.0108,4.3319,48.7567,0.2504,,,,
Sam LaPorta,DET,TE,2,4430027,6.406,,,,,0.3061,46.0058,1.0,,,,,,,,,,,,,6.0099,4.7023,46.0058,0.3061,,,,
Braelon Allen,NYJ,RB,2,4685247,6.404,,,,0.2774,0.0647,43.429,0.2972,,,,,,,,,,7.2046,30.5228,0.2774,2.1843,1.768,12.9061,0.0647,,,,
49ers,SF,DST,2,-16025,6.376,,,,,,,,,,0.6162,0.4792,14.2006,0.0073,,,,,,,,,,,,,0.6162,14.2006
Jayden Reed,GB,WR,2,4362249,6.301,,,,0.0296,0.2476,47.1365,0.9214,,,,,,,,,,0.5115,3.7052,0.0296,5.3781,3.8441,43.4313,0.2476,,,,
Keaton Mitchell,LAC,RB,2,4596334,6.283,,,,0.2148,0.0723,45.9547,0.2945,,,,,,,,,,6.608,32.4196,0.2148,2.0856,1.6284,13.5351,0.0723,,,,
Travis Kelce,KC,TE,2,15847,6.243,,,,,0.2941,45.0979,1.0,,,,,,,,,,,,,5.8903,4.2653,45.0979,0.2941,,,,
Rashid Shaheed,SEA,WR,2,4032473,6.190,,,,0.0355,0.2402,42.4074,0.8704,,,,,,,,,,0.8456,5.4944,0.0355,4.3689,2.5329,36.913,0.2402,,,,
Chris Godwin Jr.,TB,WR,2,3116165,6.188,,,,0.0081,0.3047,43.2296,0.9823,,,,,,,,,,0.1391,0.7648,0.0081,5.3189,3.5662,42.4649,0.3047,,,,
Brian Thomas Jr.,JAC,WR,2,4432773,6.154,,,,0.0077,0.2269,47.5972,0.9738,,,,,,,,,,0.2249,1.2491,0.0077,5.7824,3.0962,46.3481,0.2269,,,,
Michael Pittman Jr.,PIT,WR,2,4035687,6.141,,,,,0.1919,50.5341,1.0,,,,,,,,,,,,,7.886,5.2999,50.5341,0.1919,,,,
Stefon Diggs,WAS,WR,2,2976212,6.136,,,,,0.2148,48.7243,1.0,,,,,,,,,,,,,6.2461,4.7914,48.7243,0.2148,,,,
Steelers,PIT,DST,2,-16023,6.064,,,,,,,,,,0.647,0.5647,21.6869,0.0074,,,,,,,,,,,,,0.647,21.6869
KC Concepcion,CLE,WR,2,4870653,6.051,,,,0.0378,0.1479,49.0986,0.8423,,,,,,,,,,1.4241,7.7415,0.0378,5.5512,3.392,41.3571,0.1479,,,,
Marvin Harrison Jr.,ARI,WR,2,4432708,6.041,,,,,0.2419,46.2094,1.0,,,,,,,,,,,,,6.3745,3.3764,46.2094,0.2419,,,,
Rams,LAR,DST,2,-16014,6.023,,,,,,,,,,0.6325,0.4562,21.2163,0.0072,,,,,,,,,,,,,0.6325,21.2163
Khalil Shakir,BUF,WR,2,4373678,6.015,,,,0.0077,0.2288,46.2876,0.9843,,,,,,,,,,0.1342,0.7255,0.0077,5.4762,4.1698,45.5621,0.2288,,,,
Adonai Mitchell,NYJ,WR,2,4597500,6.012,,,,0.007,0.2737,43.245,0.9846,,,,,,,,,,0.1287,0.6644,0.007,4.9927,2.8355,42.5806,0.2737,,,,
Makai Lemon,PHI,WR,2,4870795,6.007,,,,,0.286,43.2614,1.0,,,,,,,,,,,,,4.7435,3.0399,43.2614,0.286,,,,
Michael Wilson,ARI,WR,2,4360761,5.996,,,,,0.1841,49.1942,1.0,,,,,,,,,,,,,6.71,4.0268,49.1942,0.1841,,,,
Tyler Allgeier,ARI,RB,2,4373626,5.973,,,,0.268,0.0278,42.0738,0.211,,,,,,,,,,8.8016,33.1977,0.268,1.6775,1.2967,8.8761,0.0278,,,,
Hunter Henry,NE,TE,2,3046439,5.965,,,,,0.3181,40.5962,1.0,,,,,,,,,,,,,5.0986,3.4996,40.5962,0.3181,,,,
Woody Marks,HOU,RB,2,4429059,5.936,,,,0.1812,0.0877,43.281,0.2824,,,,,,,,,,7.49,31.0582,0.1812,1.9418,1.4555,12.2228,0.0877,,,,
Jake Ferguson,DAL,TE,2,4242355,5.747,,,,,0.3867,34.879,1.0,,,,,,,,,,,,,5.1267,4.0436,34.879,0.3867,,,,
Jakobi Meyers,JAC,WR,2,3916433,5.708,,,,0.0134,0.233,42.7397,0.9597,,,,,,,,,,0.3373,1.7209,0.0134,6.1225,3.8167,41.0189,0.233,,,,
Tyjae Spears,TEN,RB,2,4428557,5.696,,,,0.1444,0.0865,43.5388,0.4357,,,,,,,,,,6.0463,24.5708,0.1444,3.6121,2.8815,18.9679,0.0865,,,,
Devaughn Vele,NO,WR,2,4569559,5.620,,,,,0.2411,42.0882,1.0,,,,,,,,,,,,,5.9868,3.7926,42.0882,0.2411,,,,
Brian Robinson Jr.,ATL,RB,2,4241474,5.596,,,,0.2478,0.0193,39.9335,0.0906,,,,,,,,,,8.3732,36.3162,0.2478,0.6189,0.492,3.6173,0.0193,,,,
Harold Fannin Jr.,CLE,TE,2,5083076,5.525,,,,0.0149,0.1442,46.157,0.9747,,,,,,,,,,0.4747,1.1655,0.0149,6.7848,4.6431,44.9915,0.1442,,,,
Falcons,ATL,DST,2,-16001,5.477,,,,,,,,,,0.7328,0.3745,20.9265,0.0071,,,,,,,,,,,,,0.7328,20.9265
T.J. Hockenson,MIN,TE,2,4036133,5.421,,,,,0.2107,41.7285,1.0,,,,,,,,,,,,,6.3953,4.7776,41.7285,0.2107,,,,
Rachaad White,WAS,RB,2,4697815,5.404,,,,0.1985,0.0926,36.3081,0.388,,,,,,,,,,5.2571,22.2216,0.1985,2.4984,2.1745,14.0865,0.0926,,,,
Caleb Douglas,MIA,WR,2,4869645,5.403,,,,,0.139,46.2372,1.0,,,,,,,,,,,,,5.7457,3.4984,46.2372,0.139,,,,
Dontayvion Wicks,PHI,WR,2,4428850,5.394,,,,,0.2328,40.4189,1.0,,,,,,,,,,,,,4.7435,2.9926,40.4189,0.2328,,,,
Tre Tucker,LV,WR,2,4428718,5.294,,,,0.0156,0.1451,43.4395,0.9396,,,,,,,,,,0.4766,2.6248,0.0156,5.1032,3.0775,40.8146,0.1451,,,,
Denzel Boston,CLE,WR,2,4832800,5.279,,,,,0.1561,43.9115,1.0,,,,,,,,,,,,,5.8596,3.5805,43.9115,0.1561,,,,
Justice Hill,BAL,RB,2,4038441,5.269,,,,0.1228,0.1049,39.4823,0.5205,,,,,,,,,,4.1242,18.932,0.1228,2.9621,2.2788,20.5503,0.1049,,,,
Wan'Dale Robinson,TEN,WR,2,4569587,5.226,,,,0.0073,0.0728,48.0598,0.974,,,,,,,,,,0.2325,1.249,0.0073,6.8958,4.5656,46.8107,0.0728,,,,
Rashod Bateman,BAL,WR,2,4360939,5.161,,,,,0.2584,36.2806,1.0,,,,,,,,,,,,,3.7699,2.1783,36.2806,0.2584,,,,
Demarcus Robinson,SF,WR,2,3043116,5.108,,,,,0.2942,33.5837,1.0,,,,,,,,,,,,,3.3796,2.119,33.5837,0.2942,,,,
Chris Rodriguez Jr.,JAC,RB,2,4362619,5.099,,,,0.2295,0.0166,36.4766,0.0904,,,,,,,,,,8.0964,33.1777,0.2295,0.6803,0.4774,3.2989,0.0166,,,,
Mack Hollins,NE,WR,2,2991662,5.028,,,,,0.2027,38.4533,1.0,,,,,,,,,,,,,4.4987,3.0705,38.4533,0.2027,,,,
Cowboys,DAL,DST,2,-16006,4.984,,,,,,,,,,0.6022,0.4551,21.9853,0.0071,,,,,,,,,,,,,0.6022,21.9853
Juwan Johnson,NO,TE,2,3929645,4.918,,,,,0.1613,40.0687,1.0,,,,,,,,,,,,,5.6542,3.9656,40.0687,0.1613,,,,
Josh Downs,IND,WR,2,4688813,4.904,,,,0.0043,0.1274,41.174,0.9857,,,,,,,,,,0.1162,0.5869,0.0043,6.054,4.2128,40.5871,0.1274,,,,
Cardinals,ARI,DST,2,-16022,4.853,,,,,,,,,,0.844,0.4599,25.7174,0.0072,,,,,,,,,,,,,0.844,25.7174
Kenyon Sadiq,NYJ,TE,2,5083315,4.849,,,,,0.2377,34.0969,1.0,,,,,,,,,,,,,4.3686,3.3009,34.0969,0.2377,,,,
Kayshon Boutte,HOU,WR,2,4429022,4.849,,,,,0.2273,34.9805,1.0,,,,,,,,,,,,,4.2072,2.67,34.9805,0.2273,,,,
Keenan Allen,IND,WR,2,15818,4.750,,,,,0.1599,38.4514,1.0,,,,,,,,,,,,,5.7353,3.953,38.4514,0.1599,,,,
Xavier Hutchinson,HOU,WR,2,4686422,4.711,,,,0.0046,0.1985,35.0999,0.9787,,,,,,,,,,0.1248,0.7481,0.0046,4.5309,2.6421,34.3518,0.1985,,,,
Dalton Schultz,HOU,TE,2,3117256,4.708,,,,,0.2252,33.7052,1.0,,,,,,,,,,,,,4.8545,3.5869,33.7052,0.2252,,,,
Sione Vaki,DET,RB,2,4912274,4.704,,,,0.2247,0.0466,31.1655,0.2446,,,,,,,,,,5.3394,23.5411,0.2247,1.3355,1.0633,7.6243,0.0466,,,,
Emari Demercado,DAL,RB,2,4362478,4.690,,,,0.187,0.0333,34.0867,0.1561,,,,,,,,,,5.7995,28.7655,0.187,0.9613,0.7203,5.3211,0.0333,,,,
Browns,CLE,DST,2,-16005,4.660,,,,,,,,,,0.6842,0.4078,23.4977,0.0074,,,,,,,,,,,,,0.6842,23.4977
Pat Freiermuth,PIT,TE,2,4361411,4.647,,,,,0.154,37.7245,1.0,,,,,,,,,,,,,5.4859,3.8324,37.7245,0.154,,,,
DeMario Douglas,NE,WR,2,4427095,4.592,,,,0.008,0.1662,35.9656,0.9659,,,,,,,,,,0.2464,1.2253,0.008,3.8989,2.7272,34.7404,0.1662,,,,
Brenton Strange,JAC,TE,2,4430539,4.541,,,,,0.1949,34.0048,1.0,,,,,,,,,,,,,5.1021,3.416,34.0048,0.1949,,,,
Jalen Nailor,LV,WR,2,4382466,4.510,,,,0.0047,0.1622,35.3865,0.9822,,,,,,,,,,0.1192,0.6302,0.0047,4.4228,2.6176,34.7563,0.1622,,,,
Bengals,CIN,DST,2,-16004,4.494,,,,,,,,,,0.739,0.3977,23.8599,0.0074,,,,,,,,,,,,,0.739,23.8599
Pat Bryant,DEN,WR,2,4600981,4.476,,,,,0.219,31.9099,1.0,,,,,,,,,,,,,4.3338,2.7421,31.9099,0.219,,,,
Emmett Johnson,KC,RB,2,4832955,4.466,,,,0.1875,0.0484,30.8336,0.229,,,,,,,,,,5.652,23.7738,0.1875,1.2401,0.9694,7.0598,0.0484,,,,
Jerry Jeudy,CLE,WR,2,4241463,4.462,,,,,0.1181,37.8553,1.0,,,,,,,,,,,,,5.2428,2.832,37.8553,0.1181,,,,
Colby Parkinson,LAR,TE,2,4242557,4.458,,,,,0.2905,27.5926,1.0,,,,,,,,,,,,,3.6778,2.6123,27.5926,0.2905,,,,
Ryan Flournoy,DAL,WR,2,5083754,4.454,,,,0.007,0.2423,29.9202,0.9732,,,,,,,,,,0.1381,0.8023,0.007,3.5246,2.4461,29.118,0.2423,,,,
David Njoku,LAC,TE,2,3123076,4.443,,,,,0.2853,27.4967,1.0,,,,,,,,,,,,,3.5753,2.5319,27.4967,0.2853,,,,
Chig Okonkwo,WAS,TE,2,4360635,4.427,,,,,0.1414,35.8593,1.0,,,,,,,,,,,,,4.6845,3.3347,35.8593,0.1414,,,,
Malik Washington,MIA,WR,2,4569603,4.422,,,,0.0145,0.0994,36.6163,0.9206,,,,,,,,,,0.486,2.906,0.0145,4.8385,3.2383,33.7103,0.0994,,,,
Cooper Kupp,SEA,WR,2,2977187,4.402,,,,,0.2232,30.9026,1.0,,,,,,,,,,,,,4.0777,2.5718,30.9026,0.2232,,,,
Jets,NYJ,DST,2,-16020,4.401,,,,,,,,,,0.655,0.562,22.6402,0.0074,,,,,,,,,,,,,0.655,22.6402
Titans,TEN,DST,2,-16010,4.341,,,,,,,,,,0.5684,0.3854,24.2247,0.0075,,,,,,,,,,,,,0.5684,24.2247
Jaguars,JAC,DST,2,-16030,4.334,,,,,,,,,,0.7703,0.3904,24.3899,0.0074,,,,,,,,,,,,,0.7703,24.3899
Jauan Jennings,MIN,WR,2,3886598,4.330,,,,,0.2271,29.9262,1.0,,,,,,,,,,,,,4.3757,2.7017,29.9262,0.2271,,,,
Calvin Ridley,TEN,WR,2,3925357,4.325,,,,0.0081,0.145,34.4171,0.9655,,,,,,,,,,0.2325,1.1867,0.0081,4.2688,2.1592,33.2304,0.145,,,,
Tre' Harris,LAC,WR,2,4686612,4.257,,,,,0.2171,29.9173,1.0,,,,,,,,,,,,,3.5753,2.4154,29.9173,0.2171,,,,
Samaje Perine,CIN,RB,2,3116389,4.243,,,,0.1593,0.0375,31.2317,0.2503,,,,,,,,,,5.5979,23.4142,0.1593,1.3867,1.1142,7.8175,0.0375,,,,
Devin Singletary,NYG,RB,2,4040761,4.241,,,,0.1074,0.0547,33.0099,0.4955,,,,,,,,,,4.2423,16.6523,0.1074,3.0642,2.5001,16.3576,0.0547,,,,
Jalen McMillan,TB,WR,2,4430834,4.217,,,,0.0068,0.209,29.2264,0.9731,,,,,,,,,,0.1391,0.7863,0.0068,3.546,2.2609,28.4401,0.209,,,,
Chris Bell,MIA,WR,2,4869961,4.189,,,,,0.1098,35.7379,1.0,,,,,,,,,,,,,4.5361,2.7619,35.7379,0.1098,,,,
Darren Waller,CAR,TE,2,2576925,4.148,,,,,0.2505,26.3708,1.0,,,,,,,,,,,,,3.3311,2.3586,26.3708,0.2505,,,,
AJ Barner,SEA,TE,2,4576297,4.117,,,,0.0325,0.2272,25.9138,0.9528,,,,,,,,,,0.5637,1.2223,0.0325,3.4951,2.4697,24.6915,0.2272,,,,
Gunnar Helm,TEN,TE,2,4686728,4.107,,,,,0.1834,30.4903,1.0,,,,,,,,,,,,,4.9255,3.5901,30.4903,0.1834,,,,
Terrance Ferguson,LAR,TE,2,4570037,4.092,,,,,0.2463,26.3564,1.0,,,,,,,,,,,,,3.3435,2.0984,26.3564,0.2463,,,,
Mike Gesicki,CIN,TE,2,3116164,3.992,,,,,0.2564,24.5759,1.0,,,,,,,,,,,,,3.8133,2.6144,24.5759,0.2564,,,,
Evan Engram,DEN,TE,2,3051876,3.897,,,,,0.153,29.9567,1.0,,,,,,,,,,,,,4.3338,3.0422,29.9567,0.153,,,,
Malachi Fields,NYG,WR,2,4682648,3.888,,,,,0.1595,29.6053,1.0,,,,,,,,,,,,,3.677,2.3384,29.6053,0.1595,,,,
Raiders,LV,DST,2,-16013,3.881,,,,,,,,,,0.5861,0.4402,27.0103,0.0073,,,,,,,,,,,,,0.5861,27.0103
Kyle Williams,NE,WR,2,4613202,3.783,,,,0.01,0.1428,28.4795,0.955,,,,,,,,,,0.2464,1.2814,0.01,2.9992,1.7736,27.1981,0.1428,,,,
Roman Wilson,PIT,WR,2,4431492,3.770,,,,,0.1153,31.2302,1.0,,,,,,,,,,,,,4.4573,2.5992,31.2302,0.1153,,,,
Greg Dulcich,MIA,TE,2,4367209,3.750,,,,,0.0783,33.1512,1.0,,,,,,,,,,,,,4.5361,3.0641,33.1512,0.0783,,,,
Ty Johnson,BUF,RB,2,3915411,3.724,,,,0.1288,0.0773,25.0481,0.492,,,,,,,,,,2.9528,12.7236,0.1288,1.8254,1.2859,12.3245,0.0773,,,,
Lions,DET,DST,2,-16008,3.710,,,,,,,,,,0.7516,0.5721,28.1298,0.0076,,,,,,,,,,,,,0.7516,28.1298
Tyquan Thornton,KC,WR,2,4362921,3.646,,,,,0.2128,23.7516,1.0,,,,,,,,,,,,,2.7902,1.553,23.7516,0.2128,,,,
Alvin Kamara,NO,RB,2,3054850,3.637,,,,0.0841,0.0401,29.3079,0.341,,,,,,,,,,5.017,19.313,0.0841,1.9956,1.5573,9.9949,0.0401,,,,
Jahan Dotson,ATL,WR,2,4361409,3.616,,,,,0.165,26.339,1.0,,,,,,,,,,,,,3.404,1.9759,26.339,0.165,,,,
Vikings,MIN,DST,2,-16016,3.615,,,,,,,,,,0.557,0.5792,26.8282,0.0074,,,,,,,,,,,,,0.557,26.8282
Colts,IND,DST,2,-16011,3.596,,,,,,,,,,0.7173,0.3792,25.6154,0.0074,,,,,,,,,,,,,0.7173,25.6154
Ted Hurst III,TB,WR,2,5220680,3.585,,,,,0.1908,24.432,1.0,,,,,,,,,,,,,2.955,1.8101,24.432,0.1908,,,,
Antonio Williams,WAS,WR,2,5081432,3.553,,,,,0.1619,25.9161,1.0,,,,,,,,,,,,,3.123,1.968,25.9161,0.1619,,,,
Darnell Mooney,NYG,WR,2,4040655,3.501,,,,0.0039,0.1387,26.6077,0.9753,,,,,,,,,,0.1248,0.6579,0.0039,3.3706,1.7547,25.9498,0.1387,,,,
Xavier Legette,CAR,WR,2,4430034,3.476,,,,0.0041,0.1734,24.0024,0.9718,,,,,,,,,,0.1245,0.6779,0.0041,3.3311,1.9753,23.3245,0.1734,,,,
Isaac TeSlaa,DET,WR,2,5123663,3.443,,,,,0.2208,21.4233,1.0,,,,,,,,,,,,,2.6711,1.7266,21.4233,0.2208,,,,
Chris Moore,BAL,WR,2,2576581,3.441,,,,,0.1718,23.7648,1.0,,,,,,,,,,,,,2.4235,1.474,23.7648,0.1718,,,,
Kalif Raymond,CHI,WR,2,2973405,3.439,,,,0.011,0.1392,24.5724,0.9337,,,,,,,,,,0.2758,1.6288,0.011,2.9766,2.1741,22.9436,0.1392,,,,
Panthers,CAR,DST,2,-16029,3.437,,,,,,,,,,0.6054,0.293,22.2947,0.0072,,,,,,,,,,,,,0.6054,22.2947
Keon Coleman,BUF,WR,2,4635008,3.431,,,,,0.1928,22.7392,1.0,,,,,,,,,,,,,2.7381,1.6354,22.7392,0.1928,,,,
Commanders,WAS,DST,2,-16028,3.414,,,,,,,,,,0.7142,0.5983,30.8375,0.0074,,,,,,,,,,,,,0.7142,30.8375
Cade Otton,TB,TE,2,4243331,3.391,,,,,0.1458,25.1815,1.0,,,,,,,,,,,,,3.546,2.4845,25.1815,0.1458,,,,
Jaylin Noel,HOU,WR,2,4586312,3.389,,,,0.0087,0.151,23.4868,0.943,,,,,,,,,,0.2497,1.3394,0.0087,2.9127,1.9255,22.1474,0.151,,,,
Bills,BUF,DST,2,-16002,3.388,,,,,,,,,,0.6274,0.4353,26.5539,0.0074,,,,,,,,,,,,,0.6274,26.5539
Michael Mayer,LV,TE,2,4429086,3.213,,,,,0.0905,26.9676,1.0,,,,,,,,,,,,,4.0825,2.8186,26.9676,0.0905,,,,
Mike Washington Jr.,LV,RB,2,4686658,3.213,,,,0.1426,0.008,23.3503,0.078,,,,,,,,,,5.243,21.5295,0.1426,0.3402,0.2651,1.8208,0.008,,,,
Kendrick Bourne,ARI,WR,2,3045523,3.209,,,,,0.0682,28.4382,1.0,,,,,,,,,,,,,4.026,2.6019,28.4382,0.0682,,,,
Tank Bigsby,PHI,RB,2,4429013,3.188,,,,0.1704,0.0085,21.1654,0.0801,,,,,,,,,,4.2536,19.4691,0.1704,0.279,0.2097,1.6964,0.0085,,,,
Saints,NO,DST,2,-16018,3.173,,,,,,,,,,0.5972,0.3818,26.6635,0.0073,,,,,,,,,,,,,0.5972,26.6635
Andrei Iosivas,CIN,WR,2,4368003,2.986,,,,0.0041,0.146,21.0116,0.9717,,,,,,,,,,0.112,0.594,0.0041,3.12,1.8106,20.4176,0.146,,,,
Dyami Brown,WAS,WR,2,4361577,2.963,,,,,0.1453,20.9875,1.0,,,,,,,,,,,,,2.4984,1.5339,20.9875,0.1453,,,,
Jack Bech,LV,WR,2,4603186,2.951,,,,,0.0849,24.7399,1.0,,,,,,,,,,,,,3.4021,2.2029,24.7399,0.0849,,,,
Giants,NYG,DST,2,-16019,2.941,,,,,,,,,,0.5967,0.3814,28.9132,0.0078,,,,,,,,,,,,,0.5967,28.9132
Dylan Sampson,CLE,RB,2,5081397,2.892,,,,0.041,0.0655,22.7616,0.5254,,,,,,,,,,2.6109,10.8022,0.041,2.1588,1.7313,11.9594,0.0655,,,,
Isaiah Williams,NYJ,WR,2,4569371,2.869,,,,0.0068,0.0883,21.2799,0.9645,,,,,,,,,,0.1287,0.7553,0.0068,2.8084,2.0294,20.5247,0.0883,,,,
Kendre Miller,NO,RB,2,4599739,2.783,,,,0.1001,0.0074,21.2842,0.0821,,,,,,,,,,4.7781,19.536,0.1001,0.3326,0.2456,1.7482,0.0074,,,,
Bryce Lance,NO,WR,2,4879276,2.760,,,,,0.0926,22.3069,1.0,,,,,,,,,,,,,2.9934,1.7686,22.3069,0.0926,,,,
Kevin Coleman Jr.,MIA,WR,2,4685307,2.728,,,,,0.0467,24.8295,1.0,,,,,,,,,,,,,3.3265,1.9807,24.8295,0.0467,,,,
Dolphins,MIA,DST,2,-16015,2.686,,,,,,,,,,0.8015,0.4009,30.2339,0.0074,,,,,,,,,,,,,0.8015,30.2339
Darnell Washington,PIT,TE,2,4430802,2.661,,,,,0.1134,20.1179,1.0,,,,,,,,,,,,,3.0858,2.0891,20.1179,0.1134,,,,
Tommy Tremble,CAR,TE,2,4372780,2.597,,,,,0.1428,17.4875,1.0,,,,,,,,,,,,,2.4226,1.7612,17.4875,0.1428,,,,
Oronde Gadsden,LAC,TE,2,4595342,2.584,,,,,0.1518,16.8857,1.0,,,,,,,,,,,,,2.0856,1.5391,16.8857,0.1518,,,,
Dawson Knox,BUF,TE,2,3930086,2.581,,,,,0.1659,15.7247,1.0,,,,,,,,,,,,,2.1296,1.4838,15.7247,0.1659,,,,
Zachariah Branch,ATL,WR,2,4870612,2.482,,,,,0.1074,17.4441,1.0,,,,,,,,,,,,,2.1662,1.3711,17.4441,0.1074,,,,
Mason Taylor,NYJ,TE,2,4808766,2.419,,,,,0.1019,18.1144,1.0,,,,,,,,,,,,,2.8084,2.1136,18.1144,0.1019,,,,
Cyrus Allen,KC,WR,2,4912218,2.377,,,,,0.1179,16.8524,1.0,,,,,,,,,,,,,2.1701,1.2979,16.8524,0.1179,,,,
Cole Kmet,CHI,TE,2,4258595,2.349,,,,,0.1365,15.2912,1.0,,,,,,,,,,,,,2.0836,1.4342,15.2912,0.1365,,,,
Jonnu Smith,GB,TE,2,3054212,2.347,,,,0.0099,0.1066,16.7243,0.9639,,,,,,,,,,0.1279,0.6035,0.0099,2.5309,1.7693,16.1208,0.1066,,,,
Marvin Mims Jr.,DEN,WR,2,4686472,2.318,,,,0.0195,0.0855,16.0562,0.8346,,,,,,,,,,0.4815,2.6553,0.0195,1.6668,1.1947,13.401,0.0855,,,,
KaVontae Turpin,DAL,WR,2,3676833,2.305,,,,0.0319,0.0748,14.9977,0.5569,,,,,,,,,,1.1047,6.646,0.0319,0.9613,0.6221,8.3517,0.0748,,,,
Joshua Palmer,BUF,WR,2,4242433,2.211,,,,,0.1002,16.1555,1.0,,,,,,,,,,,,,2.1296,1.3124,16.1555,0.1002,,,,
Devontez Walker,BAL,WR,2,4696882,2.162,,,,,0.1143,14.885,1.0,,,,,,,,,,,,,1.6157,1.0034,14.885,0.1143,,,,
Noah Gray,KC,TE,2,4240472,2.097,,,,,0.0943,15.3732,1.0,,,,,,,,,,,,,2.1701,1.5102,15.3732,0.0943,,,,
Seth McGowan,IND,RB,2,4686468,1.930,,,,0.0593,0.027,13.6724,0.3793,,,,,,,,,,2.0922,8.4866,0.0593,0.9559,0.7714,5.1857,0.027,,,,
Elijah Arroyo,SEA,TE,2,4678006,1.842,,,,,0.0931,12.9152,1.0,,,,,,,,,,,,,1.7476,1.1425,12.9152,0.0931,,,,
Foster Moreau,HOU,TE,2,3843945,1.816,,,,,0.1017,12.0991,1.0,,,,,,,,,,,,,1.6182,1.1541,12.0991,0.1017,,,,
Jaylen Wright,MIA,RB,2,4682745,1.808,,,,0.0537,0.005,14.6635,0.1078,,,,,,,,,,3.1588,13.0822,0.0537,0.3024,0.2212,1.5814,0.005,,,,
Eli Raridon,NE,TE,2,4831959,1.788,,,,,0.086,12.8287,1.0,,,,,,,,,,,,,1.7995,1.2939,12.8287,0.086,,,,
Travis Hunter,JAC,WR,2,4685415,1.779,,,,0.0104,0.0654,12.9527,0.8654,,,,,,,,,,0.3373,1.7441,0.0104,1.7007,1.0307,11.2086,0.0654,,,0.0444,
Ollie Gordon II,MIA,RB,2,4711533,1.750,,,,0.0633,0.0064,13.4532,0.1172,,,,,,,,,,2.9158,11.8762,0.0633,0.3024,0.2333,1.577,0.0064,,,,
Nate Boerkircher,JAC,TE,2,4686248,1.748,,,,,0.0825,12.6437,1.0,,,,,,,,,,,,,2.0408,1.3554,12.6437,0.0825,,,,
Ray Davis,BUF,RB,2,4429501,1.733,,,,0.0645,0.0232,11.5507,0.3076,,,,,,,,,,1.879,7.9972,0.0645,0.6085,0.4608,3.5536,0.0232,,,,
Olamide Zaccheaus,ATL,WR,2,3917914,1.725,,,,,0.0726,12.8984,1.0,,,,,,,,,,,,,1.8567,1.1703,12.8984,0.0726,,,,
Luke Farrell,SF,TE,2,4040612,1.720,,,,,0.1004,11.2164,1.0,,,,,,,,,,,,,1.4082,1.048,11.2164,0.1004,,,,
Josh Oliver,MIN,TE,2,3921690,1.716,,,,,0.0938,11.6115,1.0,,,,,,,,,,,,,1.683,1.2128,11.6115,0.0938,,,,
Jordan Whittington,LAR,WR,2,4569382,1.701,,,,0.0141,0.0731,11.6708,0.8793,,,,,,,,,,0.2645,1.4088,0.0141,1.3374,0.8896,10.262,0.0731,,,,
Emanuel Wilson,SEA,RB,2,4887558,1.680,,,,0.0789,0.0093,11.6353,0.148,,,,,,,,,,2.2549,9.9138,0.0789,0.2913,0.2071,1.7215,0.0093,,,,
Sean Tucker,TB,RB,2,4430871,1.678,,,,0.1242,,9.3433,0.0,,,,,,,,,,2.225,9.3433,0.1242,,,,,,,,
Kaytron Allen,WAS,RB,2,4685246,1.670,,,,0.0811,0.0109,11.2518,0.1557,,,,,,,,,,2.2857,9.5001,0.0811,0.3123,0.2463,1.7518,0.0109,,,,
Noah Fant,NO,TE,2,4036131,1.654,,,,,0.0659,12.7195,1.0,,,,,,,,,,,,,1.9956,1.5021,12.7195,0.0659,,,,
Troy Franklin,DEN,WR,2,4431280,1.642,,,,0.0049,0.089,10.8133,0.9424,,,,,,,,,,0.1204,0.623,0.0049,1.3335,0.806,10.1903,0.089,,,,
Kyle Juszczyk,SF,RB,2,16002,1.597,,,,0.0119,0.067,11.3064,0.8826,,,,,,,,,,0.2971,1.3273,0.0119,1.4082,1.1338,9.979,0.067,,,,
Odell Beckham Jr.,NYG,WR,2,16733,1.595,,,,0.004,0.0613,12.1339,0.9446,,,,,,,,,,0.1248,0.672,0.004,1.5321,0.9325,11.4619,0.0613,,,,
Jaylin Lane,WAS,WR,2,4602667,1.566,,,,,0.0618,9.4956,1.0,,,,,,,,,,,,,1.2492,0.7552,9.4956,0.0618,,,,
Arian Smith,NYJ,WR,2,4429105,1.555,,,,0.0126,0.0616,11.1322,0.8735,,,,,,,,,,0.2573,1.4077,0.0126,1.2482,0.8384,9.7245,0.0616,,,,
Will Shipley,PHI,RB,2,4431545,1.529,,,,0.0455,0.0239,11.1474,0.4433,,,,,,,,,,1.4179,6.2054,0.0455,0.8371,0.6528,4.942,0.0239,,,,
LaJohntay Wester,BAL,WR,2,4690143,1.523,,,,,0.0772,9.6827,1.0,,,,,,,,,,,,,1.0771,0.6782,9.6827,0.0772,,,,
Brevyn Spann-Ford,DAL,TE,2,4360967,1.473,,,,,0.0931,9.1998,1.0,,,,,,,,,,,,,1.2817,0.9122,9.1998,0.0931,,,,
Theo Johnson,NYG,TE,2,4429148,1.442,,,,,0.064,10.6171,1.0,,,,,,,,,,,,,1.5321,1.0112,10.6171,0.064,,,,
Drew Sample,CIN,TE,2,3127310,1.425,,,,,0.0672,10.3346,1.0,,,,,,,,,,,,,1.7333,1.2809,10.3346,0.0672,,,,
Elic Ayomanor,TEN,WR,2,4883647,1.391,,,,,0.0501,11.0691,1.0,,,,,,,,,,,,,1.6418,0.8798,11.0691,0.0501,,,,
Adam Trautman,DEN,TE,2,3911853,1.380,,,,,0.0805,8.9886,1.0,,,,,,,,,,,,,1.3335,0.9263,8.9886,0.0805,,,,
Tory Horton,SEA,WR,2,4597703,1.374,,,,,0.083,8.8256,1.0,,,,,,,,,,,,,1.165,0.6574,8.8256,0.083,,,,
Brock Wright,DET,TE,2,4242392,1.340,,,,,0.0744,9.0085,1.0,,,,,,,,,,,,,1.3355,0.9789,9.0085,0.0744,,,,
Will Kacmarek,MIA,TE,2,4880236,1.210,,,,,0.0375,9.9503,1.0,,,,,,,,,,,,,1.512,1.0729,9.9503,0.0375,,,,
Chimere Dike,TEN,WR,2,4431268,1.209,,,,0.0223,0.0263,6.4281,0.6533,,,,,,,,,,0.4651,2.2286,0.0223,0.6567,0.4081,4.1995,0.0263,,,,
John Bates,WAS,TE,2,4048228,1.205,,,,,0.0668,8.092,1.0,,,,,,,,,,,,,1.2492,0.8573,8.092,0.0668,,,,
Brenen Thompson,LAC,WR,2,4685553,1.182,,,,0.0071,0.0523,8.0729,0.9077,,,,,,,,,,0.1322,0.7449,0.0071,0.8938,0.5391,7.3281,0.0523,,,,
Konata Mumpfield,LAR,WR,2,4710855,1.156,,,,,0.0683,7.5614,1.0,,,,,,,,,,,,,1.003,0.5866,7.5614,0.0683,,,,
Johnny Mundt,PHI,TE,2,3052096,1.139,,,,,0.0508,8.3884,1.0,,,,,,,,,,,,,1.1161,0.7985,8.3884,0.0508,,,,
Durham Smythe,BAL,TE,2,3052897,1.121,,,,,0.0636,7.426,1.0,,,,,,,,,,,,,1.0771,0.7572,7.426,0.0636,,,,
Charlie Woerner,ATL,TE,2,4035020,1.106,,,,,0.0518,8.0056,1.0,,,,,,,,,,,,,1.2378,0.8829,8.0056,0.0518,,,,
LeQuint Allen Jr.,JAC,RB,2,4911851,1.095,,,,0.0091,0.0356,8.3644,0.7836,,,,,,,,,,0.4498,1.8099,0.0091,1.3606,1.0058,6.5544,0.0356,,,,
Hunter Luepke,DAL,RB,2,4383396,1.090,,,,0.0327,0.0238,7.5568,0.512,,,,,,,,,,0.8285,3.6874,0.0327,0.6408,0.5055,3.8694,0.0238,,,,
Jahdae Walker,CHI,WR,2,5160110,1.055,,,,,0.0688,6.4381,1.0,,,,,,,,,,,,,0.893,0.5429,6.4381,0.0688,,,,
Davis Allen,LAR,TE,2,4426553,1.049,,,,,0.066,6.604,1.0,,,,,,,,,,,,,1.003,0.6961,6.604,0.066,,,,
Kimani Vidal,LAC,RB,2,4430968,1.039,,,,0.0291,0.0244,7.2466,0.531,,,,,,,,,,0.793,3.3985,0.0291,0.5959,0.4552,3.8481,0.0244,,,,
Malik Benson,LV,WR,2,5150247,1.032,,,,0.0045,0.0226,8.068,0.9197,,,,,,,,,,0.1192,0.6478,0.0045,1.0206,0.6179,7.4202,0.0226,,,,
Charlie Kolar,LAC,TE,2,4241263,1.021,,,,,0.059,6.7277,1.0,,,,,,,,,,,,,0.8938,0.6401,6.7277,0.059,,,,
Tyler Higbee,LAR,TE,2,2573401,1.018,,,,,0.056,6.8783,1.0,,,,,,,,,,,,,1.003,0.6806,6.8783,0.056,,,,
Jackson Hawes,BUF,TE,2,4573699,0.977,,,,,0.0539,6.5355,1.0,,,,,,,,,,,,,0.9127,0.6599,6.5355,0.0539,,,,
Mo Alie-Cox,IND,TE,2,2998565,0.960,,,,,0.0502,6.6113,1.0,,,,,,,,,,,,,0.9559,0.6368,6.6113,0.0502,,,,
Mitchell Evans,CAR,TE,2,4683243,0.933,,,,,0.0473,6.5278,1.0,,,,,,,,,,,,,0.9085,0.6742,6.5278,0.0473,,,,
Blake Whiteheart,CLE,TE,2,4362018,0.920,,,,,0.0333,7.2664,1.0,,,,,,,,,,,,,1.2336,0.8265,7.2664,0.0333,,,,
Ben Sinnott,WAS,TE,2,4690923,0.914,,,,,0.0465,6.3565,1.0,,,,,,,,,,,,,0.9369,0.6749,6.3565,0.0465,,,,
Erick All Jr.,CIN,TE,2,4427834,0.914,,,,,0.0437,6.5743,1.0,,,,,,,,,,,,,1.04,0.7677,6.5743,0.0437,,,,
Barion Brown,NO,WR,2,4698597,0.905,,,,0.0085,0.0206,6.0147,0.7881,,,,,,,,,,0.2389,1.2748,0.0085,0.6652,0.3832,4.7399,0.0206,,,,
Daniel Bellinger,TEN,TE,2,4361516,0.777,,,,,0.0242,6.4095,1.0,,,,,,,,,,,,,0.9851,0.7354,6.4095,0.0242,,,,
Jonah Coleman,DEN,RB,2,4702555,0.754,,,,0.0409,,5.0035,0.0,,,,,,,,,,1.2038,5.0035,0.0409,,,,,,,,
Jimmy Horn Jr.,CAR,WR,2,4708486,0.748,,,,0.0122,0.0153,4.6012,0.4991,,,,,,,,,,0.3736,2.3047,0.0122,0.3028,0.193,2.2965,0.0153,,,,
Dohnte Meyers,CIN,WR,2,4384852,0.743,,,,0.0132,0.0178,4.1954,0.5768,,,,,,,,,,0.3359,1.7754,0.0132,0.3467,0.2178,2.42,0.0178,,,,
Tez Johnson,TB,WR,2,4608810,0.686,,,,0.0136,0.0189,3.6937,0.5971,,,,,,,,,,0.2781,1.4881,0.0136,0.2955,0.1858,2.2056,0.0189,,,,
Raheim Sanders,CLE,RB,2,4601080,0.673,,,,0.0104,0.0134,5.1467,0.6171,,,,,,,,,,0.4747,1.9705,0.0104,0.6168,0.4801,3.1762,0.0134,,,,
Cade Stover,HOU,TE,2,4426496,0.669,,,,0.0072,0.0275,4.6505,0.8719,,,,,,,,,,0.2497,0.5958,0.0072,0.6473,0.4668,4.0547,0.0275,,,,
Nate Adkins,DEN,TE,2,4383440,0.658,,,,,0.0419,4.0791,1.0,,,,,,,,,,,,,0.6667,0.4651,4.0791,0.0419,,,,
Jared Wayne,HOU,WR,2,4430681,0.634,,,,,0.028,4.7085,1.0,,,,,,,,,,,,,0.6473,0.4131,4.7085,0.028,,,,
Eric Saubert,SEA,TE,2,2975863,0.614,,,,,0.0373,3.9312,1.0,,,,,,,,,,,,,0.5825,0.3786,3.9312,0.0373,,,,
Quintin Morris,JAC,TE,2,4244049,0.613,,,,,0.036,3.9921,1.0,,,,,,,,,,,,,0.6803,0.4312,3.9921,0.036,,,,
Tanner Hudson,CIN,TE,2,3050481,0.574,,,,,0.0277,4.1228,1.0,,,,,,,,,,,,,0.6933,0.5164,4.1228,0.0277,,,,
Laquon Treadwell,IND,WR,2,3051889,0.558,,,,,0.0201,4.4212,1.0,,,,,,,,,,,,,0.6373,0.4203,4.4212,0.0201,,,,
Derius Davis,LAC,WR,2,4362477,0.542,,,,0.0046,0.0196,3.0292,0.7606,,,,,,,,,,0.1322,0.7252,0.0046,0.2979,0.2035,2.304,0.0196,,,,
Alec Ingold,LAC,RB,2,3917668,0.538,,,,0.0057,0.0156,4.1704,0.8631,,,,,,,,,,0.1322,0.5709,0.0057,0.5959,0.4599,3.5995,0.0156,,,,
Ashton Dulin,IND,WR,2,4061956,0.538,,,,0.0087,0.0099,3.8528,0.6247,,,,,,,,,,0.2325,1.4459,0.0087,0.3186,0.1986,2.4069,0.0099,,,,
Jeremy Ruckert,NYJ,TE,2,4361372,0.531,,,,,0.0243,3.8415,1.0,,,,,,,,,,,,,0.6241,0.4933,3.8415,0.0243,,,,
Jacob Cowing,SF,WR,2,4575665,0.515,,,,,0.0228,2.686,1.0,,,,,,,,,,,,,0.2816,0.186,2.686,0.0228,,,,
Hunter Long,ARI,TE,2,4239944,0.507,,,,,0.0222,3.7702,1.0,,,,,,,,,,,,,0.671,0.4426,3.7702,0.0222,,,,
Elijah Higgins,ARI,TE,2,4426844,0.491,,,,,0.0147,4.0803,1.0,,,,,,,,,,,,,0.671,0.4788,4.0803,0.0147,,,,
Xavier Smith,LAR,WR,2,4386544,0.479,,,,,0.0194,2.6483,1.0,,,,,,,,,,,,,0.3343,0.2129,2.6483,0.0194,,,,
Adam Prentice,DEN,RB,2,3929914,0.382,,,,0.0083,0.0091,2.7961,0.6338,,,,,,,,,,0.2408,1.0239,0.0083,0.3334,0.2455,1.7722,0.0091,,,,
Connor Heyward,LV,RB,2,4241961,0.376,,,,0.0074,0.0093,2.7657,0.6395,,,,,,,,,,0.2383,0.9972,0.0074,0.3402,0.2512,1.7686,0.0093,,,,
Skyy Moore,GB,WR,2,4430191,0.374,,,,,0.0125,2.297,1.0,,,,,,,,,,,,,0.3164,0.1882,2.297,0.0125,,,,
Tyrone Tracy Jr.,NYG,RB,2,4360516,0.366,,,,0.0098,,3.1254,0.0,,,,,,,,,,0.7486,3.1254,0.0098,,,,,,,,
Jonathan Mingo,DAL,WR,2,4426485,0.364,,,,,0.0194,2.5053,1.0,,,,,,,,,,,,,0.3204,0.1711,2.5053,0.0194,,,,
Luke Schoonmaker,DAL,TE,2,4372096,0.354,,,,,0.0214,2.263,1.0,,,,,,,,,,,,,0.3204,0.2243,2.263,0.0214,,,,
Colbie Young,CIN,WR,2,5092508,0.335,,,,,0.0153,2.4575,1.0,,,,,,,,,,,,,0.3467,0.2134,2.4575,0.0153,,,,
Tyler Conklin,DET,TE,2,3915486,0.324,,,,,0.0153,2.3482,1.0,,,,,,,,,,,,,0.3339,0.2338,2.3482,0.0153,,,,
Michael Burton,CLE,RB,2,2515270,0.323,,,,0.0047,0.0078,2.504,0.6095,,,,,,,,,,0.2374,0.9779,0.0047,0.3084,0.2451,1.5261,0.0078,,,,
Matthew Hibner,BAL,TE,2,4432260,0.322,,,,,0.0187,2.1127,1.0,,,,,,,,,,,,,0.2693,0.1926,2.1127,0.0187,,,,
Josh Cuevas,BAL,TE,2,4876132,0.322,,,,,0.0187,2.1127,1.0,,,,,,,,,,,,,0.2693,0.1926,2.1127,0.0187,,,,
Ko Kieft,TB,TE,2,4034779,0.320,,,,,0.0189,2.0668,1.0,,,,,,,,,,,,,0.2955,0.2045,2.0668,0.0189,,,,
Payne Durham,TB,TE,2,4372505,0.319,,,,,0.0195,2.0158,1.0,,,,,,,,,,,,,0.2955,0.2018,2.0158,0.0195,,,,
Sam Roush,CHI,TE,2,4685504,0.319,,,,,0.0196,2.0135,1.0,,,,,,,,,,,,,0.2977,0.2066,2.0135,0.0196,,,,
Josh Cameron,JAC,WR,2,4879194,0.317,,,,,0.0109,2.2667,1.0,,,,,,,,,,,,,0.3401,0.1863,2.2667,0.0109,,,,
Marlin Klein,HOU,TE,2,4695705,0.316,,,,,0.0161,2.2011,1.0,,,,,,,,,,,,,0.3236,0.2387,2.2011,0.0161,,,,
Chris Blair,ATL,WR,2,4369886,0.314,,,,,0.0143,2.306,1.0,,,,,,,,,,,,,0.3095,0.2003,2.306,0.0143,,,,
Josh Whyle,GB,TE,2,4360086,0.304,,,,,0.0182,1.9642,1.0,,,,,,,,,,,,,0.3164,0.2193,1.9642,0.0182,,,,
Dareke Young,LV,WR,2,4401805,0.302,,,,,0.0075,2.3712,1.0,,,,,,,,,,,,,0.3402,0.21,2.3712,0.0075,,,,
Germie Bernard,PIT,WR,2,4685261,0.296,,,,,0.0119,2.2841,1.0,,,,,,,,,,,,,0.3429,0.205,2.2841,0.0119,,,,
Brycen Tremayne,CAR,WR,2,4360763,0.294,,,,,0.0125,2.2101,1.0,,,,,,,,,,,,,0.3028,0.1976,2.2101,0.0125,,,,
Oscar Delp,NO,TE,2,4702559,0.293,,,,,0.0134,2.1418,1.0,,,,,,,,,,,,,0.3326,0.2305,2.1418,0.0134,,,,
Austin Hooper,ATL,TE,2,3043275,0.287,,,,,0.0121,2.1626,1.0,,,,,,,,,,,,,0.3095,0.2307,2.1626,0.0121,,,,
Chris Manhertz,NYG,TE,2,2531358,0.278,,,,,0.0142,1.9421,1.0,,,,,,,,,,,,,0.3064,0.2174,1.9421,0.0142,,,,
Isaiah Bond,CLE,WR,2,4808839,0.272,,,,,0.011,2.073,1.0,,,,,,,,,,,,,0.3084,0.1646,2.073,0.011,,,,
Ian Thomas,LV,TE,2,4045305,0.271,,,,,0.0087,2.2033,1.0,,,,,,,,,,,,,0.3402,0.2413,2.2033,0.0087,,,,
Dylan Laube,LV,RB,2,4366963,0.253,,,,,0.0059,1.7667,1.0,,,,,,,,,,,,,0.3402,0.2566,1.7667,0.0059,,,,
Max Bredeson,MIN,RB,2,4878695,0.245,,,,,0.0107,1.8255,1.0,,,,,,,,,,,,,0.3366,0.2634,1.8255,0.0107,,,,
Tylan Wallace,CLE,WR,2,4241424,0.237,,,,,0.0062,2.0263,1.0,,,,,,,,,,,,,0.3084,0.194,2.0263,0.0062,,,,
Riley Nowakowski,PIT,RB,2,4693370,0.221,,,,,0.0089,1.6943,1.0,,,,,,,,,,,,,0.3429,0.2557,1.6943,0.0089,,,,
Reggie Gilliam,NE,RB,2,4039505,0.212,,,,,0.008,1.6554,1.0,,,,,,,,,,,,,0.2999,0.2281,1.6554,0.008,,,,
Patrick Ricard,NYG,RB,2,2975417,0.206,,,,,0.0081,1.5859,1.0,,,,,,,,,,,,,0.3064,0.2341,1.5859,0.0081,,,,
Devin Duvernay,ARI,WR,2,4039050,0.186,,,,,,,,,,,,,,,,,,,,,,,,,,,
British Brooks,HOU,RB,2,4373273,0.149,,,,0.0068,,1.092,0.0,,,,,,,,,,0.2497,1.092,0.0068,,,,,,,,
Kameron Johnson,TB,WR,2,5097554,0.149,,,,0.0068,,0.7726,0.0,,,,,,,,,,0.1391,0.7726,0.0068,,,,,,,,
Kene Nwangwu,NYJ,RB,2,4035537,0.139,,,,,,,,,,,,,,,,,,,,,,,,,,,
Nikko Remigio,KC,WR,2,4372716,0.130,,,,,,,,,,,,,,,,,,,,,,,,,,,
Myles Price,MIN,WR,2,4430656,0.125,,,,,,,,,,,,,,,,,,,,,,,,,,,
Braxton Berrios,NYG,WR,2,3123075,0.113,,,,,,,,,,,,,,,,,,,,,,,,,,,
Omar Cooper Jr.,NYJ,WR,2,4723820,0.112,,,,0.0069,,0.7122,0.0,,,,,,,,,,0.1287,0.7122,0.0069,,,,,,,,
Tom Kennedy,DET,WR,2,3126997,0.109,,,,,,,,,,,,,,,,,,,,,,,,,,,
Kaden Wetjen,PIT,WR,2,5081338,0.109,,,,,,,,,,,,,,,,,,,,,,,,,,,
Eli Heidenreich,PIT,RB,2,5081508,0.038,,,,,,,,,,,,,,,,,,,,,,,,,,,
Ameer Abdullah,JAC,RB,2,2576336,0.033,,,,,,,,,,,,,,,,,,,,,,,,,,,
Jacob Saylors,DET,RB,2,4383429,0.030,,,,,,,,,,,,,,,,,,,,,,,,,,,
Tahj Brooks,CIN,RB,2,4429299,0.029,,,,,,,,,,,,,,,,,,,,,,,,,,,
Kaleb Johnson,GB,RB,2,4819231,0.025,,,,,,,,,,,,,,,,,,,,,,,,,,,
Jalen Brooks,ARI,WR,2,4692835,0.017,,,,,,,,,,,,,,,,,,,,,,,,,,,
Brashard Smith,KC,RB,2,4596602,0.012,,,,,,,,,,,,,,,,,,,,,,,,,,,
Malachi Corley,CLE,WR,2,4613104,0.011,,,,,,,,,,,,,,,,,,,,,,,,,,,
A.J. Brown,NE,WR,2,4047646,0.000,,,,,,,,,,,,,,,,,,,,,,,,,,,
Josh Jacobs,GB,RB,2,4047365,0.000,,,,,,,,,,,,,,,,,,,,,,,,,,,
Kyler Murray,MIN,QB,2,3917315,0.000,,,,,,,,,,,,,,,,,,,,,,,,,,,
De'Zhaun Stribling,SF,WR,2,4710714,0.000,,,,,,,,,,,,,,,,,,,,,,,,,,,
Zach Charbonnet,SEA,RB,2,4426385,0.000,,,,,,,,,,,,,,,,,,,,,,,,,,,
Jordyn Tyson,NO,WR,2,4880281,0.000,,,,,,,,,,,,,,,,,,,,,,,,,,,
Isiah Pacheco,DET,RB,2,4361529,0.000,,,,,,,,,,,,,,,,,,,,,,,,,,,
Tank Dell,HOU,WR,2,4366031,0.000,,,,,,,,,,,,,,,,,,,,,,,,,,,
Sam Darnold,SEA,QB,2,3912547,0.000,,,,,,,,,,,,,,,,,,,,,,,,,,,
Ja'Kobi Lane,BAL,WR,2,4870847,0.000,,,,,,,,,,,,,,,,,,,,,,,,,,,
Najee Harris,NYG,RB,2,4241457,0.000,,,,,,,,,,,,,,,,,,,,,,,,,,,
Fernando Mendoza,LV,QB,2,4837248,0.000,,,,,,,,,,,,,,,,,,,,,,,,,,,
Jayden Higgins,HOU,WR,2,4877706,0.000,,,,,,,,,,,,,,,,,,,,,,,,,,,
James Conner,ARI,RB,2,3045147,0.000,,,,,,,,,,,,,,,,,,,,,,,,,,,
Ricky Pearsall,SF,WR,2,4428209,0.000,,,,,,,,,,,,,,,,,,,,,,,,,,,
Shedeur Sanders,CLE,QB,2,4432762,0.000,,,,,,,,,,,,,,,,,,,,,,,,,,,
Jordan James,SF,RB,2,4685397,0.000,,,,,,,,,,,,,,,,,,,,,,,,,,,
Malik Davis,DAL,RB,2,4240603,0.000,,,,,,,,,,,,,,,,,,,,,,,,,,,
Tua Tagovailoa,ATL,QB,2,4241479,0.000,,,,,,,,,,,,,,,,,,,,,,,,,,,
Nicholas Singleton,TEN,RB,2,4685555,0.000,,,,,,,,,,,,,,,,,,,,,,,,,,,
Zavion Thomas,CHI,WR,2,4869748,0.000,,,,,,,,,,,,,,,,,,,,,,,,,,,
Jake Tonges,SF,TE,2,4259147,0.000,,,,,,,,,,,,,,,,,,,,,,,,,,,
Jalen Tolbert,MIA,WR,2,4249417,0.000,,,,,,,,,,,,,,,,,,,,,,,,,,,
Carson Beck,ARI,QB,2,4430841,0.000,,,,,,,,,,,,,,,,,,,,,,,,,,,
Isaiah Davis,NYJ,RB,2,4695404,0.000,,,,,,,,,,,,,,,,,,,,,,,,,,,
Skyler Bell,BUF,WR,2,4683153,0.000,,,,,,,,,,,,,,,,,,,,,,,,,,,
J.J. McCarthy,MIN,QB,2,4433970,0.000,,,,,,,,,,,,,,,,,,,,,,,,,,,
Darius Slayton,,WR,2,3916945,0.000,,,,,,,,,,,,,,,,,,,,,,,,,,,
Christian Kirk,SF,WR,2,3895856,0.000,,,,,,,,,,,,,,,,,,,,,,,,,,,
Demond Claiborne,MIN,RB,2,4832846,0.000,,,,,,,,,,,,,,,,,,,,,,,,,,,
Jaydon Blue,,RB,2,4685279,0.000,,,,,,,,,,,,,,,,,,,,,,,,,,,
Hollywood Brown,PHI,WR,2,4241372,0.000,,,,,,,,,,,,,,,,,,,,,,,,,,,
Adam Randall,BAL,RB,2,4685526,0.000,,,,,,,,,,,,,,,,,,,,,,,,,,,
Eli Stowers,PHI,TE,2,4431574,0.000,,,,,,,,,,,,,,,,,,,,,,,,,,,
Justin Fields,KC,QB,2,4362887,0.000,,,,,,,,,,,,,,,,,,,,,,,,,,,
Blake Grupe,NYJ,K,2,4259619,0.000,,,,,,,,,,,,,,,,,,,,,,,,,,,
DJ Giddens,IND,RB,2,4874509,0.000,,,,,,,,,,,,,,,,,,,,,,,,,,,
Ty Simpson,LAR,QB,2,4685522,0.000,,,,,,,,,,,,,,,,,,,,,,,,,,,
Trevor Etienne,CAR,RB,2,4685350,0.000,,,,,,,,,,,,,,,,,,,,,,,,,,,
Luke McCaffrey,WAS,WR,2,4426948,0.000,,,,,,,,,,,,,,,,,,,,,,,,,,,
Joe Flacco,CIN,QB,2,11252,0.000,,,,,,,,,,,,,,,,,,,,,,,,,,,
Jameis Winston,NYG,QB,2,2969939,0.000,,,,,,,,,,,,,,,,,,,,,,,,,,,
Tutu Atwell,LAR,WR,2,4360797,0.000,,,,,,,,,,,,,,,,,,,,,,,,,,,
Mac Jones,SF,QB,2,4241464,0.000,,,,,,,,,,,,,,,,,,,,,,,,,,,
Drew Allar,PIT,QB,2,4714771,0.000,,,,,,,,,,,,,,,,,,,,,,,,,,,
Younghoe Koo,,K,2,3049899,0.000,,,,,,,,,,,,,,,,,,,,,,,,,,,
Cooper Rush,ATL,QB,2,2972515,0.000,,,,,,,,,,,,,,,,,,,,,,,,,,,
Elijah Sarratt,BAL,WR,2,5088338,0.000,,,,,,,,,,,,,,,,,,,,,,,,,,,
Corey Kiner,NE,RB,2,4431431,0.000,,,,,,,,,,,,,,,,,,,,,,,,,,,
Charlie Smyth,,K,2,5208518,0.000,,,,,,,,,,,,,,,,,,,,,,,,,,,
Savion Williams,GB,WR,2,4431487,0.000,,,,,,,,,,,,,,,,,,,,,,,,,,,
Bam Knight,ARI,RB,2,4427728,0.000,,,,,,,,,,,,,,,,,,,,,,,,,,,
Rasheen Ali,BAL,RB,2,4690013,0.000,,,,,,,,,,,,,,,,,,,,,,,,,,,
Trey Benson,ARI,RB,2,4429275,0.000,,,,,,,,,,,,,,,,,,,,,,,,,,,
Ja'Tavion Sanders,CAR,TE,2,4431588,0.000,,,,,,,,,,,,,,,,,,,,,,,,,,,
Tyler Badie,DEN,RB,2,4362748,0.000,,,,,,,,,,,,,,,,,,,,,,,,,,,
Isaac Guerendo,SF,RB,2,4372561,0.000,,,,,,,,,,,,,,,,,,,,,,,,,,,
Ben Sauls,NYG,K,2,4566158,0.000,,,,,,,,,,,,,,,,,,,,,,,,,,,
Anthony Richardson Sr.,IND,QB,2,4429084,0.000,,,,,,,,,,,,,,,,,,,,,,,,,,,
Tommy DeVito,NE,QB,2,4240391,0.000,,,,,,,,,,,,,,,,,,,,,,,,,,,
Efton Chism III,NE,WR,2,4695193,0.000,,,,,,,,,,,,,,,,,,,,,,,,,,,
Jake Moody,,K,2,4372066,0.000,,,,,,,,,,,,,,,,,,,,,,,,,,,
Max Klare,LAR,TE,2,4833029,0.000,,,,,,,,,,,,,,,,,,,,,,,,,,,
Tyson Bagent,CHI,QB,2,4434153,0.000,,,,,,,,,,,,,,,,,,,,,,,,,,,
Cade Klubnik,NYJ,QB,2,4685413,0.000,,,,,,,,,,,,,,,,,,,,,,,,,,,
Chris Brazzell II,CAR,WR,2,5091739,0.000,,,,,,,,,,,,,,,,,,,,,,,,,,,
Jalon Daniels,TB,QB,2,4596472,0.000,,,,,,,,,,,,,,,,,,,,,,,,,,,
Sam Howell,DAL,QB,2,4426875,0.000,,,,,,,,,,,,,,,,,,,,,,,,,,,
Jalen Royals,KC,WR,2,5082630,0.000,,,,,,,,,,,,,,,,,,,,,,,,,,,
Marcus Mariota,WAS,QB,2,2576980,0.000,,,,,,,,,,,,,,,,,,,,,,,,,,,
Montorie Foster Jr.,SEA,WR,2,4600597,0.000,,,,,,,,,,,,,,,,,,,,,,,,,,,
Jarrett Stidham,DEN,QB,2,3892775,0.000,,,,,,,,,,,,,,,,,,,,,,,,,,,
Treylon Burks,WAS,WR,2,4567156,0.000,,,,,,,,,,,,,,,,,,,,,,,,,,,
Kyle Allen,BUF,QB,2,3115293,0.000,,,,,,,,,,,,,,,,,,,,,,,,,,,
Luke Musgrave,GB,TE,2,4428085,0.000,,,,,,,,,,,,,,,,,,,,,,,,,,,
Kenny Pickett,CAR,QB,2,4240703,0.000,,,,,,,,,,,,,,,,,,,,,,,,,,,
Bo Melton,GB,WR,2,4259305,0.000,,,,,,,,,,,,,,,,,,,,,,,,,,,
Tanner McKee,PHI,QB,2,4685201,0.000,,,,,,,,,,,,,,,,,,,,,,,,,,,
Stetson Bennett IV,LAR,QB,2,4259553,0.000,,,,,,,,,,,,,,,,,,,,,,,,,,,
Tyrod Taylor,GB,QB,2,14163,0.000,,,,,,,,,,,,,,,,,,,,,,,,,,,
CJ Daniels,LAR,WR,2,4605951,0.000,,,,,,,,,,,,,,,,,,,,,,,,,,,
Will Howard,PIT,QB,2,4429955,0.000,,,,,,,,,,,,,,,,,,,,,,,,,,,
Tai Felton,MIN,WR,2,4565185,0.000,,,,,,,,,,,,,,,,,,,,,,,,,,,
Joe Milton III,,QB,2,4360698,0.000,,,,,,,,,,,,,,,,,,,,,,,,,,,
Darius Cooper,PHI,WR,2,4715355,0.000,,,,,,,,,,,,,,,,,,,,,,,,,,,
Tyler Huntley,BAL,QB,2,4035671,0.000,,,,,,,,,,,,,,,,,,,,,,,,,,,
Joshua Dobbs,DET,QB,2,3044720,0.000,,,,,,,,,,,,,,,,,,,,,,,,,,,
Gardner Minshew II,ARI,QB,2,4038524,0.000,,,,,,,,,,,,,,,,,,,,,,,,,,,
Brandon McManus,,K,2,16339,0.000,,,,,,,,,,,,,,,,,,,,,,,,,,,
Calvin Austin III,NYG,WR,2,4243389,0.000,,,,,,,,,,,,,,,,,,,,,,,,,,,
Jawhar Jordan,,RB,2,4429939,0.000,,,,,,,,,,,,,,,,,,,,,,,,,,,
Trey Lance,LAC,QB,2,4383351,0.000,,,,,,,,,,,,,,,,,,,,,,,,,,,
Dont'e Thornton Jr.,LV,WR,2,4432775,0.000,,,,,,,,,,,,,,,,,,,,,,,,,,,
KeAndre Lambert-Smith,LAC,WR,2,4430870,0.000,,,,,,,,,,,,,,,,,,,,,,,,,,,
Quinn Ewers,JAC,QB,2,4889929,0.000,,,,,,,,,,,,,,,,,,,,,,,,,,,
Ke'Shawn Williams,CIN,WR,2,4570738,0.000,,,,,,,,,,,,,,,,,,,,,,,,,,,
Andy Dalton,PHI,QB,2,14012,0.000,,,,,,,,,,,,,,,,,,,,,,,,,,,
Riley Leonard,IND,QB,2,4683423,0.000,,,,,,,,,,,,,,,,,,,,,,,,,,,
Zane Gonzalez,,K,2,3043234,0.000,,,,,,,,,,,,,,,,,,,,,,,,,,,
Spencer Rattler,NO,QB,2,4426339,0.000,,,,,,,,,,,,,,,,,,,,,,,,,,,
Josh Williams,TB,RB,2,4568024,0.000,,,,,,,,,,,,,,,,,,,,,,,,,,,
Justin Joly,MIA,TE,2,4912052,0.000,,,,,,,,,,,,,,,,,,,,,,,,,,,
Ben Skowronek,PIT,WR,2,4035656,0.000,,,,,,,,,,,,,,,,,,,,,,,,,,,
JuJu Smith-Schuster,,WR,2,3120348,0.000,,,,,,,,,,,,,,,,,,,,,,,,,,,
Mason Rudolph,PIT,QB,2,3116407,0.000,,,,,,,,,,,,,,,,,,,,,,,,,,,
Nick Westbrook-Ikhine,,WR,2,3929785,0.000,,,,,,,,,,,,,,,,,,,,,,,,,,,
Phil Mafah,,RB,2,4431562,0.000,,,,,,,,,,,,,,,,,,,,,,,,,,,
Kyle McCord,MIA,QB,2,4433971,0.000,,,,,,,,,,,,,,,,,,,,,,,,,,,
Tyrell Shavers,BUF,WR,2,4241476,0.000,,,,,,,,,,,,,,,,,,,,,,,,,,,
Teddy Bridgewater,DET,QB,2,16728,0.000,,,,,,,,,,,,,,,,,,,,,,,,,,,
Mitchell Trubisky,TEN,QB,2,3039707,0.000,,,,,,,,,,,,,,,,,,,,,,,,,,,
Greg Dortch,BUF,WR,2,4037235,0.000,,,,,,,,,,,,,,,,,,,,,,,,,,,
Devin Neal,,RB,2,4682652,0.000,,,,,,,,,,,,,,,,,,,,,,,,,,,
Davis Mills,HOU,QB,2,4242546,0.000,,,,,,,,,,,,,,,,,,,,,,,,,,,
Reggie Virgil,ARI,WR,2,4869132,0.000,,,,,,,,,,,,,,,,,,,,,,,,,,,
Julius Chestnut,TEN,RB,2,4367567,0.000,,,,,,,,,,,,,,,,,,,,,,,,,,,
Cedric Tillman,,WR,2,4369863,0.000,,,,,,,,,,,,,,,,,,,,,,,,,,,
Brady Cook,MIA,QB,2,4429435,0.000,,,,,,,,,,,,,,,,,,,,,,,,,,,
Jerome Ford,,RB,2,4372019,0.000,,,,,,,,,,,,,,,,,,,,,,,,,,,
Tay Martin,DET,WR,2,4245144,0.000,,,,,,,,,,,,,,,,,,,,,,,,,,,
Andrew Beck,NYJ,RB,2,3125107,0.000,,,,,,,,,,,,,,,,,,,,,,,,,,,
Drew Ogletree,IND,TE,2,4722908,0.000,,,,,,,,,,,,,,,,,,,,,,,,,,,
Graham Gano,,K,2,12460,0.000,,,,,,,,,,,,,,,,,,,,,,,,,,,
Tanner Brown,,K,2,4696736,0.000,,,,,,,,,,,,,,,,,,,,,,,,,,,
Case Keenum,CHI,QB,2,15168,0.000,,,,,,,,,,,,,,,,,,,,,,,,,,,
DeeJay Dallas,MIN,RB,2,4240631,0.000,,,,,,,,,,,,,,,,,,,,,,,,,,,
Cade York,,K,2,4428963,0.000,,,,,,,,,,,,,,,,,,,,,,,,,,,
Joshua Karty,,K,2,4566192,0.000,,,,,,,,,,,,,,,,,,,,,,,,,,,
Lewis Bond,,WR,2,4683159,0.000,,,,,,,,,,,,,,,,,,,,,,,,,,,
Charlie Jones,,WR,2,4257188,0.000,,,,,,,,,,,,,,,,,,,,,,,,,,,
Zavier Scott,,RB,2,4257364,0.000,,,,,,,,,,,,,,,,,,,,,,,,,,,
Carsen Ryan,CLE,TE,2,4685540,0.000,,,,,,,,,,,,,,,,,,,,,,,,,,,
Jake Browning,,QB,2,3886812,0.000,,,,,,,,,,,,,,,,,,,,,,,,,,,
Justin Watson,,WR,2,3118892,0.000,,,,,,,,,,,,,,,,,,,,,,,,,,,
Grant Calcaterra,PHI,TE,2,4241374,0.000,,,,,,,,,,,,,,,,,,,,,,,,,,,
Seydou Traore,MIA,TE,2,4714379,0.000,,,,,,,,,,,,,,,,,,,,,,,,,,,
Van Jefferson,,WR,2,3930066,0.000,,,,,,,,,,,,,,,,,,,,,,,,,,,
Mitchell Tinsley,,WR,2,4690070,0.000,,,,,,,,,,,,,,,,,,,,,,,,,,,
Lucas Havrisik,,K,2,4245661,0.000,,,,,,,,,,,,,,,,,,,,,,,,,,,
David Moore,,WR,2,4212909,0.000,,,,,,,,,,,,,,,,,,,,,,,,,,,
Tanner Koziol,JAC,TE,2,4917427,0.000,,,,,,,,,,,,,,,,,,,,,,,,,,,
Nick Mullens,JAC,QB,2,3059989,0.000,,,,,,,,,,,,,,,,,,,,,,,,,,,
Mason Tipton,NO,WR,2,4573697,0.000,,,,,,,,,,,,,,,,,,,,,,,,,,,
Gunner Olszewski,NYG,WR,2,4424106,0.000,,,,,,,,,,,,,,,,,,,,,,,,,,,
Jeshaun Jones,MIN,WR,2,4360637,0.000,,,,,,,,,,,,,,,,,,,,,,,,,,,
Aidan O'Connell,LV,QB,2,4260394,0.000,,,,,,,,,,,,,,,,,,,,,,,,,,,
Joe Royer,CLE,TE,2,4565859,0.000,,,,,,,,,,,,,,,,,,,,,,,,,,,
Ja'Lynn Polk,NO,WR,2,4430637,0.000,,,,,,,,,,,,,,,,,,,,,,,,,,,
CJ Dippre,,TE,2,4596545,0.000,,,,,,,,,,,,,,,,,,,,,,,,,,,
Jackson Meeks,DET,TE,2,4602788,0.000,,,,,,,,,,,,,,,,,,,,,,,,,,,
Ryan Miller,MIA,WR,2,4369466,0.000,,,,,,,,,,,,,,,,,,,,,,,,,,,
Josh Johnson,,QB,2,11394,0.000,,,,,,,,,,,,,,,,,,,,,,,,,,,
Desmond Ridder,,QB,2,4239086,0.000,,,,,,,,,,,,,,,,,,,,,,,,,,,
Anthony Gould,,WR,2,4429684,0.000,,,,,,,,,,,,,,,,,,,,,,,,,,,
Jelani Woods,NYJ,TE,2,4241410,0.000,,,,,,,,,,,,,,,,,,,,,,,,,,,
Mason Kinsey,,WR,2,4057082,0.000,,,,,,,,,,,,,,,,,,,,,,,,,,,
Chris Collier,LV,RB,2,4698191,0.000,,,,,,,,,,,,,,,,,,,,,,,,,,,
Lucas Krull,,TE,2,4360231,0.000,,,,,,,,,,,,,,,,,,,,,,,,,,,
Michael Bandy,,WR,2,4034704,0.000,,,,,,,,,,,,,,,,,,,,,,,,,,,
Britain Covey,PHI,WR,2,3926231,0.000,,,,,,,,,,,,,,,,,,,,,,,,,,,
Jack Stoll,,TE,2,4034862,0.000,,,,,,,,,,,,,,,,,,,,,,,,,,,
Terrace Marshall Jr.,,WR,2,4362630,0.000,,,,,,,,,,,,,,,,,,,,,,,,,,,
Jalen Reagor,,WR,2,4241802,0.000,,,,,,,,,,,,,,,,,,,,,,,,,,,
Kevin Austin Jr.,NO,WR,2,4372758,0.000,,,,,,,,,,,,,,,,,,,,,,,,,,,
Tip Reiman,ARI,TE,2,4696700,0.000,,,,,,,,,,,,,,,,,,,,,,,,,,,
Ben Sims,,TE,2,4373030,0.000,,,,,,,,,,,,,,,,,,,,,,,,,,,
Trey Palmer,,WR,2,4426407,0.000,,,,,,,,,,,,,,,,,,,,,,,,,,,
Theo Wease Jr.,,WR,2,4426535,0.000,,,,,,,,,,,,,,,,,,,,,,,,,,,
Gage Larvadain,,WR,2,4877203,0.000,,,,,,,,,,,,,,,,,,,,,,,,,,,
Julian Hill,NE,TE,2,4365395,0.000,,,,,,,,,,,,,,,,,,,,,,,,,,,
Xavier Weaver,ARI,WR,2,4428811,0.000,,,,,,,,,,,,,,,,,,,,,,,,,,,
Cole Turner,MIA,TE,2,4361438,0.000,,,,,,,,,,,,,,,,,,,,,,,,,,,
Ihmir Smith-Marsette,,WR,2,4240573,0.000,,,,,,,,,,,,,,,,,,,,,,,,,,,
Dylan Drummond,,WR,2,4363551,0.000,,,,,,,,,,,,,,,,,,,,,,,,,,,
Deven Thompkins,,WR,2,4374187,0.000,,,,,,,,,,,,,,,,,,,,,,,,,,,
Andre Baccellia,,WR,2,3886809,0.000,,,,,,,,,,,,,,,,,,,,,,,,,,,
A.T. Perry,,WR,2,4362019,0.000,,,,,,,,,,,,,,,,,,,,,,,,,,,
Tahj Washington,,WR,2,4567506,0.000,,,,,,,,,,,,,,,,,,,,,,,,,,,
Devin Culp,,TE,2,4361112,0.000,,,,,,,,,,,,,,,,,,,,,,,,,,,
Austin Trammell,,WR,2,4244856,0.000,,,,,,,,,,,,,,,,,,,,,,,,,,,
Tyreek Hill,,WR,2,3116406,,,,,,,,,,,,,,,,,,,,,,,,,,,,
Brandon Aiyuk,SF,WR,2,4360438,,,,,,,,,,,,,,,,,,,,,,,,,,,,
Roschon Johnson,CHI,RB,2,4426386,,,,,,,,,,,,,,,,,,,,,,,,,,,,
Justin Tucker,,K,2,15683,,,,,,,,,,,,,,,,,,,,,,,,,,,,
Kareem Hunt,,RB,2,3059915,,,,,,,,,,,,,,,,,,,,,,,,,,,,
Philip Rivers,IND,QB,2,5529,,,,,,,,,,,,,,,,,,,,,,,,,,,,
Nick Chubb,,RB,2,3128720,,,,,,,,,,,,,,,,,,,,,,,,,,,,
Camden Brown,DAL,WR,2,4808759,,,,,,,,,,,,,,,,,,,,,,,,,,,,
Lil'Jordan Humphrey,,WR,2,4039057,,,,,,,,,,,,,,,,,,,,,,,,,,,,
Joe Mixon,,RB,2,3116385,,,,,,,,,,,,,,,,,,,,,,,,,,,,
Israel Abanikanda,DAL,RB,2,4429202,,,,,,,,,,,,,,,,,,,,,,,,,,,,
AJ Dillon,CAR,RB,2,4239934,,,,,,,,,,,,,,,,,,,,,,,,,,,,
Jack Strand,ATL,QB,2,5344782,,,,,,,,,,,,,,,,,,,,,,,,,,,,
Jalen Milroe,SEA,QB,2,4432734,,,,,,,,,,,,,,,,,,,,,,,,,,,,
Zach Ertz,,TE,2,15835,,,,,,,,,,,,,,,,,,,,,,,,,,,,
Jake Bobo,SEA,WR,2,4360405,,,,,,,,,,,,,,,,,,,,,,,,,,,,
Audric Estime,NO,RB,2,4569682,,,,,,,,,,,,,,,,,,,,,,,,,,,,
Ezekiel Elliott,,RB,2,3051392,,,,,,,,,,,,,,,,,,,,,,,,,,,,
Taysom Hill,,TE,2,2468609,,,,,,,,,,,,,,,,,,,,,,,,,,,,
Matt Prater,,K,2,11122,,,,,,,,,,,,,,,,,,,,,,,,,,,,
Ulysses Bentley IV,,RB,2,4426689,,,,,,,,,,,,,,,,,,,,,,,,,,,,
Taylen Green,CLE,QB,2,4431325,,,,,,,,,,,,,,,,,,,,,,,,,,,,
Dillon Gabriel,CLE,QB,2,4427238,,,,,,,,,,,,,,,,,,,,,,,,,,,,
Jermar Jefferson,,RB,2,4374033,,,,,,,,,,,,,,,,,,,,,,,,,,,,
Ronnie Rivers,LAR,RB,2,4243003,,,,,,,,,,,,,,,,,,,,,,,,,,,,
Caden Davis,,K,2,4570688,,,,,,,,,,,,,,,,,,,,,,,,,,,,
Elijah Moore,PHI,WR,2,4372414,,,,,,,,,,,,,,,,,,,,,,,,,,,,
John Metchie III,CAR,WR,2,4567096,,,,,,,,,,,,,,,,,,,,,,,,,,,,
Russell Wilson,,QB,2,14881,,,,,,,,,,,,,,,,,,,,,,,,,,,,
Michael Trigg,,TE,2,4594749,,,,,,,,,,,,,,,,,,,,,,,,,,,,
Kadarius Toney,,WR,2,4240600,,,,,,,,,,,,,,,,,,,,,,,,,,,,
DeAndre Hopkins,,WR,2,15795,,,,,,,,,,,,,,,,,,,,,,,,,,,,
Jam Miller,,RB,2,4685477,,,,,,,,,,,,,,,,,,,,,,,,,,,,
Frank Gore Jr.,BUF,RB,2,4429805,,,,,,,,,,,,,,,,,,,,,,,,,,,,
Austin Ekeler,,RB,2,3068267,,,,,,,,,,,,,,,,,,,,,,,,,,,,
Jimmy Garoppolo,LAR,QB,2,16760,,,,,,,,,,,,,,,,,,,,,,,,,,,,
DeWayne McBride,,RB,2,4430388,,,,,,,,,,,,,,,,,,,,,,,,,,,,
Amari Cooper,LV,WR,2,2976499,,,,,,,,,,,,,,,,,,,,,,,,,,,,
Adrian Martinez,,QB,2,4361182,,,,,,,,,,,,,,,,,,,,,,,,,,,,
Brittain Brown,CHI,RB,2,4036032,,,,,,,,,,,,,,,,,,,,,,,,,,,,
Deion Burks,IND,WR,2,4683151,,,,,,,,,,,,,,,,,,,,,,,,,,,,
Dalvin Cook,,RB,2,3116593,,,,,,,,,,,,,,,,,,,,,,,,,,,,
Jordan Watkins,SF,WR,2,4431466,,,,,,,,,,,,,,,,,,,,,,,,,,,,
Dustin Hopkins,,K,2,15965,,,,,,,,,,,,,,,,,,,,,,,,,,,,
Emmanuel Henderson Jr.,,WR,2,4685381,,,,,,,,,,,,,,,,,,,,,,,,,,,,
Gavin Bartholomew,MIN,TE,2,4708049,,,,,,,,,,,,,,,,,,,,,,,,,,,,
Brady Russell,SEA,RB,2,4243176,,,,,,,,,,,,,,,,,,,,,,,,,,,,
Drake Dabney,,TE,2,4429466,,,,,,,,,,,,,,,,,,,,,,,,,,,,
Michael Badgley,,K,2,3123052,,,,,,,,,,,,,,,,,,,,,,,,,,,,
Robert Tonyan,PIT,TE,2,2975674,,,,,,,,,,,,,,,,,,,,,,,,,,,,
Jarquez Hunter,,RB,2,4710341,,,,,,,,,,,,,,,,,,,,,,,,,,,,
Adam Thielen,PIT,WR,2,16460,,,,,,,,,,,,,,,,,,,,,,,,,,,,
Austin Seibert,,K,2,3821683,,,,,,,,,,,,,,,,,,,,,,,,,,,,
Jaleel McLaughlin,,RB,2,4722893,,,,,,,,,,,,,,,,,,,,,,,,,,,,
Max Brosmer,,QB,2,4573398,,,,,,,,,,,,,,,,,,,,,,,,,,,,
Parker Romo,,K,2,4051167,,,,,,,,,,,,,,,,,,,,,,,,,,,,
J. Michael Sturdivant,GB,WR,2,4635009,,,,,,,,,,,,,,,,,,,,,,,,,,,,
Jeremy McNichols,WAS,RB,2,3127586,,,,,,,,,,,,,,,,,,,,,,,,,,,,
C.J. Ham,MIN,RB,2,4012556,,,,,,,,,,,,,,,,,,,,,,,,,,,,
Greg Joseph,,K,2,3975763,,,,,,,,,,,,,,,,,,,,,,,,,,,,
Greg Zuerlein,,K,2,14993,,,,,,,,,,,,,,,,,,,,,,,,,,,,
Garrett Nussmeier,KC,QB,2,4567747,,,,,,,,,,,,,,,,,,,,,,,,,,,,
Colson Yankoff,WAS,TE,2,4361088,,,,,,,,,,,,,,,,,,,,,,,,,,,,
Ray-Ray McCloud III,,WR,2,3728262,,,,,,,,,,,,,,,,,,,,,,,,,,,,
Tyler Lockett,,WR,2,2577327,,,,,,,,,,,,,,,,,,,,,,,,,,,,
Tim Patrick,NYJ,WR,2,3134353,,,,,,,,,,,,,,,,,,,,,,,,,,,,
Jude McAtamney,,K,2,5092436,,,,,,,,,,,,,,,,,,,,,,,,,,,,
Sal Cannella,,TE,2,4242536,,,,,,,,,,,,,,,,,,,,,,,,,,,,
Zach Wilson,NO,QB,2,4361259,,,,,,,,,,,,,,,,,,,,,,,,,,,,
AJ Henning,,WR,2,4429053,,,,,,,,,,,,,,,,,,,,,,,,,,,,
Jacardia Wright,,RB,2,4428943,,,,,,,,,,,,,,,,,,,,,,,,,,,,
Haynes King,CAR,QB,2,4428993,,,,,,,,,,,,,,,,,,,,,,,,,,,,
Will Levis,,QB,2,4361418,,,,,,,,,,,,,,,,,,,,,,,,,,,,
Hendon Hooker,,QB,2,4240858,,,,,,,,,,,,,,,,,,,,,,,,,,,,
Brennan Presley,,WR,2,4431342,,,,,,,,,,,,,,,,,,,,,,,,,,,,
Zach Horton,,TE,2,4877824,,,,,,,,,,,,,,,,,,,,,,,,,,,,
Christopher Dunn,,K,2,4361665,,,,,,,,,,,,,,,,,,,,,,,,,,,,
D.J. Montgomery,IND,WR,2,4249030,,,,,,,,,,,,,,,,,,,,,,,,,,,,
Deuce Vaughn,,RB,2,4431453,,,,,,,,,,,,,,,,,,,,,,,,,,,,
Behren Morton,NE,QB,2,4431465,,,,,,,,,,,,,,,,,,,,,,,,,,,,
Kendrick Law,DET,WR,2,4685441,,,,,,,,,,,,,,,,,,,,,,,,,,,,
Jacob Kibodi,,RB,2,4240911,,,,,,,,,,,,,,,,,,,,,,,,,,,,
Brayden Narveson,,K,2,4361765,,,,,,,,,,,,,,,,,,,,,,,,,,,,
Zamir White,,RB,2,4361777,,,,,,,,,,,,,,,,,,,,,,,,,,,,
Dare Ogunbowale,,RB,2,2983509,,,,,,,,,,,,,,,,,,,,,,,,,,,,
Cameron Latu,NE,TE,2,4372026,,,,,,,,,,,,,,,,,,,,,,,,,,,,
CJ Williams,JAC,WR,2,5085024,,,,,,,,,,,,,,,,,,,,,,,,,,,,
Tyler Goodson,,RB,2,4429676,,,,,,,,,,,,,,,,,,,,,,,,,,,,
Carson Steele,,RB,2,4714365,,,,,,,,,,,,,,,,,,,,,,,,,,,,
Joe Fagnano,BAL,QB,2,4429582,,,,,,,,,,,,,,,,,,,,,,,,,,,,
Hunter Renfrow,,WR,2,3135321,,,,,,,,,,,,,,,,,,,,,,,,,,,,
Trey Sermon,ATL,RB,2,4241401,,,,,,,,,,,,,,,,,,,,,,,,,,,,
SaRodorick Thompson Jr.,,RB,2,4362162,,,,,,,,,,,,,,,,,,,,,,,,,,,,
Antonio Gibson,,RB,2,4360294,,,,,,,,,,,,,,,,,,,,,,,,,,,,
Raheem Mostert,,RB,2,2576414,,,,,,,,,,,,,,,,,,,,,,,,,,,,
Dameon Pierce,,RB,2,4360238,,,,,,,,,,,,,,,,,,,,,,,,,,,,
Bub Means,,WR,2,4427985,,,,,,,,,,,,,,,,,,,,,,,,,,,,
Lan Larison,NE,RB,2,4698253,,,,,,,,,,,,,,,,,,,,,,,,,,,,
Marquez Valdes-Scantling,,WR,2,3051738,,,,,,,,,,,,,,,,,,,,,,,,,,,,
Equanimeous St. Brown,,WR,2,3932442,,,,,,,,,,,,,,,,,,,,,,,,,,,,
Brandin Cooks,,WR,2,16731,,,,,,,,,,,,,,,,,,,,,,,,,,,,
Derek Carr,NO,QB,2,16757,,,,,,,,,,,,,,,,,,,,,,,,,,,,
Luke Lachey,GB,TE,2,4432338,,,,,,,,,,,,,,,,,,,,,,,,,,,,
Mecole Hardman Jr.,,WR,2,4035004,,,,,,,,,,,,,,,,,,,,,,,,,,,,
Sam Ehlinger,DEN,QB,2,4241820,,,,,,,,,,,,,,,,,,,,,,,,,,,,
Jordan Travis,,QB,2,4360799,,,,,,,,,,,,,,,,,,,,,,,,,,,,
Albert Okwuegbunam Jr.,,TE,2,4035115,,,,,,,,,,,,,,,,,,,,,,,,,,,,
Amar Johnson,,RB,2,4878878,,,,,,,,,,,,,,,,,,,,,,,,,,,,
Simi Fehoko,ARI,WR,2,4360739,,,,,,,,,,,,,,,,,,,,,,,,,,,,
Jamaal Williams,,RB,2,2980453,,,,,,,,,,,,,,,,,,,,,,,,,,,,
Dominic Lovett,,WR,2,4596439,,,,,,,,,,,,,,,,,,,,,,,,,,,,
Kedon Slovis,,QB,2,4428512,,,,,,,,,,,,,,,,,,,,,,,,,,,,
Trayveon Williams,,RB,2,4035222,,,,,,,,,,,,,,,,,,,,,,,,,,,,
Athan Kaliakmanis,WAS,QB,2,4432722,,,,,,,,,,,,,,,,,,,,,,,,,,,,
Jared Wiley,KC,TE,2,4430723,,,,,,,,,,,,,,,,,,,,,,,,,,,,
Travis Homer,,RB,2,4037457,,,,,,,,,,,,,,,,,,,,,,,,,,,,
J.J. Taylor,,RB,2,4039607,,,,,,,,,,,,,,,,,,,,,,,,,,,,
Ty Chandler,NO,RB,2,4242431,,,,,,,,,,,,,,,,,,,,,,,,,,,,
Cole Payton,PHI,QB,2,4879250,,,,,,,,,,,,,,,,,,,,,,,,,,,,
Quentin Skinner,,WR,2,4613050,,,,,,,,,,,,,,,,,,,,,,,,,,,,
Anders Carlson,,K,2,4242519,,,,,,,,,,,,,,,,,,,,,,,,,,,,
John Samuel Shenker,,TE,2,4242526,,,,,,,,,,,,,,,,,,,,,,,,,,,,
Matthew Wright,,K,2,3128444,,,,,,,,,,,,,,,,,,,,,,,,,,,,
Michael Pratt,,QB,2,4685039,,,,,,,,,,,,,,,,,,,,,,,,,,,,
Scott Matlock,LAC,RB,2,4373684,,,,,,,,,,,,,,,,,,,,,,,,,,,,
Beaux Collins,ATL,WR,2,4431210,,,,,,,,,,,,,,,,,,,,,,,,,,,,
Khalil Herbert,,RB,2,4035886,,,,,,,,,,,,,,,,,,,,,,,,,,,,
Michael Carter,,RB,2,4240657,,,,,,,,,,,,,,,,,,,,,,,,,,,,
Jimmy Holiday,KC,WR,2,4431142,,,,,,,,,,,,,,,,,,,,,,,,,,,,
Anthony Smith,,WR,2,4685110,,,,,,,,,,,,,,,,,,,,,,,,,,,,
Jaheim Bell,,TE,2,4429262,,,,,,,,,,,,,,,,,,,,,,,,,,,,
Marcedes Lewis,,TE,2,9614,,,,,,,,,,,,,,,,,,,,,,,,,,,,
Quez Watkins,,WR,2,4050373,,,,,,,,,,,,,,,,,,,,,,,,,,,,
Raheem Blackshear,,RB,2,4259308,,,,,,,,,,,,,,,,,,,,,,,,,,,,
Xavier Restrepo,,WR,2,4431353,,,,,,,,,,,,,,,,,,,,,,,,,,,,
Travis Vokolek,,TE,2,4259324,,,,,,,,,,,,,,,,,,,,,,,,,,,,
Cordarrelle Patterson,,RB,2,15807,,,,,,,,,,,,,,,,,,,,,,,,,,,,
Mike Boone,,RB,2,3139033,,,,,,,,,,,,,,,,,,,,,,,,,,,,
Devin Leary,,QB,2,4361653,,,,,,,,,,,,,,,,,,,,,,,,,,,,
Easton Stick,,QB,2,3120590,,,,,,,,,,,,,,,,,,,,,,,,,,,,
Eric Gray,,RB,2,4570561,,,,,,,,,,,,,,,,,,,,,,,,,,,,
Robert Woods,,WR,2,15880,,,,,,,,,,,,,,,,,,,,,,,,,,,,
Ben VanSumeren,KC,RB,2,4372070,,,,,,,,,,,,,,,,,,,,,,,,,,,,
Hassan Haskins,,RB,2,4372071,,,,,,,,,,,,,,,,,,,,,,,,,,,,
Jakobie Keeney-James,,WR,2,5178972,,,,,,,,,,,,,,,,,,,,,,,,,,,,
Irv Charles,SEA,WR,2,3929636,,,,,,,,,,,,,,,,,,,,,,,,,,,,
Dennis Houston,TB,WR,2,4572786,,,,,,,,,,,,,,,,,,,,,,,,,,,,
Ricky White III,,WR,2,4431479,,,,,,,,,,,,,,,,,,,,,,,,,,,,
Kenny McIntosh,,RB,2,4427391,,,,,,,,,,,,,,,,,,,,,,,,,,,,
Teagan Quitoriano,,TE,2,4374045,,,,,,,,,,,,,,,,,,,,,,,,,,,,
Jordan Mims,,RB,2,4243004,,,,,,,,,,,,,,,,,,,,,,,,,,,,
Zaire Mitchell-Paden,,TE,2,4876006,,,,,,,,,,,,,,,,,,,,,,,,,,,,
Sean McKeon,IND,TE,2,4036275,,,,,,,,,,,,,,,,,,,,,,,,,,,,
Robbie Ouzts,SEA,RB,2,4691688,,,,,,,,,,,,,,,,,,,,,,,,,,,,
Pharaoh Brown,,TE,2,2971281,,,,,,,,,,,,,,,,,,,,,,,,,,,,
Bauer Sharp,TB,TE,2,4890373,,,,,,,,,,,,,,,,,,,,,,,,,,,,
James Mitchell,,TE,2,4361988,,,,,,,,,,,,,,,,,,,,,,,,,,,,
Sean Clifford,,QB,2,4259592,,,,,,,,,,,,,,,,,,,,,,,,,,,,
Ja'Corey Brooks,,WR,2,4431506,,,,,,,,,,,,,,,,,,,,,,,,,,,,
Cedrick Wilson Jr.,,WR,2,4036335,,,,,,,,,,,,,,,,,,,,,,,,,,,,
Donovan Edwards,,RB,2,4431536,,,,,,,,,,,,,,,,,,,,,,,,,,,,
Myles Gaskin,,RB,2,3886818,,,,,,,,,,,,,,,,,,,,,,,,,,,,
Ryan Griffin,,QB,2,16140,,,,,,,,,,,,,,,,,,,,,,,,,,,,
Skylar Thompson,BAL,QB,2,4036419,,,,,,,,,,,,,,,,,,,,,,,,,,,,
Terrell Jennings,,RB,2,4427600,,,,,,,,,,,,,,,,,,,,,,,,,,,,
Tim Boyle,,QB,2,3045169,,,,,,,,,,,,,,,,,,,,,,,,,,,,
Ke'Shawn Vaughn,,RB,2,3917612,,,,,,,,,,,,,,,,,,,,,,,,,,,,
Tyler Boyd,,WR,2,3045144,,,,,,,,,,,,,,,,,,,,,,,,,,,,
Salvon Ahmed,,RB,2,4243315,,,,,,,,,,,,,,,,,,,,,,,,,,,,
Mike Williams,LAC,WR,2,3045138,,,,,,,,,,,,,,,,,,,,,,,,,,,,
Jake Haener,,QB,2,4243322,,,,,,,,,,,,,,,,,,,,,,,,,,,,
Mike White,,QB,2,3051381,,,,,,,,,,,,,,,,,,,,,,,,,,,,
Jamal Agnew,,WR,2,3061612,,,,,,,,,,,,,,,,,,,,,,,,,,,,
D'Onta Foreman,,RB,2,3125116,,,,,,,,,,,,,,,,,,,,,,,,,,,,
Taylor Heinicke,,QB,2,2565969,,,,,,,,,,,,,,,,,,,,,,,,,,,,
Jha'Quan Jackson,,WR,2,4427575,,,,,,,,,,,,,,,,,,,,,,,,,,,,
Josh Johnson,,RB,2,4390717,,,,,,,,,,,,,,,,,,,,,,,,,,,,
Craig Reynolds,,RB,2,4421446,,,,,,,,,,,,,,,,,,,,,,,,,,,,
Clayton Tune,,QB,2,4360175,,,,,,,,,,,,,,,,,,,,,,,,,,,,
Jack Endries,CIN,TE,2,5085189,,,,,,,,,,,,,,,,,,,,,,,,,,,,
Nathan Carter,,RB,2,4605841,,,,,,,,,,,,,,,,,,,,,,,,,,,,
Dante Pettis,,WR,2,3127306,,,,,,,,,,,,,,,,,,,,,,,,,,,,
Zay Jones,,WR,2,3059722,,,,,,,,,,,,,,,,,,,,,,,,,,,,
Nelson Agholor,,WR,2,2971618,,,,,,,,,,,,,,,,,,,,,,,,,,,,
Gabe Davis,,WR,2,4243537,,,,,,,,,,,,,,,,,,,,,,,,,,,,
Brayden Willis,SF,TE,2,4360290,,,,,,,,,,,,,,,,,,,,,,,,,,,,
Nick Vannett,,TE,2,2576399,,,,,,,,,,,,,,,,,,,,,,,,,,,,
D'Ernest Johnson,,RB,2,3139602,,,,,,,,,,,,,,,,,,,,,,,,,,,,
Damien Martinez,,RB,2,4808830,,,,,,,,,,,,,,,,,,,,,,,,,,,,
Owen Wright,,RB,2,4249616,,,,,,,,,,,,,,,,,,,,,,,,,,,,
Ben Yurosek,MIN,TE,2,4433959,,,,,,,,,,,,,,,,,,,,,,,,,,,,
Deneric Prince,,RB,2,4372526,,,,,,,,,,,,,,,,,,,,,,,,,,,,
Keilan Robinson,,RB,2,4567095,,,,,,,,,,,,,,,,,,,,,,,,,,,,
Javon Baker,,WR,2,4692022,,,,,,,,,,,,,,,,,,,,,,,,,,,,
Chandler Brayboy,,WR,2,4573243,,,,,,,,,,,,,,,,,,,,,,,,,,,,
Michael Wiley,,RB,2,4569156,,,,,,,,,,,,,,,,,,,,,,,,,,,,
Chase Edmonds,,RB,2,3119195,,,,,,,,,,,,,,,,,,,,,,,,,,,,
Brandon Allen,,QB,2,2574511,,,,,,,,,,,,,,,,,,,,,,,,,,,,
Jaret Patterson,,RB,2,4362452,,,,,,,,,,,,,,,,,,,,,,,,,,,,
Tyler Johnson,,WR,2,2310331,,,,,,,,,,,,,,,,,,,,,,,,,,,,
Pierre Strong Jr.,,RB,2,4249836,,,,,,,,,,,,,,,,,,,,,,,,,,,,
Brevin Jordan,HOU,TE,2,4362504,,,,,,,,,,,,,,,,,,,,,,,,,,,,
C.J. Uzomah,,TE,2,2574576,,,,,,,,,,,,,,,,,,,,,,,,,,,,
Gary Brightwell,,RB,2,4245645,,,,,,,,,,,,,,,,,,,,,,,,,,,,
Brandon Powell,,WR,2,3115255,,,,,,,,,,,,,,,,,,,,,,,,,,,,
Elijah Mitchell,,RB,2,4241555,,,,,,,,,,,,,,,,,,,,,,,,,,,,
Parris Campbell,DAL,WR,2,3121410,,,,,,,,,,,,,,,,,,,,,,,,,,,,
Noah Brown,,WR,2,3121409,,,,,,,,,,,,,,,,,,,,,,,,,,,,
Jacoby Jones,WAS,WR,2,5083297,,,,,,,,,,,,,,,,,,,,,,,,,,,,
Trevor Siemian,,QB,2,2511109,,,,,,,,,,,,,,,,,,,,,,,,,,,,
D.J. Williams,,RB,2,4567216,,,,,,,,,,,,,,,,,,,,,,,,,,,,
Jermaine Jackson,,WR,2,4698301,,,,,,,,,,,,,,,,,,,,,,,,,,,,
Caleb Lohner,DEN,TE,2,4432208,,,,,,,,,,,,,,,,,,,,,,,,,,,,
Isaiah Neyor,,WR,2,4428116,,,,,,,,,,,,,,,,,,,,,,,,,,,,
Lew Nichols,,RB,2,4428119,,,,,,,,,,,,,,,,,,,,,,,,,,,,
Zach Pascal,,WR,2,2978109,,,,,,,,,,,,,,,,,,,,,,,,,,,,
Louis Rees-Zammit,,RB,2,5208436,,,,,,,,,,,,,,,,,,,,,,,,,,,,
Curtis Samuel,,WR,2,3121427,,,,,,,,,,,,,,,,,,,,,,,,,,,,
Josh Reynolds,,WR,2,3115306,,,,,,,,,,,,,,,,,,,,,,,,,,,,
Jeff Driskel,,QB,2,2574630,,,,,,,,,,,,,,,,,,,,,,,,,,,,
Feleipe Franks,CAR,TE,2,4034948,,,,,,,,,,,,,,,,,,,,,,,,,,,,
David Sills V,TB,WR,2,3871102,,,,,,,,,,,,,,,,,,,,,,,,,,,,
Kyle Trask,,QB,2,4034946,,,,,,,,,,,,,,,,,,,,,,,,,,,,
Johnny Wilson,PHI,WR,2,4686104,,,,,,,,,,,,,,,,,,,,,,,,,,,,
Sincere McCormick,,RB,2,4430104,,,,,,,,,,,,,,,,,,,,,,,,,,,,
Shane Buechele,,QB,2,4039034,,,,,,,,,,,,,,,,,,,,,,,,,,,,
Will Mallory,IND,TE,2,4362523,,,,,,,,,,,,,,,,,,,,,,,,,,,,
Dalevon Campbell,LAC,WR,2,4569372,,,,,,,,,,,,,,,,,,,,,,,,,,,,
Miles Sanders,,RB,2,4045163,,,,,,,,,,,,,,,,,,,,,,,,,,,,
Jakob Johnson,,RB,2,3115349,,,,,,,,,,,,,,,,,,,,,,,,,,,,
Jordan Matthews,,TE,2,16763,,,,,,,,,,,,,,,,,,,,,,,,,,,,
Nick Kallerup,SEA,TE,2,4569547,,,,,,,,,,,,,,,,,,,,,,,,,,,,
Allen Robinson,,WR,2,16799,,,,,,,,,,,,,,,,,,,,,,,,,,,,
KhaDarel Hodge,SF,WR,2,3047876,,,,,,,,,,,,,,,,,,,,,,,,,,,,
Gus Edwards,,RB,2,3051926,,,,,,,,,,,,,,,,,,,,,,,,,,,,
Aaron Shampklin,,RB,2,4248068,,,,,,,,,,,,,,,,,,,,,,,,,,,,
Evan Hull,,RB,2,4569609,,,,,,,,,,,,,,,,,,,,,,,,,,,,
Kylen Granson,TEN,TE,2,4039160,,,,,,,,,,,,,,,,,,,,,,,,,,,,
Robbie Chosen,,WR,2,2574808,,,,,,,,,,,,,,,,,,,,,,,,,,,,
Graham Mertz,HOU,QB,2,4426335,,,,,,,,,,,,,,,,,,,,,,,,,,,,
Kurtis Rourke,SF,QB,2,4430431,,,,,,,,,,,,,,,,,,,,,,,,,,,,
Hayden Rucci,,TE,2,4428396,,,,,,,,,,,,,,,,,,,,,,,,,,,,
River Cracraft,,WR,2,3052056,,,,,,,,,,,,,,,,,,,,,,,,,,,,
Jalin Hyatt,,WR,2,4692590,,,,,,,,,,,,,,,,,,,,,,,,,,,,
Baylor Cupp,,TE,2,4426364,,,,,,,,,,,,,,,,,,,,,,,,,,,,
Jonathan Ward,,RB,2,4039274,,,,,,,,,,,,,,,,,,,,,,,,,,,,
Cody White,LV,WR,2,4241983,,,,,,,,,,,,,,,,,,,,,,,,,,,,
Patrick Taylor Jr.,,RB,2,4039358,,,,,,,,,,,,,,,,,,,,,,,,,,,,
Thomas Fidone II,NYG,TE,2,4590292,,,,,,,,,,,,,,,,,,,,,,,,,,,,
Jaren Kanak,TEN,TE,2,4877034,,,,,,,,,,,,,,,,,,,,,,,,,,,,
Cornelius Johnson,,WR,2,4426479,,,,,,,,,,,,,,,,,,,,,,,,,,,,
John Ross,,WR,2,3052177,,,,,,,,,,,,,,,,,,,,,,,,,,,,
Scotty Miller,,WR,2,3914397,,,,,,,,,,,,,,,,,,,,,,,,,,,,
Ainias Smith,CAR,WR,2,4428532,,,,,,,,,,,,,,,,,,,,,,,,,,,,
Bailey Zappe,,QB,2,4250360,,,,,,,,,,,,,,,,,,,,,,,,,,,,
Cam Akers,,RB,2,4240021,,,,,,,,,,,,,,,,,,,,,,,,,,,,
Anthony Brown Jr.,,QB,2,4035312,,,,,,,,,,,,,,,,,,,,,,,,,,,,
Keleki Latu,BUF,TE,2,4688552,,,,,,,,,,,,,,,,,,,,,,,,,,,,
Diontae Johnson,,WR,2,3932905,,,,,,,,,,,,,,,,,,,,,,,,,,,,
Malik Cunningham,,WR,2,4240069,,,,,,,,,,,,,,,,,,,,,,,,,,,,
Treyton Welch,NO,TE,2,4430684,,,,,,,,,,,,,,,,,,,,,,,,,,,,
Moliki Matavao,NO,TE,2,4432731,,,,,,,,,,,,,,,,,,,,,,,,,,,,
Carlos Washington Jr.,,RB,2,4248425,,,,,,,,,,,,,,,,,,,,,,,,,,,,
Dallen Bentley,DEN,TE,2,5159802,,,,,,,,,,,,,,,,,,,,,,,,,,,,
K.J. Osborn,,WR,2,3916566,,,,,,,,,,,,,,,,,,,,,,,,,,,,
Jamari Thrash,,WR,2,4428678,,,,,,,,,,,,,,,,,,,,,,,,,,,,
Jaylen Johnson,,WR,2,4379405,,,,,,,,,,,,,,,,,,,,,,,,,,,,
Kaden Davis,CHI,WR,2,5065495,,,,,,,,,,,,,,,,,,,,,,,,,,,,
David Martin-Robinson,TEN,TE,2,4360978,,,,,,,,,,,,,,,,,,,,,,,,,,,,
Clyde Edwards-Helaire,,RB,2,4242214,,,,,,,,,,,,,,,,,,,,,,,,,,,,
John Wolford,,QB,2,3124092,,,,,,,,,,,,,,,,,,,,,,,,,,,,
Sterling Shepard,,WR,2,2976592,,,,,,,,,,,,,,,,,,,,,,,,,,,,
JaMycal Hasty,,RB,2,3928925,,,,,,,,,,,,,,,,,,,,,,,,,,,,
Dorian Thompson-Robinson,,QB,2,4367178,,,,,,,,,,,,,,,,,,,,,,,,,,,,
Xazavian Valladay,,RB,2,4240350,,,,,,,,,,,,,,,,,,,,,,,,,,,,
Malik Turner,,WR,2,3115928,,,,,,,,,,,,,,,,,,,,,,,,,,,,
E.J. Jenkins,PHI,TE,2,4248557,,,,,,,,,,,,,,,,,,,,,,,,,,,,
Joshua Kelley,,RB,2,3910544,,,,,,,,,,,,,,,,,,,,,,,,,,,,
Princeton Fant,DAL,TE,2,4242442,,,,,,,,,,,,,,,,,,,,,,,,,,,,
Anthony Miller,,WR,2,3050487,,,,,,,,,,,,,,,,,,,,,,,,,,,,
Trent Sherfield,,WR,2,3122168,,,,,,,,,,,,,,,,,,,,,,,,,,,,
Jack Westover,WAS,RB,2,4361100,,,,,,,,,,,,,,,,,,,,,,,,,,,,
Tyler Scott,,WR,2,4565908,,,,,,,,,,,,,,,,,,,,,,,,,,,,
Cody Schrader,,RB,2,4391845,,,,,,,,,,,,,,,,,,,,,,,,,,,,
Khari Blasingame,,RB,2,3122154,,,,,,,,,,,,,,,,,,,,,,,,,,,,
Brenden Rice,,WR,2,4686781,,,,,,,,,,,,,,,,,,,,,,,,,,,,
Allen Lazard,,WR,2,3128390,,,,,,,,,,,,,,,,,,,,,,,,,,,,
Isaiah Hodgins,,WR,2,4242540,,,,,,,,,,,,,,,,,,,,,,,,,,,,
Jaren Hall,,QB,2,4373632,,,,,,,,,,,,,,,,,,,,,,,,,,,,
Nikola Kalinic,CHI,TE,2,4916349,,,,,,,,,,,,,,,,,,,,,,,,,,,,
Coleman Owen,,WR,2,4578436,,,,,,,,,,,,,,,,,,,,,,,,,,,,
Jordan Akins,,TE,2,3128452,,,,,,,,,,,,,,,,,,,,,,,,,,,,
Brett Rypien,,QB,2,3722362,,,,,,,,,,,,,,,,,,,,,,,,,,,,
Velus Jones Jr.,SEA,RB,2,4035693,,,,,,,,,,,,,,,,,,,,,,,,,,,,
Zack Moss,,RB,2,4035676,,,,,,,,,,,,,,,,,,,,,,,,,,,,
Eric Tomlinson,,TE,2,2511973,,,,,,,,,,,,,,,,,,,,,,,,,,,,
Nathan Rourke,,QB,2,4244688,,,,,,,,,,,,,,,,,,,,,,,,,,,,
Justin Shorter,LV,WR,2,4361426,,,,,,,,,,,,,,,,,,,,,,,,,,,,
Kendall Milton,,RB,2,4429012,,,,,,,,,,,,,,,,,,,,,,,,,,,,
Ellis Merriweather,,RB,2,4685016,,,,,,,,,,,,,,,,,,,,,,,,,,,,
Jermaine Burton,,WR,2,4429033,,,,,,,,,,,,,,,,,,,,,,,,,,,,
Phillip Dorsett II,,WR,2,2579604,,,,,,,,,,,,,,,,,,,,,,,,,,,,
Stone Smartt,,TE,2,4250764,,,,,,,,,,,,,,,,,,,,,,,,,,,,
Joshua Cephus,,WR,2,4426893,,,,,,,,,,,,,,,,,,,,,,,,,,,,
Dalen Cambre,,WR,2,4570296,,,,,,,,,,,,,,,,,,,,,,,,,,,,
Zack Kuntz,,TE,2,4361417,,,,,,,,,,,,,,,,,,,,,,,,,,,,
Jase McClellan,,RB,2,4429001,,,,,,,,,,,,,,,,,,,,,,,,,,,,
Trent Taylor,,WR,2,3040569,,,,,,,,,,,,,,,,,,,,,,,,,,,,
Elijah Dotson,,RB,2,4248909,,,,,,,,,,,,,,,,,,,,,,,,,,,,
Cam Miller,,QB,2,4693331,,,,,,,,,,,,,,,,,,,,,,,,,,,,
Max Duggan,,QB,2,4427105,,,,,,,,,,,,,,,,,,,,,,,,,,,,
Mohamed Ibrahim,,RB,2,4240750,,,,,,,,,,,,,,,,,,,,,,,,,,,,
Junior Bergen,,WR,2,4887918,,,,,,,,,,,,,,,,,,,,,,,,,,,,
Blake Watson,,RB,2,4361604,,,,,,,,,,,,,,,,,,,,,,,,,,,,
Alexander Mattison,,RB,2,4048244,,,,,,,,,,,,,,,,,,,,,,,,,,,,
Thomas Odukoya,KC,TE,2,4363554,,,,,,,,,,,,,,,,,,,,,,,,,,,,
Kenny Yeboah,,TE,2,4044144,,,,,,,,,,,,,,,,,,,,,,,,,,,,
Tommy Mellott,,WR,2,4775196,,,,,,,,,,,,,,,,,,,,,,,,,,,,
David Bell,CLE,WR,2,4570409,,,,,,,,,,,,,,,,,,,,,,,,,,,,
Kalel Mullings,,RB,2,4429121,,,,,,,,,,,,,,,,,,,,,,,,,,,,
Chris Oladokun,,QB,2,4044111,,,,,,,,,,,,,,,,,,,,,,,,,,,,
Mitchell Wilcox,,TE,2,3923392,,,,,,,,,,,,,,,,,,,,,,,,,,,,
Dez Fitzpatrick,,WR,2,4036026,,,,,,,,,,,,,,,,,,,,,,,,,,,,
Mark Redman,GB,TE,2,4431346,,,,,,,,,,,,,,,,,,,,,,,,,,,,
Tanner McLachlan,,TE,2,4384171,,,,,,,,,,,,,,,,,,,,,,,,,,,,
Samori Toure,,WR,2,4027873,,,,,,,,,,,,,,,,,,,,,,,,,,,,
Malik Heath,,WR,2,4689334,,,,,,,,,,,,,,,,,,,,,,,,,,,,
MyCole Pruitt,,TE,2,2508256,,,,,,,,,,,,,,,,,,,,,,,,,,,,
Ronnie Bell,,WR,2,4372063,,,,,,,,,,,,,,,,,,,,,,,,,,,,
Dan Chisena,,WR,2,3929637,,,,,,,,,,,,,,,,,,,,,,,,,,,,
Tejhaun Palmer,,WR,2,4875912,,,,,,,,,,,,,,,,,,,,,,,,,,,,
Danny Gray,,WR,2,4689546,,,,,,,,,,,,,,,,,,,,,,,,,,,,
Xavier Gipson,,WR,2,4427278,,,,,,,,,,,,,,,,,,,,,,,,,,,,
Jody Fortson,,TE,2,4408854,,,,,,,,,,,,,,,,,,,,,,,,,,,,
John Kelly Jr.,,RB,2,3915381,,,,,,,,,,,,,,,,,,,,,,,,,,,,
DJ Turner,,WR,2,4036211,,,,,,,,,,,,,,,,,,,,,,,,,,,,
Kearis Jackson,,WR,2,4361778,,,,,,,,,,,,,,,,,,,,,,,,,,,,
Tanner Arkin,NE,TE,2,4683308,,,,,,,,,,,,,,,,,,,,,,,,,,,,
Laviska Shenault Jr.,,WR,2,4243160,,,,,,,,,,,,,,,,,,,,,,,,,,,,
Alex Bachman,,WR,2,3919510,,,,,,,,,,,,,,,,,,,,,,,,,,,,
Tim Jones,,WR,2,4245131,,,,,,,,,,,,,,,,,,,,,,,,,,,,
Kaden Prather,,WR,2,4431509,,,,,,,,,,,,,,,,,,,,,,,,,,,,
DeAndre Carter,,WR,2,2580216,,,,,,,,,,,,,,,,,,,,,,,,,,,,
Stephen Carlson,,TE,2,3948283,,,,,,,,,,,,,,,,,,,,,,,,,,,,
Tyreik McAllister,,WR,2,4589248,,,,,,,,,,,,,,,,,,,,,,,,,,,,
Keaontay Ingram,,RB,2,4362087,,,,,,,,,,,,,,,,,,,,,,,,,,,,
Terrell Bynum,,WR,2,4243319,,,,,,,,,,,,,,,,,,,,,,,,,,,,
Troy Hairston,,RB,2,4274040,,,,,,,,,,,,,,,,,,,,,,,,,,,,
Jeff Wilson Jr.,,RB,2,3122976,,,,,,,,,,,,,,,,,,,,,,,,,,,,
Trishton Jackson,,WR,2,4046715,,,,,,,,,,,,,,,,,,,,,,,,,,,,
Jalen Virgil,,WR,2,4036448,,,,,,,,,,,,,,,,,,,,,,,,,,,,
Deonte Harty,,WR,2,4411193,,,,,,,,,,,,,,,,,,,,,,,,,,,,
Tony Jones Jr.,,RB,2,4046676,,,,,,,,,,,,,,,,,,,,,,,,,,,,
Darrynton Evans,,RB,2,4036431,,,,,,,,,,,,,,,,,,,,,,,,,,,,
Michael Woods II,,WR,2,4360174,,,,,,,,,,,,,,,,,,,,,,,,,,,,
Bryce Ford-Wheaton,,WR,2,4362227,,,,,,,,,,,,,,,,,,,,,,,,,,,,
Alex Erickson,,WR,2,2977800,,,,,,,,,,,,,,,,,,,,,,,,,,,,
Will Dissly,,TE,2,3127292,,,,,,,,,,,,,,,,,,,,,,,,,,,,
Erik Ezukanma,,WR,2,4362186,,,,,,,,,,,,,,,,,,,,,,,,,,,,
Harrison Bryant,,TE,2,4040774,,,,,,,,,,,,,,,,,,,,,,,,,,,,
Tony Brown,,WR,2,3915821,,,,,,,,,,,,,,,,,,,,,,,,,,,,
Justyn Ross,,WR,2,4360306,,,,,,,,,,,,,,,,,,,,,,,,,,,,
Lawrence Cager,,TE,2,3917849,,,,,,,,,,,,,,,,,,,,,,,,,,,,
Steven Sims,,WR,2,3917960,,,,,,,,,,,,,,,,,,,,,,,,,,,,
Nick Muse,ATL,TE,2,4249624,,,,,,,,,,,,,,,,,,,,,,,,,,,,
Chris Conley,,WR,2,2578533,,,,,,,,,,,,,,,,,,,,,,,,,,,,
Jason Brownlee,,WR,2,4689988,,,,,,,,,,,,,,,,,,,,,,,,,,,,
John Stephens Jr.,,TE,2,4362489,,,,,,,,,,,,,,,,,,,,,,,,,,,,
Dee Eskridge,,WR,2,4043016,,,,,,,,,,,,,,,,,,,,,,,,,,,,
Elijah Cooks,,WR,2,4241588,,,,,,,,,,,,,,,,,,,,,,,,,,,,
Anthony Firkser,,TE,2,3049698,,,,,,,,,,,,,,,,,,,,,,,,,,,,
Shane Zylstra,,TE,2,4608362,,,,,,,,,,,,,,,,,,,,,,,,,,,,
Brenden Bates,,TE,2,4362603,,,,,,,,,,,,,,,,,,,,,,,,,,,,
Jaelon Darden,,WR,2,4243830,,,,,,,,,,,,,,,,,,,,,,,,,,,,
Bryce Oliver,,WR,2,4362617,,,,,,,,,,,,,,,,,,,,,,,,,,,,
Irv Smith Jr.,,TE,2,4040980,,,,,,,,,,,,,,,,,,,,,,,,,,,,
Collin Johnson,,WR,2,4039043,,,,,,,,,,,,,,,,,,,,,,,,,,,,
Russell Gage Jr.,,WR,2,3115378,,,,,,,,,,,,,,,,,,,,,,,,,,,,
DJ Chark,,WR,2,3115394,,,,,,,,,,,,,,,,,,,,,,,,,,,,
Jamison Crowder,,WR,2,2576716,,,,,,,,,,,,,,,,,,,,,,,,,,,,
James Proche II,,WR,2,3916204,,,,,,,,,,,,,,,,,,,,,,,,,,,,
Josiah Deguara,,TE,2,3914151,,,,,,,,,,,,,,,,,,,,,,,,,,,,
Donald Parham Jr.,,TE,2,3912092,,,,,,,,,,,,,,,,,,,,,,,,,,,,
Hayden Hurst,,TE,2,3924365,,,,,,,,,,,,,,,,,,,,,,,,,,,,
Peyton Hendershot,,TE,2,4258248,,,,,,,,,,,,,,,,,,,,,,,,,,,,
Maurice Alexander,,WR,2,3914307,,,,,,,,,,,,,,,,,,,,,,,,,,,,
Henry Pearson,,TE,2,4360794,,,,,,,,,,,,,,,,,,,,,,,,,,,,
Tanner Conner,,TE,2,4047422,,,,,,,,,,,,,,,,,,,,,,,,,,,,
Kristian Wilkerson,,WR,2,3910176,,,,,,,,,,,,,,,,,,,,,,,,,,,,
