player,team,pos,week,espn_id,espn_pts,qb_ypg,rush_ypg,pass_td_rate,rush_td_rate,rec_td_rate,scrim_ypg,rec_share,fg_rate,xp_mean,sack_mean,int_mean,pa_mean,def_td_p
Jalen Hurts,PHI,QB,1,4040715,21.066,229.1051,27.4615,1.6612,0.6362,,,,,,,,,
Josh Allen,BUF,QB,1,3918298,19.322,223.659,32.2356,1.2722,0.6214,,,,,,,,,
Lamar Jackson,BAL,QB,1,3916387,19.129,232.0805,39.7578,1.5271,0.2186,,,,,,,,,
Justin Herbert,LAC,QB,1,4038941,18.968,234.0317,25.5334,1.9179,0.1648,,,,,,,,,
Jaxson Dart,NYG,QB,1,4689114,18.521,220.7613,32.6688,1.3306,0.4164,,,,,,,,,
Jahmyr Gibbs,DET,RB,1,4429795,18.516,,,,0.8718,0.2007,121.9683,0.2586,,,,,,
Joe Burrow,CIN,QB,1,3915511,18.153,243.2177,11.0293,2.0017,0.127,,,,,,,,,
Matthew Stafford,LAR,QB,1,12483,17.491,254.2127,2.3243,2.074,0.0352,,,,,,,,,
Trevor Lawrence,JAC,QB,1,4360310,16.978,225.6736,19.7471,1.5055,0.2784,,,,,,,,,
Jayden Daniels,WAS,QB,1,4426348,16.829,220.1293,37.6284,1.0405,0.246,,,,,,,,,
Dak Prescott,DAL,QB,1,2577417,16.734,242.6028,11.0306,1.7077,0.1243,,,,,,,,,
Kyler Murray,MIN,QB,1,3917315,16.369,218.988,29.1412,1.2663,0.2017,,,,,,,,,
Caleb Williams,CHI,QB,1,4431611,16.346,224.7013,22.4949,1.4194,0.1287,,,,,,,,,
Drake Maye,NE,QB,1,4431452,16.252,232.0892,29.5652,1.1964,0.19,,,,,,,,,
Baker Mayfield,TB,QB,1,3052587,16.234,233.3121,19.5238,1.5198,0.0892,,,,,,,,,
C.J. Stroud,HOU,QB,1,4432577,16.231,242.7652,15.178,1.5443,0.0755,,,,,,,,,
Bo Nix,DEN,QB,1,4426338,16.201,225.0027,20.1646,1.3568,0.2105,,,,,,,,,
Jared Goff,DET,QB,1,3046779,15.785,244.6368,2.8796,1.7376,0.0368,,,,,,,,,
Bryce Young,CAR,QB,1,4685720,15.680,222.5948,16.5881,1.4881,0.1536,,,,,,,,,
Patrick Mahomes,KC,QB,1,3139477,15.482,224.6727,18.5132,1.325,0.1663,,,,,,,,,
Brock Purdy,SF,QB,1,4361741,15.481,240.8066,15.2457,1.3006,0.1799,,,,,,,,,
Daniel Jones,IND,QB,1,3917792,15.160,217.2267,17.4401,1.0862,0.3341,,,,,,,,,
Saquon Barkley,PHI,RB,1,3929630,15.120,,,,0.6209,0.1503,105.6385,0.2167,,,,,,
Malik Willis,MIA,QB,1,4242512,15.085,212.7982,33.3728,0.8856,0.225,,,,,,,,,
Derrick Henry,BAL,RB,1,3043078,15.078,,,,0.7814,0.0705,100.897,0.1246,,,,,,
Jordan Love,GB,QB,1,4036378,14.874,234.3765,12.3098,1.3699,0.0632,,,,,,,,,
Jonathan Taylor,IND,RB,1,4242335,14.805,,,,0.6355,0.0839,105.7473,0.2134,,,,,,
Bijan Robinson,ATL,RB,1,4430807,14.787,,,,0.385,0.1694,115.7857,0.3464,,,,,,
Aaron Rodgers,PIT,QB,1,8439,14.767,229.3644,6.2544,1.5367,0.0644,,,,,,,,,
Ashton Jeanty,LV,RB,1,4890973,14.745,,,,0.6055,0.1516,102.5982,0.2672,,,,,,
Kirk Cousins,LV,QB,1,14880,14.716,235.8444,3.9682,1.4842,0.1019,,,,,,,,,
Omarion Hampton,LAC,RB,1,4685382,14.618,,,,0.7106,0.1239,97.0413,0.2325,,,,,,
De'Von Achane,MIA,RB,1,4429160,14.434,,,,0.3439,0.1794,113.63,0.2698,,,,,,
Tyler Shough,NO,QB,1,4360689,14.242,226.87,16.0741,0.9843,0.2058,,,,,,,,,
Sam Darnold,SEA,QB,1,3912547,14.032,233.1274,7.1793,1.3933,0.0576,,,,,,,,,
Geno Smith,NYJ,QB,1,15864,13.784,225.1119,13.3087,1.2193,0.0615,,,,,,,,,
Puka Nacua,LAR,WR,1,4426515,13.698,,,,0.0602,0.5802,99.4739,0.9471,,,,,,
Christian McCaffrey,SF,RB,1,3117251,13.613,,,,0.4318,0.2495,95.8499,0.4032,,,,,,
Cam Ward,TEN,QB,1,4688380,13.597,220.8831,11.9752,1.0983,0.1301,,,,,,,,,
Breece Hall,NYJ,RB,1,4427366,13.436,,,,0.4532,0.1654,97.4366,0.2681,,,,,,
James Cook III,BUF,RB,1,4379399,13.351,,,,0.5344,0.1027,96.6447,0.2159,,,,,,
Jacoby Brissett,ARI,QB,1,2578570,13.158,224.813,14.0679,0.9691,0.0847,,,,,,,,,
Javonte Williams,DAL,RB,1,4361579,13.027,,,,0.6399,0.0876,87.473,0.1478,,,,,,
Ja'Marr Chase,CIN,WR,1,4362628,12.932,,,,0.0087,0.654,90.0177,0.9864,,,,,,
Deshaun Watson,CLE,QB,1,3122840,12.606,205.2175,21.2059,0.8832,0.105,,,,,,,,,
Chase Brown,CIN,RB,1,4362238,12.262,,,,0.4481,0.1702,86.081,0.2964,,,,,,
Jaxon Smith-Njigba,SEA,WR,1,4430878,12.138,,,,0.0112,0.4871,92.4396,0.9842,,,,,,
Jadarian Price,SEA,RB,1,4685512,12.047,,,,0.6483,0.0722,78.2175,0.156,,,,,,
Amon-Ra St. Brown,DET,WR,1,4374302,12.041,,,,0.0068,0.6225,83.3028,0.9903,,,,,,
Kenneth Walker III,KC,RB,1,4567048,11.937,,,,0.4483,0.0887,87.6615,0.2373,,,,,,
Travis Etienne Jr.,NO,RB,1,4239996,11.793,,,,0.3037,0.1339,92.406,0.286,,,,,,
Kyren Williams,LAR,RB,1,4430737,11.675,,,,0.6054,0.0973,75.5673,0.1758,,,,,,
Quinshon Judkins,CLE,RB,1,4685702,11.255,,,,0.4231,0.0433,84.7706,0.1554,,,,,,
CeeDee Lamb,DAL,WR,1,4241389,11.107,,,,0.0061,0.4897,81.7319,0.9909,,,,,,
Cam Skattebo,NYG,RB,1,4696981,11.009,,,,0.4351,0.0922,79.2713,0.2541,,,,,,
Jeremiyah Love,ARI,RB,1,4870808,10.994,,,,0.3217,0.1202,84.2908,0.3198,,,,,,
Rhamondre Stevenson,NE,RB,1,4569173,10.933,,,,0.4246,0.1236,77.8103,0.2987,,,,,,
MarShawn Lloyd,GB,RB,1,4429023,10.896,,,,0.5355,0.0737,73.3292,0.1639,,,,,,
Rico Dowdle,PIT,RB,1,4038815,10.792,,,,0.4308,0.0742,78.461,0.1663,,,,,,
David Montgomery,HOU,RB,1,4035538,10.750,,,,0.5276,0.0435,73.6355,0.1921,,,,,,
Tua Tagovailoa,ATL,QB,1,4241479,10.738,223.5567,4.4725,0.8335,0.0217,,,,,,,,,
Bhayshul Tuten,JAC,RB,1,4882093,10.734,,,,0.4107,0.0955,78.1161,0.2068,,,,,,
Justin Jefferson,MIN,WR,1,4262921,10.612,,,,0.0056,0.426,80.4891,0.9923,,,,,,
D'Andre Swift,CHI,RB,1,4259545,10.510,,,,0.4574,0.0642,74.2646,0.2134,,,,,,
Nico Collins,HOU,WR,1,4258173,10.308,,,,0.0058,0.4829,73.9276,0.9904,,,,,,
Cameron Dicker,LAC,K,1,4362081,10.264,,,,,,,,1.0953,3.0762,,,,
Bucky Irving,TB,RB,1,4596448,10.168,,,,0.3268,0.105,76.0611,0.2368,,,,,,
Jaylen Warren,PIT,RB,1,4569987,9.941,,,,0.351,0.1013,73.0225,0.2701,,,,,,
Brandon Aubrey,DAL,K,1,3953687,9.928,,,,,,,,1.1158,2.6427,,,,
Tony Pollard,TEN,RB,1,3916148,9.839,,,,0.363,0.0324,76.027,0.142,,,,,,
Tetairoa McMillan,CAR,WR,1,4685472,9.805,,,,,0.4426,71.9089,1.0,,,,,,
Davante Adams,LAR,WR,1,16800,9.780,,,,,0.6307,60.2161,1.0,,,,,,
Ka'imi Fairbairn,HOU,K,1,2971573,9.770,,,,,,,,1.1683,2.2242,,,,
George Pickens,DAL,WR,1,4426354,9.744,,,,,0.4903,68.751,1.0,,,,,,
Emeka Egbuka,TB,WR,1,4567750,9.726,,,,0.0063,0.46,69.1766,0.99,,,,,,
DeVonta Smith,PHI,WR,1,4241478,9.463,,,,,0.4437,68.2636,1.0,,,,,,
Harrison Mevis,LAR,K,1,4574716,9.414,,,,,,,,0.967,3.2563,,,,
Jason Myers,SEA,K,1,2473037,9.377,,,,,,,,1.0823,2.4693,,,,
Zay Flowers,BAL,WR,1,4429615,9.311,,,,0.0263,0.3224,73.1249,0.9541,,,,,,
Chuba Hubbard,CAR,RB,1,4241416,9.298,,,,0.3181,0.0953,68.5613,0.2708,,,,,,
Chris Olave,NO,WR,1,4361370,9.154,,,,,0.329,72.2046,1.0,,,,,,
Ladd McConkey,LAC,WR,1,4612826,9.144,,,,,0.4887,62.5301,1.0,,,,,,
Rashee Rice,KC,WR,1,4428331,9.094,,,,0.0294,0.4429,63.4158,0.9633,,,,,,
Malik Nabers,NYG,WR,1,4595348,9.035,,,,0.0093,0.4307,64.3019,0.9791,,,,,,
Chris Boswell,PIT,K,1,17372,9.021,,,,,,,,1.0172,2.3935,,,,
Drake London,ATL,WR,1,4426502,9.018,,,,,0.3175,71.8109,1.0,,,,,,
Jonathon Brooks,CAR,RB,1,4678008,8.971,,,,0.3075,0.0941,66.1418,0.2606,,,,,,
Garrett Wilson,NYJ,WR,1,4569618,8.912,,,,0.0056,0.32,70.0412,0.9906,,,,,,
A.J. Brown,NE,WR,1,4047646,8.905,,,,,0.3015,71.4129,1.0,,,,,,
Rome Odunze,CHI,WR,1,4431299,8.899,,,,,0.4761,60.4975,1.0,,,,,,
Cam Little,JAC,K,1,4686361,8.808,,,,,,,,0.9956,2.4233,,,,
Kyle Monangai,CHI,RB,1,4608686,8.734,,,,0.3632,0.0734,61.1234,0.2071,,,,,,
Jake Bates,DET,K,1,4689936,8.728,,,,,,,,0.9147,2.9388,,,,
Eddy Pineiro,SF,K,1,4034949,8.698,,,,,,,,1.0284,2.0379,,,,
Tee Higgins,CIN,WR,1,4239993,8.671,,,,,0.5081,56.255,1.0,,,,,,
Jake Elliott,PHI,K,1,3050478,8.547,,,,,,,,0.893,2.9693,,,,
Evan McPherson,CIN,K,1,4360234,8.521,,,,,,,,0.9205,2.6765,,,,
Harrison Butker,KC,K,1,3055899,8.513,,,,,,,,1.0119,2.0859,,,,
Tyler Loop,BAL,K,1,4697745,8.490,,,,,,,,0.9327,2.6136,,,,
Jameson Williams,DET,WR,1,4426388,8.435,,,,0.0322,0.3411,62.263,0.9565,,,,,,
Will Reichard,MIN,K,1,4567104,8.421,,,,,,,,0.9984,1.9689,,,,
DK Metcalf,PIT,WR,1,4047650,8.393,,,,,0.4556,56.8639,1.0,,,,,,
Blake Corum,LAR,RB,1,4429096,8.375,,,,0.4358,0.0362,55.6381,0.1249,,,,,,
Chase McLaughlin,TB,K,1,3150744,8.355,,,,,,,,0.9675,2.1292,,,,
Cairo Santos,CHI,K,1,17427,8.292,,,,,,,,0.9516,2.2333,,,,
J.K. Dobbins,DEN,RB,1,4241985,8.251,,,,0.334,0.0446,59.822,0.1264,,,,,,
Spencer Shrader,IND,K,1,4571557,8.193,,,,,,,,0.9754,2.0042,,,,
Jaguars,JAC,DST,1,-16030,8.190,,,,,,,,,,0.7925,0.3951,16.0637,0.0074
Trey Smack,GB,K,1,4869461,8.181,,,,,,,,0.9497,2.226,,,,
Matt Gay,LV,K,1,4249087,8.101,,,,,,,,0.9415,2.2411,,,,
Dominic Zvada,NYG,K,1,5082424,8.091,,,,,,,,0.9439,2.2072,,,,
Jordan Mason,MIN,RB,1,4360569,7.966,,,,0.3746,0.0195,56.8909,0.0843,,,,,,
Trey McBride,ARI,TE,1,4361307,7.858,,,,,0.3006,60.7742,1.0,,,,,,
Ryan Fitzgerald,CAR,K,1,4568263,7.781,,,,,,,,0.9049,2.0868,,,,
Nick Folk,ATL,K,1,10621,7.761,,,,,,,,0.9675,1.3799,,,,
Terry McLaurin,WAS,WR,1,3121422,7.745,,,,,0.2841,60.5988,1.0,,,,,,
DJ Moore,BUF,WR,1,3915416,7.725,,,,0.0189,0.3396,55.8212,0.965,,,,,,
Carnell Tate,TEN,WR,1,4871023,7.702,,,,,0.2964,59.9927,1.0,,,,,,
Daniel Carlson,NO,K,1,3051909,7.696,,,,,,,,0.9767,1.5415,,,,
Jaylen Waddle,DEN,WR,1,4372016,7.657,,,,0.0042,0.3016,58.6174,0.9886,,,,,,
Christian Watson,GB,WR,1,4248528,7.634,,,,0.0087,0.3939,52.5435,0.9859,,,,,,
Wil Lutz,DEN,K,1,2985659,7.619,,,,,,,,0.8911,2.0145,,,,
Parker Washington,JAC,WR,1,4432620,7.594,,,,0.0163,0.3281,53.7969,0.9548,,,,,,
Riley Patterson,MIA,K,1,4243371,7.589,,,,,,,,0.9407,1.6159,,,,
Luther Burden III,CHI,WR,1,4685278,7.578,,,,0.0223,0.2802,58.0151,0.9499,,,,,,
Kenny Gainwell,TB,RB,1,4371733,7.575,,,,0.282,0.1237,51.579,0.4095,,,,,,
Courtland Sutton,DEN,WR,1,3128429,7.560,,,,,0.3933,52.0881,1.0,,,,,,
Joey Slye,TEN,K,1,3124084,7.551,,,,,,,,0.8979,1.9251,,,,
Aaron Jones Sr.,MIN,RB,1,3042519,7.539,,,,0.1882,0.1215,57.62,0.3448,,,,,,
Chargers,LAC,DST,1,-16024,7.500,,,,,,,,,,0.6743,0.4801,16.5965,0.0073
Tyler Bass,BUF,K,1,3917232,7.489,,,,,,,,0.8227,2.3235,,,,
Steelers,PIT,DST,1,-16023,7.478,,,,,,,,,,0.871,0.5474,15.7396,0.0072
Drew Stevens,WAS,K,1,5081335,7.367,,,,,,,,0.9148,1.6644,,,,
Lions,DET,DST,1,-16008,7.364,,,,,,,,,,0.7074,0.5775,17.0996,0.0075
Jacory Croskey-Merritt,WAS,RB,1,4575131,7.339,,,,0.3419,0.0355,51.8533,0.1287,,,,,,
Marvin Harrison Jr.,ARI,WR,1,4432708,7.329,,,,,0.2826,56.7312,1.0,,,,,,
Colston Loveland,CHI,TE,1,4723086,7.299,,,,,0.3379,52.7761,1.0,,,,,,
Quentin Johnston,LAC,WR,1,4429025,7.292,,,,0.0065,0.4207,47.5839,0.9845,,,,,,
Tyler Warren,IND,TE,1,4431459,7.284,,,,0.0208,0.3139,52.9355,0.9854,,,,,,
Seahawks,SEA,DST,1,-16026,7.224,,,,,,,,,,0.731,0.4689,18.8353,0.0073
Michael Pittman Jr.,PIT,WR,1,4035687,7.154,,,,,0.3268,52.4725,1.0,,,,,,
Mike Evans,SF,WR,1,16737,7.105,,,,,0.2841,54.2039,1.0,,,,,,
Andre Szmyt,CLE,K,1,4258620,7.073,,,,,,,,0.8877,1.4449,,,,
Chad Ryland,ARI,K,1,4363538,6.984,,,,,,,,0.892,1.4822,,,,
Blake Grupe,NYJ,K,1,4259619,6.980,,,,,,,,0.8578,1.642,,,,
Brian Thomas Jr.,JAC,WR,1,4432773,6.941,,,,0.01,0.3042,50.6274,0.9714,,,,,,
Andy Borregales,NE,K,1,4569923,6.921,,,,,,,,0.8091,1.8864,,,,
Matthew Golden,GB,WR,1,4701936,6.912,,,,0.0113,0.2531,53.4239,0.9737,,,,,,
Ravens,BAL,DST,1,-16033,6.817,,,,,,,,,,0.6809,0.4593,21.0733,0.0073
Titans,TEN,DST,1,-16010,6.801,,,,,,,,,,0.9096,0.383,19.5756,0.0075
Woody Marks,HOU,RB,1,4429059,6.793,,,,0.2231,0.0873,49.4518,0.2491,,,,,,
Dallas Goedert,PHI,TE,1,3121023,6.755,,,,,0.3904,44.2291,1.0,,,,,,
Tre Tucker,LV,WR,1,4428718,6.752,,,,0.0288,0.2783,48.1602,0.9169,,,,,,
Mark Andrews,BAL,TE,1,3116365,6.602,,,,0.0394,0.4163,38.972,0.9475,,,,,,
Jets,NYJ,DST,1,-16020,6.566,,,,,,,,,,0.5987,0.4985,18.783,0.0073
Alec Pierce,IND,WR,1,4360078,6.547,,,,,0.2675,49.5026,1.0,,,,,,
Tyjae Spears,TEN,RB,1,4428557,6.514,,,,0.197,0.1002,47.741,0.4154,,,,,,
Jakobi Meyers,JAC,WR,1,3916433,6.511,,,,0.0176,0.3133,45.6552,0.9562,,,,,,
Rachaad White,WAS,RB,1,4697815,6.476,,,,0.2331,0.0961,45.1864,0.3312,,,,,,
Sam LaPorta,DET,TE,1,4430027,6.453,,,,,0.3207,45.5692,1.0,,,,,,
Xavier Worthy,KC,WR,1,4683062,6.380,,,,0.0294,0.2235,48.7695,0.9143,,,,,,
Jordan Addison,MIN,WR,1,4429205,6.378,,,,0.0066,0.3005,45.5026,0.9815,,,,,,
Eagles,PHI,DST,1,-16021,6.337,,,,,,,,,,0.626,0.4096,18.8069,0.0072
De'Zhaun Stribling,SF,WR,1,4710714,6.282,,,,,0.2347,49.1555,1.0,,,,,,
Jayden Reed,GB,WR,1,4362249,6.247,,,,0.0278,0.2377,47.1328,0.9221,,,,,,
Michael Wilson,ARI,WR,1,4360761,6.209,,,,,0.1874,51.1522,1.0,,,,,,
Harold Fannin Jr.,CLE,TE,1,5083076,6.170,,,,0.0189,0.1903,49.5818,0.975,,,,,,
Rams,LAR,DST,1,-16014,6.119,,,,,,,,,,0.8689,0.4967,21.0842,0.0073
Jalen Nailor,LV,WR,1,4382466,6.076,,,,0.0069,0.3131,41.7471,0.9816,,,,,,
Mike Washington Jr.,LV,RB,1,4686658,6.035,,,,0.2689,0.0463,41.7695,0.1861,,,,,,
Chris Godwin Jr.,TB,WR,1,3116165,5.945,,,,,0.2823,42.6993,1.0,,,,,,
Rashid Shaheed,SEA,WR,1,4032473,5.877,,,,0.0345,0.1994,42.524,0.8814,,,,,,
Broncos,DEN,DST,1,-16007,5.861,,,,,,,,,,0.7444,0.423,21.2245,0.0072
Wan'Dale Robinson,TEN,WR,1,4569587,5.838,,,,0.01,0.1439,49.7344,0.9718,,,,,,
Deebo Samuel Sr.,SF,WR,1,3126486,5.821,,,,0.0538,0.1829,44.3995,0.8742,,,,,,
Makai Lemon,PHI,WR,1,4870795,5.796,,,,,0.2964,39.2116,1.0,,,,,,
Chris Brooks,GB,RB,1,3149687,5.706,,,,0.2047,0.0648,41.2018,0.3263,,,,,,
Bears,CHI,DST,1,-16003,5.682,,,,,,,,,,0.7843,0.6111,21.5489,0.0074
Isaiah Likely,NYG,TE,1,4361050,5.659,,,,,0.2603,41.3042,1.0,,,,,,
Kayshon Boutte,HOU,WR,1,4429022,5.642,,,,,0.2618,40.8669,1.0,,,,,,
Kyle Pitts Sr.,ATL,TE,1,4360248,5.617,,,,,0.126,48.7853,1.0,,,,,,
KC Concepcion,CLE,WR,1,4870653,5.613,,,,0.012,0.1854,44.3095,0.9546,,,,,,
Travis Kelce,KC,TE,1,15847,5.604,,,,,0.2205,43.1804,1.0,,,,,,
Calvin Ridley,TEN,WR,1,3925357,5.566,,,,0.0165,0.2217,41.7784,0.9521,,,,,,
Jalen Coker,CAR,WR,1,4695883,5.554,,,,,0.233,41.9703,1.0,,,,,,
RJ Harvey,DEN,RB,1,4568490,5.544,,,,0.145,0.1405,38.3233,0.552,,,,,,
Jake Ferguson,DAL,TE,1,4242355,5.481,,,,,0.3368,35.3051,1.0,,,,,,
Adonai Mitchell,NYJ,WR,1,4597500,5.441,,,,0.0065,0.235,39.9353,0.9829,,,,,,
Khalil Shakir,BUF,WR,1,4373678,5.433,,,,0.0061,0.1599,44.1309,0.9846,,,,,,
Devaughn Vele,NO,WR,1,4569559,5.432,,,,,0.2107,42.0754,1.0,,,,,,
Tyler Allgeier,ARI,RB,1,4373626,5.425,,,,0.2375,0.0278,38.4015,0.2448,,,,,,
Packers,GB,DST,1,-16009,5.413,,,,,,,,,,0.6861,0.4053,20.6239,0.0073
Tucker Kraft,GB,TE,1,4572680,5.377,,,,0.0091,0.2032,41.3366,0.9885,,,,,,
Michael Mayer,LV,TE,1,4429086,5.371,,,,,0.235,39.8479,1.0,,,,,,
Terrance Ferguson,LAR,TE,1,4570037,5.328,,,,,0.3203,34.3452,1.0,,,,,,
Chiefs,KC,DST,1,-16012,5.314,,,,,,,,,,0.7041,0.3951,20.8152,0.0075
Stefon Diggs,WAS,WR,1,2976212,5.295,,,,,0.1526,44.1087,1.0,,,,,,
Texans,HOU,DST,1,-16034,5.246,,,,,,,,,,0.7653,0.6394,23.1827,0.0075
Dalton Kincaid,BUF,TE,1,4385690,5.242,,,,,0.2157,39.632,1.0,,,,,,
Jalen McMillan,TB,WR,1,4430834,5.234,,,,0.0132,0.2393,37.2553,0.9617,,,,,,
Jaylin Noel,HOU,WR,1,4586312,5.212,,,,0.0089,0.2345,36.8685,0.9639,,,,,,
George Holani,SEA,RB,1,4429835,5.116,,,,0.2328,0.0463,34.7155,0.2913,,,,,,
Romeo Doubs,NE,WR,1,4361432,5.092,,,,,0.2355,37.2059,1.0,,,,,,
Jerry Jeudy,CLE,WR,1,4241463,5.067,,,,,0.1618,41.2718,1.0,,,,,,
Keaton Mitchell,LAC,RB,1,4596334,5.059,,,,0.1834,0.0542,36.5626,0.2664,,,,,,
Rashod Bateman,BAL,WR,1,4360939,5.030,,,,,0.232,36.591,1.0,,,,,,
Josh Downs,IND,WR,1,4688813,5.017,,,,0.0047,0.1457,41.1156,0.9855,,,,,,
Denzel Boston,CLE,WR,1,4832800,5.009,,,,,0.1751,39.719,1.0,,,,,,
Cowboys,DAL,DST,1,-16006,4.946,,,,,,,,,,0.6236,0.4238,22.4359,0.0073
Pat Freiermuth,PIT,TE,1,4361411,4.940,,,,,0.2188,36.6769,1.0,,,,,,
Hunter Henry,NE,TE,1,3046439,4.936,,,,,0.2425,34.8799,1.0,,,,,,
Browns,CLE,DST,1,-16005,4.854,,,,,,,,,,0.754,0.3871,23.5113,0.0074
George Kittle,SF,TE,1,3040151,4.844,,,,,0.211,35.8995,1.0,,,,,,
Raiders,LV,DST,1,-16013,4.843,,,,,,,,,,0.5609,0.4234,17.1702,0.0073
Brenton Strange,JAC,TE,1,4430539,4.842,,,,,0.2396,34.2679,1.0,,,,,,
Samaje Perine,CIN,RB,1,3116389,4.825,,,,0.203,0.0444,33.8851,0.2415,,,,,,
Caleb Douglas,MIA,WR,1,4869645,4.821,,,,0.0245,0.1397,38.833,0.8849,,,,,,
Justice Hill,BAL,RB,1,4038441,4.781,,,,0.0956,0.098,36.6146,0.5705,,,,,,
Juwan Johnson,NO,TE,1,3929645,4.775,,,,,0.1379,40.0729,1.0,,,,,,
Dontayvion Wicks,PHI,WR,1,4428850,4.765,,,,,0.2323,34.0553,1.0,,,,,,
Dalton Schultz,HOU,TE,1,3117256,4.724,,,,,0.2247,33.8939,1.0,,,,,,
Patriots,NE,DST,1,-16017,4.655,,,,,,,,,,0.7914,0.3389,24.0127,0.0073
T.J. Hockenson,MIN,TE,1,4036133,4.652,,,,,0.1621,36.9941,1.0,,,,,,
Kendre Miller,NO,RB,1,4599739,4.574,,,,0.1165,0.0408,36.2665,0.2994,,,,,,
Darren Waller,CAR,TE,1,2576925,4.562,,,,,0.2772,28.8961,1.0,,,,,,
Chris Bell,MIA,WR,1,4869961,4.559,,,,,0.1497,36.9968,1.0,,,,,,
Ja'Kobi Lane,BAL,WR,1,4870847,4.471,,,,,0.2225,31.6251,1.0,,,,,,
Buccaneers,TB,DST,1,-16027,4.463,,,,,,,,,,0.7037,0.3103,25.73,0.0073
Brian Robinson Jr.,ATL,RB,1,4241474,4.460,,,,0.168,0.0141,34.025,0.0969,,,,,,
Germie Bernard,PIT,WR,1,4685261,4.441,,,,0.0063,0.2148,31.3359,0.9757,,,,,,
Vikings,MIN,DST,1,-16016,4.431,,,,,,,,,,0.6391,0.5411,21.848,0.0072
Chris Rodriguez Jr.,JAC,RB,1,4362619,4.381,,,,0.2083,0.0189,30.3492,0.1115,,,,,,
Malachi Fields,NYG,WR,1,4682648,4.317,,,,,0.1843,32.4265,1.0,,,,,,
Bengals,CIN,DST,1,-16004,4.278,,,,,,,,,,0.7413,0.3723,22.8483,0.0073
Corey Kiner,NE,RB,1,4431431,4.203,,,,0.1598,0.0324,30.9137,0.2121,,,,,,
Falcons,ATL,DST,1,-16001,4.194,,,,,,,,,,0.6683,0.3877,23.1154,0.0073
David Njoku,LAC,TE,1,3123076,4.190,,,,,0.2763,25.4837,1.0,,,,,,
Gunnar Helm,TEN,TE,1,4686728,4.189,,,,,0.2145,29.394,1.0,,,,,,
Bills,BUF,DST,1,-16002,4.186,,,,,,,,,,0.7251,0.4107,23.9014,0.0074
Dolphins,MIA,DST,1,-16015,4.162,,,,,,,,,,0.7339,0.3822,23.215,0.0074
Jacob Saylors,DET,RB,1,4383429,4.145,,,,0.193,0.0349,26.9397,0.1955,,,,,,
Greg Dulcich,MIA,TE,1,4367209,4.085,,,,,0.1106,34.5222,1.0,,,,,,
Tank Bigsby,PHI,RB,1,4429013,4.034,,,,0.2399,0.0094,25.7296,0.0692,,,,,,
AJ Barner,SEA,TE,1,4576297,4.002,,,,0.0316,0.2085,25.9749,0.961,,,,,,
Ray Davis,BUF,RB,1,4429501,3.985,,,,0.1331,0.0511,27.5509,0.3069,,,,,,
Keenan Allen,IND,WR,1,15818,3.980,,,,,0.1481,31.3363,1.0,,,,,,
Najee Harris,NYG,RB,1,4241457,3.978,,,,0.1441,0.0253,29.8605,0.155,,,,,,
Jauan Jennings,MIN,WR,1,3886598,3.938,,,,,0.1929,28.1038,1.0,,,,,,
Cooper Kupp,SEA,WR,1,2977187,3.888,,,,,0.1701,28.9445,1.0,,,,,,
Braelon Allen,NYJ,RB,1,4685247,3.877,,,,0.1742,0.0262,26.7259,0.2019,,,,,,
Jack Bech,LV,WR,1,4603186,3.812,,,,,0.1753,27.8624,1.0,,,,,,
Xavier Legette,CAR,WR,1,4430034,3.804,,,,0.0043,0.1943,26.295,0.9744,,,,,,
Chig Okonkwo,WAS,TE,1,4360635,3.788,,,,,0.1005,31.9666,1.0,,,,,,
Xavier Hutchinson,HOU,WR,1,4686422,3.683,,,,0.0048,0.1557,27.3323,0.9728,,,,,,
Tre' Harris,LAC,WR,1,4686612,3.641,,,,,0.1962,24.9338,1.0,,,,,,
Darnell Mooney,NYG,WR,1,4040655,3.585,,,,0.0047,0.1484,26.8122,0.974,,,,,,
Mike Gesicki,CIN,TE,1,3116164,3.581,,,,,0.2509,20.7553,1.0,,,,,,
Omar Cooper Jr.,NYJ,WR,1,4723820,3.576,,,,0.0064,0.1487,26.5232,0.9724,,,,,,
Cade Otton,TB,TE,1,4243331,3.539,,,,,0.1424,26.8982,1.0,,,,,,
Malik Benson,LV,WR,1,5150247,3.489,,,,,0.1473,26.2577,1.0,,,,,,
Giants,NYG,DST,1,-16019,3.471,,,,,,,,,,0.7271,0.3832,25.7833,0.0077
Commanders,WAS,DST,1,-16028,3.464,,,,,,,,,,0.546,0.5832,27.8025,0.0073
Travis Hunter,JAC,WR,1,4685415,3.457,,,,0.0045,0.1663,24.0013,0.9719,,,,,,
Cardinals,ARI,DST,1,-16022,3.414,,,,,,,,,,0.691,0.4488,28.4624,0.0072
Malik Washington,MIA,WR,1,4569603,3.345,,,,,0.1057,25.7404,1.0,,,,,,
Evan Engram,DEN,TE,1,3051876,3.296,,,,,0.1041,26.9041,1.0,,,,,,
Panthers,CAR,DST,1,-16029,3.291,,,,,,,,,,0.5726,0.312,22.6839,0.0073
Dylan Sampson,CLE,RB,1,5081397,3.253,,,,0.0567,0.0716,24.6528,0.4998,,,,,,
Ryan Flournoy,DAL,WR,1,5083754,3.243,,,,0.0055,0.1518,23.3049,0.9686,,,,,,
Mason Taylor,NYJ,TE,1,4808766,3.150,,,,,0.1222,24.2405,1.0,,,,,,
Keon Coleman,BUF,WR,1,4635008,3.120,,,,,0.1561,21.6777,1.0,,,,,,
Jonah Coleman,DEN,RB,1,4702555,3.092,,,,0.107,0.0433,22.0926,0.3295,,,,,,
Jahan Dotson,ATL,WR,1,4361409,3.076,,,,,0.0928,25.3771,1.0,,,,,,
Oronde Gadsden,LAC,TE,1,4595342,3.048,,,,,0.1841,19.6034,1.0,,,,,,
Colts,IND,DST,1,-16011,3.019,,,,,,,,,,0.6115,0.377,24.6193,0.0074
Kenyon Sadiq,NYJ,TE,1,5083315,3.001,,,,,0.1415,21.4484,1.0,,,,,,
DeMario Douglas,NE,WR,1,4427095,2.961,,,,0.0067,0.091,24.1527,0.9545,,,,,,
Tyquan Thornton,KC,WR,1,4362921,2.921,,,,,0.1506,20.2515,1.0,,,,,,
Malik Davis,DAL,RB,1,4240603,2.891,,,,0.1227,0.0183,20.6185,0.1703,,,,,,
Isaac TeSlaa,DET,WR,1,5123663,2.879,,,,,0.1924,17.4321,1.0,,,,,,
Antonio Williams,WAS,WR,1,5081432,2.813,,,,0.0092,0.1075,20.9201,0.9425,,,,,,
Colby Parkinson,LAR,TE,1,4242557,2.808,,,,,0.185,17.2588,1.0,,,,,,
Zachariah Branch,ATL,WR,1,4870612,2.762,,,,,0.0786,21.8815,1.0,,,,,,
Saints,NO,DST,1,-16018,2.746,,,,,,,,,,0.6096,0.3745,26.451,0.0073
Jalen Tolbert,MIA,WR,1,4249417,2.729,,,,,0.0972,21.6649,1.0,,,,,,
Darnell Washington,PIT,TE,1,4430802,2.688,,,,,0.1415,18.6336,1.0,,,,,,
Kaelon Black,SF,RB,1,4696044,2.635,,,,0.1035,0.0184,19.2692,0.1822,,,,,,
Andrei Iosivas,CIN,WR,1,4368003,2.605,,,,0.0052,0.1495,16.8661,0.9616,,,,,,
Odell Beckham Jr.,NYG,WR,1,16733,2.596,,,,0.0049,0.1052,19.5,0.9635,,,,,,
Ted Hurst III,TB,WR,1,5220680,2.575,,,,,0.1314,17.9163,1.0,,,,,,
Marvin Mims Jr.,DEN,WR,1,4686472,2.556,,,,0.016,0.0798,18.3469,0.8653,,,,,,
Tory Horton,SEA,WR,1,4597703,2.528,,,,,0.1323,17.31,1.0,,,,,,
49ers,SF,DST,1,-16025,2.506,,,,,,,,,,0.5673,0.4875,28.5733,0.0074
KaVontae Turpin,DAL,WR,1,3676833,2.464,,,,0.0248,0.0789,16.8209,0.6391,,,,,,
Pat Bryant,DEN,WR,1,4600981,2.463,,,,,0.1043,18.579,1.0,,,,,,
Jaylen Wright,MIA,RB,1,4682745,2.452,,,,0.08,0.012,19.4541,0.1739,,,,,,
Emmett Johnson,KC,RB,1,4832955,2.400,,,,0.0978,0.0209,17.0867,0.1894,,,,,,
Erick All Jr.,CIN,TE,1,4427834,2.399,,,,,0.132,16.1843,1.0,,,,,,
Bryce Lance,NO,WR,1,4879276,2.358,,,,,0.0692,19.6749,1.0,,,,,,
Dawson Knox,BUF,TE,1,3930086,2.350,,,,,0.1411,14.9386,1.0,,,,,,
Brashard Smith,KC,RB,1,4596602,2.318,,,,0.061,0.0517,16.0407,0.414,,,,,,
Isaiah Davis,NYJ,RB,1,4695404,2.303,,,,0.0789,0.0254,16.6565,0.3446,,,,,,
Ian Thomas,LV,TE,1,4045305,2.258,,,,,0.1068,16.2102,1.0,,,,,,
Theo Johnson,NYG,TE,1,4429148,2.233,,,,,0.1016,16.287,1.0,,,,,,
Kevin Coleman Jr.,MIA,WR,1,4685307,2.147,,,,,0.0537,18.4717,1.0,,,,,,
Mack Hollins,NE,WR,1,2991662,2.115,,,,,0.0757,16.7969,1.0,,,,,,
Elijah Arroyo,SEA,TE,1,4678006,2.103,,,,,0.0981,15.2595,1.0,,,,,,
Sean Tucker,TB,RB,1,4430871,2.099,,,,0.1493,0.0049,11.5504,0.0768,,,,,,
Jonnu Smith,GB,TE,1,3054212,2.038,,,,0.0093,0.0899,14.6436,0.9593,,,,,,
Kimani Vidal,LAC,RB,1,4430968,1.967,,,,0.083,0.0254,13.3007,0.2943,,,,,,
Ollie Gordon II,MIA,RB,1,4711533,1.925,,,,0.0803,0.0075,14.107,0.119,,,,,,
Troy Franklin,DEN,WR,1,4431280,1.881,,,,0.004,0.0916,13.1407,0.9559,,,,,,
Noah Fant,NO,TE,1,4036131,1.876,,,,,0.0671,14.9085,1.0,,,,,,
Noah Gray,KC,TE,1,4240472,1.858,,,,,0.0676,14.5987,1.0,,,,,,
Cole Kmet,CHI,TE,1,4258595,1.852,,,,,0.0943,12.8897,1.0,,,,,,
Kyle Williams,NE,WR,1,4613202,1.818,,,,0.0083,0.0577,14.112,0.9185,,,,,,
Cyrus Allen,KC,WR,1,4912218,1.798,,,,,0.0733,13.7399,1.0,,,,,,
Chimere Dike,TEN,WR,1,4431268,1.767,,,,0.0381,0.0505,9.7513,0.6778,,,,,,
Devontez Walker,BAL,WR,1,4696882,1.747,,,,,0.0858,12.4403,1.0,,,,,,
Tyrone Tracy Jr.,NYG,RB,1,4360516,1.742,,,,0.032,0.0257,14.1462,0.3727,,,,,,
Sione Vaki,DET,RB,1,4912274,1.739,,,,0.0848,0.0116,11.3055,0.1537,,,,,,
Hollywood Brown,PHI,WR,1,4241372,1.720,,,,,0.0919,11.7788,1.0,,,,,,
Dyami Brown,WAS,WR,1,4361577,1.696,,,,,0.077,12.4148,1.0,,,,,,
Dareke Young,LV,WR,1,4401805,1.692,,,,,0.0736,12.4487,1.0,,,,,,
Joshua Palmer,BUF,WR,1,4242433,1.672,,,,,0.0627,13.0464,1.0,,,,,,
Kalif Raymond,CHI,WR,1,2973405,1.666,,,,0.009,0.0487,12.5848,0.8733,,,,,,
Treylon Burks,WAS,WR,1,4567156,1.627,,,,,0.0639,12.4657,1.0,,,,,,
Tommy Tremble,CAR,TE,1,4372780,1.624,,,,,0.091,10.8337,1.0,,,,,,
Kendrick Bourne,ARI,WR,1,3045523,1.611,,,,,0.0354,14.2207,1.0,,,,,,
Drew Sample,CIN,TE,1,3127310,1.599,,,,,0.0884,10.7832,1.0,,,,,,
Seth McGowan,IND,RB,1,4686468,1.554,,,,0.0578,0.0188,11.052,0.31,,,,,,
Ashton Dulin,IND,WR,1,4061956,1.529,,,,0.0096,0.0437,11.2895,0.87,,,,,,
Ja'Tavion Sanders,CAR,TE,1,4431588,1.479,,,,,0.0791,10.1193,1.0,,,,,,
Charlie Kolar,LAC,TE,1,4241263,1.409,,,,,0.0839,9.1228,1.0,,,,,,
Isaiah Williams,NYJ,WR,1,4569371,1.398,,,,0.0063,0.034,9.5367,0.9187,,,,,,
Eli Raridon,NE,TE,1,4831959,1.388,,,,,0.0598,10.3982,1.0,,,,,,
Emanuel Wilson,SEA,RB,1,4887558,1.388,,,,0.067,0.0087,9.4445,0.1764,,,,,,
Zavion Thomas,CHI,WR,1,4869748,1.373,,,,,0.0683,9.0278,1.0,,,,,,
Tyler Higbee,LAR,TE,1,2573401,1.354,,,,,0.0745,9.1442,1.0,,,,,,
Isaiah Bond,CLE,WR,1,4808839,1.352,,,,0.0069,0.0527,10.0299,0.8646,,,,,,
Bo Melton,GB,WR,1,4259305,1.336,,,,0.0048,0.0546,9.8157,0.9252,,,,,,
Will Kacmarek,MIA,TE,1,4880236,1.328,,,,,0.049,10.4331,1.0,,,,,,
Kyle Juszczyk,SF,RB,1,16002,1.323,,,,0.0071,0.0485,9.9945,0.9058,,,,,,
Barion Brown,NO,WR,1,4698597,1.296,,,,,0.0346,9.5904,1.0,,,,,,
Elijah Higgins,ARI,TE,1,4426844,1.292,,,,,0.0374,10.8127,1.0,,,,,,
Adam Trautman,DEN,TE,1,3911853,1.277,,,,,0.0673,8.7623,1.0,,,,,,
Jordan James,SF,RB,1,4685397,1.267,,,,0.0476,0.0087,9.403,0.1851,,,,,,
Josh Oliver,MIN,TE,1,3921690,1.262,,,,,0.0659,8.7406,1.0,,,,,,
Tutu Atwell,LAR,WR,1,4360797,1.258,,,,0.0076,0.0544,8.9564,0.922,,,,,,
Cade Stover,HOU,TE,1,4426496,1.248,,,,0.0074,0.0548,8.8143,0.9321,,,,,,
Brenen Thompson,LAC,WR,1,4685553,1.225,,,,0.0076,0.0569,8.1812,0.906,,,,,,
Austin Hooper,ATL,TE,1,3043275,1.214,,,,,0.0336,10.2464,1.0,,,,,,
Emari Demercado,DAL,RB,1,4362478,1.203,,,,0.0415,0.0095,9.089,0.1802,,,,,,
Skyler Bell,BUF,WR,1,4683153,1.180,,,,,0.0435,9.2543,1.0,,,,,,
Eli Stowers,PHI,TE,1,4431574,1.176,,,,0.0123,0.0542,7.8276,0.8365,,,,,,
Jake Tonges,SF,TE,1,4259147,1.165,,,,,0.0544,8.4494,1.0,,,,,,
Colbie Young,CIN,WR,1,5092508,1.133,,,,,0.0611,7.7261,1.0,,,,,,
Roman Wilson,PIT,WR,1,4431492,1.124,,,,,0.0516,8.2391,1.0,,,,,,
John Bates,WAS,TE,1,4048228,1.107,,,,,0.0576,7.6721,1.0,,,,,,
Will Shipley,PHI,RB,1,4431545,1.086,,,,0.0214,0.0267,7.7381,0.6709,,,,,,
Tahj Brooks,CIN,RB,1,4429299,1.086,,,,0.0572,,7.4892,0.0,,,,,,
Jaylin Lane,WAS,WR,1,4602667,1.045,,,,,0.0381,6.7756,1.0,,,,,,
Kaleb Johnson,GB,RB,1,4819231,1.013,,,,0.0436,0.01,7.0051,0.2388,,,,,,
Elijah Sarratt,BAL,WR,1,5088338,0.997,,,,,0.0444,7.3745,1.0,,,,,,
Ameer Abdullah,JAC,RB,1,2576336,0.980,,,,0.0125,0.0353,7.0121,0.6869,,,,,,
Mo Alie-Cox,IND,TE,1,2998565,0.978,,,,,0.053,6.6177,1.0,,,,,,
Nicholas Singleton,TEN,RB,1,4685555,0.973,,,,0.0368,0.0098,7.0137,0.254,,,,,,
Hunter Luepke,DAL,RB,1,4383396,0.967,,,,0.0254,0.0205,6.9685,0.5226,,,,,,
Luke Schoonmaker,DAL,TE,1,4372096,0.954,,,,,0.0513,6.4924,1.0,,,,,,
Olamide Zaccheaus,ATL,WR,1,3917914,0.949,,,,,0.0235,8.1049,1.0,,,,,,
Jimmy Horn Jr.,CAR,WR,1,4708486,0.947,,,,0.0125,0.0314,6.9189,0.6687,,,,,,
Elic Ayomanor,TEN,WR,1,4883647,0.916,,,,,0.0408,6.803,1.0,,,,,,
Tez Johnson,TB,WR,1,4608810,0.906,,,,0.013,0.0373,6.0733,0.7774,,,,,,
Jackson Hawes,BUF,TE,1,4573699,0.881,,,,,0.0437,6.1964,1.0,,,,,,
Laquon Treadwell,IND,WR,1,3051889,0.860,,,,,0.0332,6.6792,1.0,,,,,,
Daniel Bellinger,TEN,TE,1,4361516,0.853,,,,,0.0331,6.6304,1.0,,,,,,
Jordan Whittington,LAR,WR,1,4569382,0.849,,,,0.0069,0.0364,5.7323,0.8774,,,,,,
Ben Sinnott,WAS,TE,1,4690923,0.841,,,,,0.0396,6.0449,1.0,,,,,,
Durham Smythe,BAL,TE,1,3052897,0.818,,,,,0.043,5.6284,1.0,,,,,,
Jeremy Ruckert,NYJ,TE,1,4361372,0.774,,,,,0.0331,5.7538,1.0,,,,,,
Rasheen Ali,BAL,RB,1,4690013,0.767,,,,0.0257,0.0089,5.3504,0.3194,,,,,,
KeAndre Lambert-Smith,LAC,WR,1,4430870,0.766,,,,,0.0439,4.9146,1.0,,,,,,
Konata Mumpfield,LAR,WR,1,4710855,0.763,,,,,0.0454,4.9701,1.0,,,,,,
Foster Moreau,HOU,TE,1,3843945,0.724,,,,,0.0406,4.8216,1.0,,,,,,
Demond Claiborne,MIN,RB,1,4832846,0.711,,,,0.0242,0.0097,5.1258,0.331,,,,,,
Davis Allen,LAR,TE,1,4426553,0.695,,,,,0.044,4.3615,1.0,,,,,,
Demarcus Robinson,SF,WR,1,3043116,0.672,,,,,0.0288,5.0512,1.0,,,,,,
Payne Durham,TB,TE,1,4372505,0.663,,,,,0.0386,4.3128,1.0,,,,,,
Jalon Daniels,TB,QB,1,4596472,0.644,9.7746,0.3408,0.0637,0.0044,,,,,,,,,
Luke McCaffrey,WAS,WR,1,4426948,0.639,,,,,0.0229,4.5751,1.0,,,,,,
Brock Wright,DET,TE,1,4242392,0.636,,,,,0.0369,4.1785,1.0,,,,,,
Trey Lance,LAC,QB,1,4383351,0.636,9.0305,0.3987,0.074,0.0029,,,,,,,,,
Drew Allar,PIT,QB,1,4714771,0.634,9.7208,0.3333,0.0651,0.0037,,,,,,,,,
DJ Giddens,IND,RB,1,4874509,0.631,,,,0.0206,0.009,4.5781,0.3636,,,,,,
Joe Flacco,CIN,QB,1,11252,0.627,9.704,0.0686,0.0799,0.0011,,,,,,,,,
Tanner McKee,PHI,QB,1,4685201,0.622,9.3168,0.2257,0.0676,0.0025,,,,,,,,,
Jalen Royals,KC,WR,1,5082630,0.620,,,,,0.0314,4.3623,1.0,,,,,,
Nate Boerkircher,JAC,TE,1,4686248,0.619,,,,,0.0335,4.2142,1.0,,,,,,
Kaytron Allen,WAS,RB,1,4685246,0.611,,,,0.0199,0.01,4.3432,0.3785,,,,,,
Nate Adkins,DEN,TE,1,4383440,0.606,,,,,0.0352,3.9634,1.0,,,,,,
Josh Whyle,GB,TE,1,4360086,0.603,,,,,0.0356,3.9357,1.0,,,,,,
Ty Simpson,LAR,QB,1,4685522,0.603,8.701,0.2879,0.071,0.0038,,,,,,,,,
Kenny Pickett,CAR,QB,1,4240703,0.599,9.3944,0.2289,0.0628,0.0029,,,,,,,,,
Malachi Corley,CLE,WR,1,4613104,0.587,,,,0.0122,0.0062,4.443,0.4316,,,,,,
Tyson Bagent,CHI,QB,1,4434153,0.586,9.1721,0.3498,0.0579,0.0043,,,,,,,,,
J.J. McCarthy,MIN,QB,1,4433970,0.582,9.5832,0.3543,0.0554,0.0057,,,,,,,,,
Fernando Mendoza,LV,QB,1,4837248,0.579,8.9719,0.3596,0.0565,0.0041,,,,,,,,,
Jarrett Stidham,DEN,QB,1,3892775,0.572,9.392,0.4011,0.0566,0.0027,,,,,,,,,
Tay Martin,DET,WR,1,4245144,0.572,,,,0.015,0.0164,3.8982,0.6048,,,,,,
Justin Fields,KC,QB,1,4362887,0.562,7.8145,0.8709,0.0461,0.0081,,,,,,,,,
Davis Mills,HOU,QB,1,4242546,0.560,9.0565,0.2374,0.0576,0.0024,,,,,,,,,
Sam Howell,DAL,QB,1,4426875,0.559,8.5359,0.4109,0.0601,0.0044,,,,,,,,,
Alec Ingold,LAC,RB,1,3917668,0.555,,,,0.0061,0.0165,4.2561,0.8611,,,,,,
Derius Davis,LAC,WR,1,4362477,0.551,,,,0.0049,0.0211,3.0812,0.7568,,,,,,
Quinn Ewers,JAC,QB,1,4889929,0.549,9.0752,0.2337,0.0605,0.0015,,,,,,,,,
Jameis Winston,NYG,QB,1,2969939,0.540,9.7752,0.1594,0.0589,0.0018,,,,,,,,,
Marcus Mariota,WAS,QB,1,2576980,0.537,9.4901,0.573,0.0449,0.0028,,,,,,,,,
Shedeur Sanders,CLE,QB,1,4432762,0.536,9.7755,0.4586,0.0421,0.0023,,,,,,,,,
Tyrod Taylor,GB,QB,1,14163,0.536,7.9694,0.7369,0.0466,0.0049,,,,,,,,,
Riley Leonard,IND,QB,1,4683423,0.535,9.1747,0.3164,0.0459,0.0046,,,,,,,,,
Seydou Traore,MIA,TE,1,4714379,0.528,,,,,0.0196,4.1398,1.0,,,,,,
Tommy DeVito,NE,QB,1,4240391,0.520,8.3937,0.5548,0.0433,0.0033,,,,,,,,,
Tyler Huntley,BAL,QB,1,4035671,0.516,7.7137,0.5726,0.0508,0.0032,,,,,,,,,
Kyle McCord,MIA,QB,1,4433971,0.506,9.2537,0.3261,0.0385,0.0024,,,,,,,,,
Joshua Dobbs,DET,QB,1,3044720,0.504,7.695,0.3865,0.0547,0.005,,,,,,,,,
Blake Whiteheart,CLE,TE,1,4362018,0.490,,,,,0.0202,3.7138,1.0,,,,,,
Cade Klubnik,NYJ,QB,1,4685413,0.486,8.4805,0.3918,0.0459,0.0046,,,,,,,,,
Spencer Rattler,NO,QB,1,4426339,0.484,8.9398,0.4281,0.0388,0.0012,,,,,,,,,
Mitchell Trubisky,TEN,QB,1,3039707,0.484,9.0582,0.1445,0.045,0.003,,,,,,,,,
Gardner Minshew II,ARI,QB,1,4038524,0.475,9.5453,0.1743,0.0411,0.002,,,,,,,,,
Xavier Smith,LAR,WR,1,4386544,0.472,,,,,0.0193,2.6277,1.0,,,,,,
Drew Lock,SEA,QB,1,3924327,0.460,7.7668,0.2994,0.0464,0.0033,,,,,,,,,
Connor Heyward,LV,RB,1,4241961,0.455,,,,0.011,0.0132,3.1009,0.6015,,,,,,
Mac Jones,SF,QB,1,4241464,0.448,8.2865,0.1251,0.0448,0.0007,,,,,,,,,
Savion Williams,GB,WR,1,4431487,0.427,,,,0.0214,,2.6534,0.0,,,,,,
Kyle Allen,BUF,QB,1,3115293,0.407,7.7229,0.1631,0.0439,0.0022,,,,,,,,,
Dohnte Meyers,CIN,WR,1,4384852,0.386,,,,,0.023,2.5045,1.0,,,,,,
Jacob Cowing,SF,WR,1,4575665,0.386,,,,,0.0128,2.5332,1.0,,,,,,
Cooper Rush,ATL,QB,1,2972515,0.367,7.8915,0.0458,0.0294,0.0006,,,,,,,,,
Efton Chism III,NE,WR,1,4695193,0.353,,,,,0.0129,2.3671,1.0,,,,,,
Max Klare,LAR,TE,1,4833029,0.352,,,,,0.0214,2.2597,1.0,,,,,,
Adam Prentice,,RB,1,3929914,0.351,,,,0.0068,0.0078,2.6598,0.6437,,,,,,
Michael Burton,CLE,RB,1,2515270,0.345,,,,0.0059,0.0087,2.6028,0.6068,,,,,,
Darius Cooper,PHI,WR,1,4715355,0.338,,,,,0.0183,2.3019,1.0,,,,,,
Josh Cameron,JAC,WR,1,4879194,0.337,,,,,0.0145,2.2885,1.0,,,,,,
Ko Kieft,TB,TE,1,4034779,0.332,,,,,0.0186,2.2023,1.0,,,,,,
Brevyn Spann-Ford,DAL,TE,1,4360967,0.329,,,,,0.0189,2.1668,1.0,,,,,,
Jonathan Mingo,DAL,WR,1,4426485,0.322,,,,,0.0142,2.3901,1.0,,,,,,
Jahdae Walker,CHI,WR,1,5160110,0.318,,,,,0.0184,2.0903,1.0,,,,,,
Marlin Klein,HOU,TE,1,4695705,0.316,,,,,0.016,2.2132,1.0,,,,,,
Matthew Hibner,BAL,TE,1,4432260,0.315,,,,,0.0171,2.1378,1.0,,,,,,
Josh Cuevas,BAL,TE,1,4876132,0.315,,,,,0.0171,2.1378,1.0,,,,,,
Tanner Koziol,JAC,TE,1,4917427,0.309,,,,,0.0168,2.1004,1.0,,,,,,
Tyler Conklin,DET,TE,1,3915486,0.308,,,,,0.0151,2.1971,1.0,,,,,,
Johnny Mundt,PHI,TE,1,3052096,0.307,,,,,0.0151,2.169,1.0,,,,,,
Brycen Tremayne,CAR,WR,1,4360763,0.306,,,,,0.0129,2.2115,1.0,,,,,,
Tai Felton,MIN,WR,1,4565185,0.306,,,,,0.0136,2.1417,1.0,,,,,,
Drew Ogletree,IND,TE,1,4722908,0.302,,,,,0.0153,2.1032,1.0,,,,,,
Eric Saubert,SEA,TE,1,2975863,0.299,,,,,0.0171,1.9818,1.0,,,,,,
Max Bredeson,MIN,RB,1,4878695,0.296,,,,0.0035,0.0097,2.1864,0.7759,,,,,,
Sam Roush,CHI,TE,1,4685504,0.293,,,,,0.0159,1.9872,1.0,,,,,,
Reggie Virgil,ARI,WR,1,4869132,0.277,,,,,0.0078,2.3326,1.0,,,,,,
Luke Farrell,SF,TE,1,4040612,0.273,,,,,0.0117,2.0421,1.0,,,,,,
Hunter Long,ARI,TE,1,4239944,0.263,,,,,0.0112,1.9801,1.0,,,,,,
Carsen Ryan,CLE,TE,1,4685540,0.257,,,,,0.0101,1.9819,1.0,,,,,,
Andrew Beck,NYJ,RB,1,3125107,0.254,,,,,0.0137,1.7048,1.0,,,,,,
Kaden Wetjen,PIT,WR,1,5081338,0.250,,,,0.0063,,0.7619,0.0,,,,,,
Riley Nowakowski,PIT,RB,1,4693370,0.245,,,,,0.011,1.8118,1.0,,,,,,
Charlie Woerner,ATL,TE,1,4035020,0.227,,,,,0.0075,1.8405,1.0,,,,,,
Kameron Johnson,TB,WR,1,5097554,0.217,,,,0.0065,,0.7014,0.0,,,,,,
Arian Smith,NYJ,WR,1,4429105,0.213,,,,0.0117,,1.4459,0.0,,,,,,
Patrick Ricard,NYG,RB,1,2975417,0.212,,,,,0.0084,1.6281,1.0,,,,,,
Reggie Gilliam,NE,RB,1,4039505,0.201,,,,,0.0071,1.608,1.0,,,,,,
Braxton Berrios,,WR,1,3123075,0.151,,,,,,,,,,,,,
British Brooks,HOU,RB,1,4373273,0.150,,,,0.007,,1.0874,0.0,,,,,,
Chris Manhertz,NYG,TE,1,2531358,0.143,,,,,0.0075,0.9868,1.0,,,,,,
Ben Skowronek,PIT,WR,1,4035656,0.141,,,,,0.0063,1.0422,1.0,,,,,,
Kene Nwangwu,NYJ,RB,1,4035537,0.122,,,,,,,,,,,,,
Ke'Shawn Williams,CIN,WR,1,4570738,0.116,,,,,,,,,,,,,
LaJohntay Wester,BAL,WR,1,4690143,0.115,,,,,,,,,,,,,
Myles Price,MIN,WR,1,4430656,0.110,,,,,,,,,,,,,
Devin Duvernay,ARI,WR,1,4039050,0.095,,,,,,,,,,,,,
Nikko Remigio,KC,WR,1,4372716,0.087,,,,,,,,,,,,,
Bam Knight,ARI,RB,1,4427728,0.051,,,,,,,,,,,,,
Dylan Laube,LV,RB,1,4366963,0.032,,,,,,,,,,,,,
LeQuint Allen Jr.,JAC,RB,1,4911851,0.026,,,,,,,,,,,,,
Skyy Moore,GB,WR,1,4430191,0.024,,,,,,,,,,,,,
Tyler Badie,DEN,RB,1,4362748,0.023,,,,,,,,,,,,,
Jalen Brooks,ARI,WR,1,4692835,0.014,,,,,,,,,,,,,
Brock Bowers,LV,TE,1,4432665,0.000,,,,,,,,,,,,,
TreVeyon Henderson,NE,RB,1,4432710,0.000,,,,,,,,,,,,,
Josh Jacobs,GB,RB,1,4047365,0.000,,,,,,,,,,,,,
Zach Charbonnet,SEA,RB,1,4426385,0.000,,,,,,,,,,,,,
Alvin Kamara,NO,RB,1,3054850,0.000,,,,,,,,,,,,,
Jordyn Tyson,NO,WR,1,4880281,0.000,,,,,,,,,,,,,
Isiah Pacheco,DET,RB,1,4361529,0.000,,,,,,,,,,,,,
Tank Dell,HOU,WR,1,4366031,0.000,,,,,,,,,,,,,
Jayden Higgins,HOU,WR,1,4877706,0.000,,,,,,,,,,,,,
Ricky Pearsall,SF,WR,1,4428209,0.000,,,,,,,,,,,,,
James Conner,ARI,RB,1,3045147,0.000,,,,,,,,,,,,,
Ty Johnson,BUF,RB,1,3915411,0.000,,,,,,,,,,,,,
Michael Penix Jr.,ATL,QB,1,4360423,0.000,,,,,,,,,,,,,
Darius Slayton,,WR,1,3916945,0.000,,,,,,,,,,,,,
Carson Beck,ARI,QB,1,4430841,0.000,,,,,,,,,,,,,
Jaydon Blue,,RB,1,4685279,0.000,,,,,,,,,,,,,
Christian Kirk,SF,WR,1,3895856,0.000,,,,,,,,,,,,,
Adam Randall,BAL,RB,1,4685526,0.000,,,,,,,,,,,,,
Trevor Etienne,CAR,RB,1,4685350,0.000,,,,,,,,,,,,,
Devin Singletary,NYG,RB,1,4040761,0.000,,,,,,,,,,,,,
Younghoe Koo,,K,1,3049899,0.000,,,,,,,,,,,,,
Charlie Smyth,,K,1,5208518,0.000,,,,,,,,,,,,,
Jason Sanders,NYJ,K,1,3124679,0.000,,,,,,,,,,,,,
Trey Benson,ARI,RB,1,4429275,0.000,,,,,,,,,,,,,
Isaac Guerendo,SF,RB,1,4372561,0.000,,,,,,,,,,,,,
Ben Sauls,NYG,K,1,4566158,0.000,,,,,,,,,,,,,
Jake Moody,,K,1,4372066,0.000,,,,,,,,,,,,,
Oscar Delp,NO,TE,1,4702559,0.000,,,,,,,,,,,,,
Chris Brazzell II,CAR,WR,1,5091739,0.000,,,,,,,,,,,,,
CJ Daniels,LAR,WR,1,4605951,0.000,,,,,,,,,,,,,
Luke Musgrave,GB,TE,1,4428085,0.000,,,,,,,,,,,,,
Joe Milton III,,QB,1,4360698,0.000,,,,,,,,,,,,,
Stetson Bennett IV,LAR,QB,1,4259553,0.000,,,,,,,,,,,,,
Brandon McManus,,K,1,16339,0.000,,,,,,,,,,,,,
Will Howard,PIT,QB,1,4429955,0.000,,,,,,,,,,,,,
Zane Gonzalez,,K,1,3043234,0.000,,,,,,,,,,,,,
Calvin Austin III,NYG,WR,1,4243389,0.000,,,,,,,,,,,,,
Jawhar Jordan,,RB,1,4429939,0.000,,,,,,,,,,,,,
Dont'e Thornton Jr.,LV,WR,1,4432775,0.000,,,,,,,,,,,,,
Phil Mafah,,RB,1,4431562,0.000,,,,,,,,,,,,,
Josh Williams,,RB,1,4568024,0.000,,,,,,,,,,,,,
Devin Neal,,RB,1,4682652,0.000,,,,,,,,,,,,,
Justin Joly,MIA,TE,1,4912052,0.000,,,,,,,,,,,,,
JuJu Smith-Schuster,,WR,1,3120348,0.000,,,,,,,,,,,,,
Mason Rudolph,PIT,QB,1,3116407,0.000,,,,,,,,,,,,,
Cedric Tillman,,WR,1,4369863,0.000,,,,,,,,,,,,,
Jerome Ford,,RB,1,4372019,0.000,,,,,,,,,,,,,
Nick Westbrook-Ikhine,,WR,1,3929785,0.000,,,,,,,,,,,,,
Tyrell Shavers,BUF,WR,1,4241476,0.000,,,,,,,,,,,,,
Teddy Bridgewater,DET,QB,1,16728,0.000,,,,,,,,,,,,,
Greg Dortch,,WR,1,4037235,0.000,,,,,,,,,,,,,
Lewis Bond,,WR,1,4683159,0.000,,,,,,,,,,,,,
Brady Cook,MIA,QB,1,4429435,0.000,,,,,,,,,,,,,
Graham Gano,,K,1,12460,0.000,,,,,,,,,,,,,
Tanner Brown,,K,1,4696736,0.000,,,,,,,,,,,,,
DeeJay Dallas,,RB,1,4240631,0.000,,,,,,,,,,,,,
Cade York,,K,1,4428963,0.000,,,,,,,,,,,,,
Joshua Karty,,K,1,4566192,0.000,,,,,,,,,,,,,
Mitchell Evans,CAR,TE,1,4683243,0.000,,,,,,,,,,,,,
Charlie Jones,,WR,1,4257188,0.000,,,,,,,,,,,,,
Zavier Scott,,RB,1,4257364,0.000,,,,,,,,,,,,,
Jake Browning,,QB,1,3886812,0.000,,,,,,,,,,,,,
Justin Watson,,WR,1,3118892,0.000,,,,,,,,,,,,,
Grant Calcaterra,PHI,TE,1,4241374,0.000,,,,,,,,,,,,,
Van Jefferson,,WR,1,3930066,0.000,,,,,,,,,,,,,
Tylan Wallace,CLE,WR,1,4241424,0.000,,,,,,,,,,,,,
Mitchell Tinsley,,WR,1,4690070,0.000,,,,,,,,,,,,,
Lucas Havrisik,,K,1,4245661,0.000,,,,,,,,,,,,,
David Moore,,WR,1,4212909,0.000,,,,,,,,,,,,,
Nick Mullens,,QB,1,3059989,0.000,,,,,,,,,,,,,
Mason Tipton,NO,WR,1,4573697,0.000,,,,,,,,,,,,,
Gunner Olszewski,NYG,WR,1,4424106,0.000,,,,,,,,,,,,,
Jeshaun Jones,MIN,WR,1,4360637,0.000,,,,,,,,,,,,,
Aidan O'Connell,LV,QB,1,4260394,0.000,,,,,,,,,,,,,
Joe Royer,CLE,TE,1,4565859,0.000,,,,,,,,,,,,,
Ja'Lynn Polk,NO,WR,1,4430637,0.000,,,,,,,,,,,,,
CJ Dippre,,TE,1,4596545,0.000,,,,,,,,,,,,,
Jackson Meeks,DET,TE,1,4602788,0.000,,,,,,,,,,,,,
Josh Johnson,,QB,1,11394,0.000,,,,,,,,,,,,,
Desmond Ridder,,QB,1,4239086,0.000,,,,,,,,,,,,,
Anthony Gould,,WR,1,4429684,0.000,,,,,,,,,,,,,
Jelani Woods,NYJ,TE,1,4241410,0.000,,,,,,,,,,,,,
Mason Kinsey,,WR,1,4057082,0.000,,,,,,,,,,,,,
Chris Collier,LV,RB,1,4698191,0.000,,,,,,,,,,,,,
Lucas Krull,,TE,1,4360231,0.000,,,,,,,,,,,,,
Michael Bandy,,WR,1,4034704,0.000,,,,,,,,,,,,,
Britain Covey,,WR,1,3926231,0.000,,,,,,,,,,,,,
Jack Stoll,,TE,1,4034862,0.000,,,,,,,,,,,,,
Terrace Marshall Jr.,,WR,1,4362630,0.000,,,,,,,,,,,,,
Jalen Reagor,,WR,1,4241802,0.000,,,,,,,,,,,,,
Kevin Austin Jr.,,WR,1,4372758,0.000,,,,,,,,,,,,,
Quintin Morris,JAC,TE,1,4244049,0.000,,,,,,,,,,,,,
Tip Reiman,ARI,TE,1,4696700,0.000,,,,,,,,,,,,,
Ben Sims,MIA,TE,1,4373030,0.000,,,,,,,,,,,,,
Trey Palmer,,WR,1,4426407,0.000,,,,,,,,,,,,,
Theo Wease Jr.,,WR,1,4426535,0.000,,,,,,,,,,,,,
Gage Larvadain,,WR,1,4877203,0.000,,,,,,,,,,,,,
Tanner Hudson,,TE,1,3050481,0.000,,,,,,,,,,,,,
Devin Culp,,TE,1,4361112,0.000,,,,,,,,,,,,,
Julian Hill,NE,TE,1,4365395,0.000,,,,,,,,,,,,,
Xavier Weaver,ARI,WR,1,4428811,0.000,,,,,,,,,,,,,
Cole Turner,MIA,TE,1,4361438,0.000,,,,,,,,,,,,,
Ihmir Smith-Marsette,,WR,1,4240573,0.000,,,,,,,,,,,,,
Dylan Drummond,,WR,1,4363551,0.000,,,,,,,,,,,,,
Deven Thompkins,,WR,1,4374187,0.000,,,,,,,,,,,,,
Andre Baccellia,,WR,1,3886809,0.000,,,,,,,,,,,,,
A.T. Perry,,WR,1,4362019,0.000,,,,,,,,,,,,,
Tahj Washington,,WR,1,4567506,0.000,,,,,,,,,,,,,
Austin Trammell,,WR,1,4244856,0.000,,,,,,,,,,,,,
Tyreek Hill,,WR,1,3116406,,,,,,,,,,,,,,
Brandon Aiyuk,SF,WR,1,4360438,,,,,,,,,,,,,,
Roschon Johnson,CHI,RB,1,4426386,,,,,,,,,,,,,,
Justin Tucker,,K,1,15683,,,,,,,,,,,,,,
Kareem Hunt,,RB,1,3059915,,,,,,,,,,,,,,
Philip Rivers,IND,QB,1,5529,,,,,,,,,,,,,,
Eli Heidenreich,PIT,RB,1,5081508,,,,,,,,,,,,,,
Nick Chubb,,RB,1,3128720,,,,,,,,,,,,,,
Camden Brown,DAL,WR,1,4808759,,,,,,,,,,,,,,
Anthony Richardson Sr.,IND,QB,1,4429084,,,,,,,,,,,,,,
Lil'Jordan Humphrey,DEN,WR,1,4039057,,,,,,,,,,,,,,
Joe Mixon,,RB,1,3116385,,,,,,,,,,,,,,
AJ Dillon,CAR,RB,1,4239934,,,,,,,,,,,,,,
Montorie Foster Jr.,SEA,WR,1,4600597,,,,,,,,,,,,,,
Zach Ertz,,TE,1,15835,,,,,,,,,,,,,,
Audric Estime,NO,RB,1,4569682,,,,,,,,,,,,,,
Jalen Milroe,SEA,QB,1,4432734,,,,,,,,,,,,,,
Israel Abanikanda,,RB,1,4429202,,,,,,,,,,,,,,
Jake Bobo,SEA,WR,1,4360405,,,,,,,,,,,,,,
Taysom Hill,,TE,1,2468609,,,,,,,,,,,,,,
Matt Prater,,K,1,11122,,,,,,,,,,,,,,
Jermar Jefferson,MIN,RB,1,4374033,,,,,,,,,,,,,,
Jack Strand,ATL,QB,1,5344782,,,,,,,,,,,,,,
Ezekiel Elliott,,RB,1,3051392,,,,,,,,,,,,,,
Carson Wentz,MIN,QB,1,2573079,,,,,,,,,,,,,,
Ulysses Bentley IV,,RB,1,4426689,,,,,,,,,,,,,,
Michael Trigg,,TE,1,4594749,,,,,,,,,,,,,,
Taylen Green,CLE,QB,1,4431325,,,,,,,,,,,,,,
Dillon Gabriel,CLE,QB,1,4427238,,,,,,,,,,,,,,
DeAndre Hopkins,,WR,1,15795,,,,,,,,,,,,,,
Ronnie Rivers,LAR,RB,1,4243003,,,,,,,,,,,,,,
Jam Miller,,RB,1,4685477,,,,,,,,,,,,,,
Elijah Moore,PHI,WR,1,4372414,,,,,,,,,,,,,,
John Metchie III,CAR,WR,1,4567096,,,,,,,,,,,,,,
Austin Ekeler,,RB,1,3068267,,,,,,,,,,,,,,
Russell Wilson,,QB,1,14881,,,,,,,,,,,,,,
DeWayne McBride,,RB,1,4430388,,,,,,,,,,,,,,
Kadarius Toney,,WR,1,4240600,,,,,,,,,,,,,,
Dalvin Cook,,RB,1,3116593,,,,,,,,,,,,,,
Caden Davis,,K,1,4570688,,,,,,,,,,,,,,
Andy Dalton,PHI,QB,1,14012,,,,,,,,,,,,,,
Frank Gore Jr.,,RB,1,4429805,,,,,,,,,,,,,,
Austin Seibert,,K,1,3821683,,,,,,,,,,,,,,
Jaleel McLaughlin,,RB,1,4722893,,,,,,,,,,,,,,
Jimmy Garoppolo,LAR,QB,1,16760,,,,,,,,,,,,,,
Amari Cooper,LV,WR,1,2976499,,,,,,,,,,,,,,
Ray-Ray McCloud III,,WR,1,3728262,,,,,,,,,,,,,,
Adrian Martinez,,QB,1,4361182,,,,,,,,,,,,,,
Julius Chestnut,TEN,RB,1,4367567,,,,,,,,,,,,,,
Raheim Sanders,CLE,RB,1,4601080,,,,,,,,,,,,,,
AJ Henning,,WR,1,4429053,,,,,,,,,,,,,,
Brittain Brown,CHI,RB,1,4036032,,,,,,,,,,,,,,
Deion Burks,IND,WR,1,4683151,,,,,,,,,,,,,,
D.J. Montgomery,IND,WR,1,4249030,,,,,,,,,,,,,,
Jordan Watkins,SF,WR,1,4431466,,,,,,,,,,,,,,
Dustin Hopkins,,K,1,15965,,,,,,,,,,,,,,
Zamir White,,RB,1,4361777,,,,,,,,,,,,,,
Emmanuel Henderson Jr.,,WR,1,4685381,,,,,,,,,,,,,,
Gavin Bartholomew,MIN,TE,1,4708049,,,,,,,,,,,,,,
Brady Russell,SEA,RB,1,4243176,,,,,,,,,,,,,,
Drake Dabney,,TE,1,4429466,,,,,,,,,,,,,,
Michael Badgley,,K,1,3123052,,,,,,,,,,,,,,
Robert Tonyan,PIT,TE,1,2975674,,,,,,,,,,,,,,
Jarquez Hunter,,RB,1,4710341,,,,,,,,,,,,,,
Raheem Mostert,,RB,1,2576414,,,,,,,,,,,,,,
Adam Thielen,PIT,WR,1,16460,,,,,,,,,,,,,,
Max Brosmer,,QB,1,4573398,,,,,,,,,,,,,,
Marquez Valdes-Scantling,,WR,1,3051738,,,,,,,,,,,,,,
Parker Romo,,K,1,4051167,,,,,,,,,,,,,,
J. Michael Sturdivant,GB,WR,1,4635009,,,,,,,,,,,,,,
Equanimeous St. Brown,,WR,1,3932442,,,,,,,,,,,,,,
Jeremy McNichols,WAS,RB,1,3127586,,,,,,,,,,,,,,
C.J. Ham,MIN,RB,1,4012556,,,,,,,,,,,,,,
Greg Joseph,,K,1,3975763,,,,,,,,,,,,,,
Greg Zuerlein,,K,1,14993,,,,,,,,,,,,,,
Trayveon Williams,,RB,1,4035222,,,,,,,,,,,,,,
Garrett Nussmeier,KC,QB,1,4567747,,,,,,,,,,,,,,
Case Keenum,CHI,QB,1,15168,,,,,,,,,,,,,,
Colson Yankoff,WAS,TE,1,4361088,,,,,,,,,,,,,,
Tyler Lockett,,WR,1,2577327,,,,,,,,,,,,,,
J.J. Taylor,,RB,1,4039607,,,,,,,,,,,,,,
Jude McAtamney,,K,1,5092436,,,,,,,,,,,,,,
Sal Cannella,,TE,1,4242536,,,,,,,,,,,,,,
Zach Wilson,NO,QB,1,4361259,,,,,,,,,,,,,,
Jacardia Wright,,RB,1,4428943,,,,,,,,,,,,,,
Haynes King,CAR,QB,1,4428993,,,,,,,,,,,,,,
Will Levis,,QB,1,4361418,,,,,,,,,,,,,,
Hendon Hooker,,QB,1,4240858,,,,,,,,,,,,,,
Chris Blair,ATL,WR,1,4369886,,,,,,,,,,,,,,
Brennan Presley,,WR,1,4431342,,,,,,,,,,,,,,
Zach Horton,,TE,1,4877824,,,,,,,,,,,,,,
Christopher Dunn,,K,1,4361665,,,,,,,,,,,,,,
Deuce Vaughn,,RB,1,4431453,,,,,,,,,,,,,,
Behren Morton,NE,QB,1,4431465,,,,,,,,,,,,,,
Kendrick Law,DET,WR,1,4685441,,,,,,,,,,,,,,
Jacob Kibodi,,RB,1,4240911,,,,,,,,,,,,,,
Brayden Narveson,,K,1,4361765,,,,,,,,,,,,,,
Dare Ogunbowale,,RB,1,2983509,,,,,,,,,,,,,,
Cameron Latu,NE,TE,1,4372026,,,,,,,,,,,,,,
Tom Kennedy,,WR,1,3126997,,,,,,,,,,,,,,
Terrell Jennings,,RB,1,4427600,,,,,,,,,,,,,,
CJ Williams,JAC,WR,1,5085024,,,,,,,,,,,,,,
Tyler Goodson,,RB,1,4429676,,,,,,,,,,,,,,
Carson Steele,,RB,1,4714365,,,,,,,,,,,,,,
Joe Fagnano,BAL,QB,1,4429582,,,,,,,,,,,,,,
Hunter Renfrow,,WR,1,3135321,,,,,,,,,,,,,,
Trey Sermon,ATL,RB,1,4241401,,,,,,,,,,,,,,
Antonio Gibson,,RB,1,4360294,,,,,,,,,,,,,,
Dameon Pierce,,RB,1,4360238,,,,,,,,,,,,,,
Bub Means,,WR,1,4427985,,,,,,,,,,,,,,
Lan Larison,NE,RB,1,4698253,,,,,,,,,,,,,,
Brandin Cooks,,WR,1,16731,,,,,,,,,,,,,,
Miles Sanders,,RB,1,4045163,,,,,,,,,,,,,,
Derek Carr,NO,QB,1,16757,,,,,,,,,,,,,,
Luke Lachey,GB,TE,1,4432338,,,,,,,,,,,,,,
Mecole Hardman Jr.,,WR,1,4035004,,,,,,,,,,,,,,
Sam Ehlinger,DEN,QB,1,4241820,,,,,,,,,,,,,,
Jordan Travis,,QB,1,4360799,,,,,,,,,,,,,,
Albert Okwuegbunam Jr.,,TE,1,4035115,,,,,,,,,,,,,,
Amar Johnson,,RB,1,4878878,,,,,,,,,,,,,,
Simi Fehoko,ARI,WR,1,4360739,,,,,,,,,,,,,,
Jamaal Williams,,RB,1,2980453,,,,,,,,,,,,,,
Dominic Lovett,,WR,1,4596439,,,,,,,,,,,,,,
Kedon Slovis,,QB,1,4428512,,,,,,,,,,,,,,
Athan Kaliakmanis,WAS,QB,1,4432722,,,,,,,,,,,,,,
Jared Wayne,HOU,WR,1,4430681,,,,,,,,,,,,,,
Jared Wiley,KC,TE,1,4430723,,,,,,,,,,,,,,
Travis Homer,,RB,1,4037457,,,,,,,,,,,,,,
Tim Patrick,NYJ,WR,1,3134353,,,,,,,,,,,,,,
Ty Chandler,NO,RB,1,4242431,,,,,,,,,,,,,,
Cole Payton,PHI,QB,1,4879250,,,,,,,,,,,,,,
Quentin Skinner,,WR,1,4613050,,,,,,,,,,,,,,
Brenden Rice,,WR,1,4686781,,,,,,,,,,,,,,
Anders Carlson,,K,1,4242519,,,,,,,,,,,,,,
Matthew Wright,,K,1,3128444,,,,,,,,,,,,,,
Ryan Miller,MIA,WR,1,4369466,,,,,,,,,,,,,,
Scott Matlock,LAC,RB,1,4373684,,,,,,,,,,,,,,
Beaux Collins,ATL,WR,1,4431210,,,,,,,,,,,,,,
Khalil Herbert,,RB,1,4035886,,,,,,,,,,,,,,
Michael Carter,,RB,1,4240657,,,,,,,,,,,,,,
Anthony Smith,,WR,1,4685110,,,,,,,,,,,,,,
Marcedes Lewis,,TE,1,9614,,,,,,,,,,,,,,
Quez Watkins,,WR,1,4050373,,,,,,,,,,,,,,
Raheem Blackshear,,RB,1,4259308,,,,,,,,,,,,,,
Xavier Restrepo,,WR,1,4431353,,,,,,,,,,,,,,
Travis Vokolek,,TE,1,4259324,,,,,,,,,,,,,,
Cordarrelle Patterson,,RB,1,15807,,,,,,,,,,,,,,
Mike Boone,,RB,1,3139033,,,,,,,,,,,,,,
Devin Leary,,QB,1,4361653,,,,,,,,,,,,,,
Easton Stick,,QB,1,3120590,,,,,,,,,,,,,,
Eric Gray,,RB,1,4570561,,,,,,,,,,,,,,
Robert Woods,,WR,1,15880,,,,,,,,,,,,,,
Ben VanSumeren,,RB,1,4372070,,,,,,,,,,,,,,
Hassan Haskins,,RB,1,4372071,,,,,,,,,,,,,,
Jakobie Keeney-James,,WR,1,5178972,,,,,,,,,,,,,,
Irv Charles,SEA,WR,1,3929636,,,,,,,,,,,,,,
Dennis Houston,TB,WR,1,4572786,,,,,,,,,,,,,,
Ricky White III,,WR,1,4431479,,,,,,,,,,,,,,
Kenny McIntosh,,RB,1,4427391,,,,,,,,,,,,,,
Teagan Quitoriano,,TE,1,4374045,,,,,,,,,,,,,,
Jordan Mims,,RB,1,4243004,,,,,,,,,,,,,,
Zaire Mitchell-Paden,,TE,1,4876006,,,,,,,,,,,,,,
Robbie Ouzts,SEA,RB,1,4691688,,,,,,,,,,,,,,
Pharaoh Brown,,TE,1,2971281,,,,,,,,,,,,,,
Bauer Sharp,TB,TE,1,4890373,,,,,,,,,,,,,,
Sean Clifford,,QB,1,4259592,,,,,,,,,,,,,,
Ja'Corey Brooks,,WR,1,4431506,,,,,,,,,,,,,,
Cedrick Wilson Jr.,,WR,1,4036335,,,,,,,,,,,,,,
Donovan Edwards,,RB,1,4431536,,,,,,,,,,,,,,
Myles Gaskin,,RB,1,3886818,,,,,,,,,,,,,,
Ryan Griffin,,QB,1,16140,,,,,,,,,,,,,,
Skylar Thompson,BAL,QB,1,4036419,,,,,,,,,,,,,,
Tim Boyle,,QB,1,3045169,,,,,,,,,,,,,,
Ke'Shawn Vaughn,,RB,1,3917612,,,,,,,,,,,,,,
Tyler Boyd,,WR,1,3045144,,,,,,,,,,,,,,
Salvon Ahmed,,RB,1,4243315,,,,,,,,,,,,,,
Mike Williams,LAC,WR,1,3045138,,,,,,,,,,,,,,
Jake Haener,,QB,1,4243322,,,,,,,,,,,,,,
Jeff Wilson Jr.,,RB,1,3122976,,,,,,,,,,,,,,
Mike White,,QB,1,3051381,,,,,,,,,,,,,,
Jamal Agnew,,WR,1,3061612,,,,,,,,,,,,,,
D'Onta Foreman,,RB,1,3125116,,,,,,,,,,,,,,
Taylor Heinicke,,QB,1,2565969,,,,,,,,,,,,,,
Jha'Quan Jackson,,WR,1,4427575,,,,,,,,,,,,,,
Josh Johnson,,RB,1,4390717,,,,,,,,,,,,,,
Craig Reynolds,,RB,1,4421446,,,,,,,,,,,,,,
Clayton Tune,,QB,1,4360175,,,,,,,,,,,,,,
Jack Endries,CIN,TE,1,5085189,,,,,,,,,,,,,,
Nathan Carter,,RB,1,4605841,,,,,,,,,,,,,,
Dante Pettis,,WR,1,3127306,,,,,,,,,,,,,,
Zay Jones,,WR,1,3059722,,,,,,,,,,,,,,
SaRodorick Thompson Jr.,,RB,1,4362162,,,,,,,,,,,,,,
Nelson Agholor,,WR,1,2971618,,,,,,,,,,,,,,
Gabe Davis,,WR,1,4243537,,,,,,,,,,,,,,
Brayden Willis,,TE,1,4360290,,,,,,,,,,,,,,
Nick Vannett,,TE,1,2576399,,,,,,,,,,,,,,
D'Ernest Johnson,,RB,1,3139602,,,,,,,,,,,,,,
Damien Martinez,,RB,1,4808830,,,,,,,,,,,,,,
Owen Wright,,RB,1,4249616,,,,,,,,,,,,,,
Ben Yurosek,MIN,TE,1,4433959,,,,,,,,,,,,,,
Deneric Prince,,RB,1,4372526,,,,,,,,,,,,,,
Keilan Robinson,,RB,1,4567095,,,,,,,,,,,,,,
Javon Baker,,WR,1,4692022,,,,,,,,,,,,,,
Chandler Brayboy,,WR,1,4573243,,,,,,,,,,,,,,
Michael Wiley,,RB,1,4569156,,,,,,,,,,,,,,
Chase Edmonds,,RB,1,3119195,,,,,,,,,,,,,,
Brandon Allen,,QB,1,2574511,,,,,,,,,,,,,,
Jaret Patterson,,RB,1,4362452,,,,,,,,,,,,,,
Tyler Johnson,,WR,1,2310331,,,,,,,,,,,,,,
Chris Moore,,WR,1,2576581,,,,,,,,,,,,,,
Pierre Strong Jr.,,RB,1,4249836,,,,,,,,,,,,,,
Brevin Jordan,HOU,TE,1,4362504,,,,,,,,,,,,,,
Gary Brightwell,,RB,1,4245645,,,,,,,,,,,,,,
Brandon Powell,,WR,1,3115255,,,,,,,,,,,,,,
Elijah Mitchell,,RB,1,4241555,,,,,,,,,,,,,,
Parris Campbell,DAL,WR,1,3121410,,,,,,,,,,,,,,
Noah Brown,,WR,1,3121409,,,,,,,,,,,,,,
Jacoby Jones,WAS,WR,1,5083297,,,,,,,,,,,,,,
Trevor Siemian,,QB,1,2511109,,,,,,,,,,,,,,
D.J. Williams,,RB,1,4567216,,,,,,,,,,,,,,
Jermaine Jackson,,WR,1,4698301,,,,,,,,,,,,,,
Caleb Lohner,DEN,TE,1,4432208,,,,,,,,,,,,,,
Isaiah Neyor,,WR,1,4428116,,,,,,,,,,,,,,
Lew Nichols,,RB,1,4428119,,,,,,,,,,,,,,
Zach Pascal,,WR,1,2978109,,,,,,,,,,,,,,
Louis Rees-Zammit,,RB,1,5208436,,,,,,,,,,,,,,
Curtis Samuel,,WR,1,3121427,,,,,,,,,,,,,,
Josh Reynolds,,WR,1,3115306,,,,,,,,,,,,,,
Jeff Driskel,,QB,1,2574630,,,,,,,,,,,,,,
Feleipe Franks,CAR,TE,1,4034948,,,,,,,,,,,,,,
David Sills V,TB,WR,1,3871102,,,,,,,,,,,,,,
Kyle Trask,,QB,1,4034946,,,,,,,,,,,,,,
Johnny Wilson,PHI,WR,1,4686104,,,,,,,,,,,,,,
Sincere McCormick,,RB,1,4430104,,,,,,,,,,,,,,
Shane Buechele,,QB,1,4039034,,,,,,,,,,,,,,
Will Mallory,IND,TE,1,4362523,,,,,,,,,,,,,,
Dalevon Campbell,LAC,WR,1,4569372,,,,,,,,,,,,,,
Jakob Johnson,,RB,1,3115349,,,,,,,,,,,,,,
Jordan Matthews,,TE,1,16763,,,,,,,,,,,,,,
Nick Kallerup,SEA,TE,1,4569547,,,,,,,,,,,,,,
Allen Robinson,,WR,1,16799,,,,,,,,,,,,,,
KhaDarel Hodge,,WR,1,3047876,,,,,,,,,,,,,,
Gus Edwards,,RB,1,3051926,,,,,,,,,,,,,,
Aaron Shampklin,,RB,1,4248068,,,,,,,,,,,,,,
Evan Hull,,RB,1,4569609,,,,,,,,,,,,,,
Kylen Granson,TEN,TE,1,4039160,,,,,,,,,,,,,,
Robbie Chosen,,WR,1,2574808,,,,,,,,,,,,,,
Graham Mertz,HOU,QB,1,4426335,,,,,,,,,,,,,,
Kurtis Rourke,SF,QB,1,4430431,,,,,,,,,,,,,,
Hayden Rucci,,TE,1,4428396,,,,,,,,,,,,,,
River Cracraft,,WR,1,3052056,,,,,,,,,,,,,,
Jalin Hyatt,,WR,1,4692590,,,,,,,,,,,,,,
Baylor Cupp,,TE,1,4426364,,,,,,,,,,,,,,
Jonathan Ward,,RB,1,4039274,,,,,,,,,,,,,,
Cody White,,WR,1,4241983,,,,,,,,,,,,,,
Patrick Taylor Jr.,,RB,1,4039358,,,,,,,,,,,,,,
Thomas Fidone II,NYG,TE,1,4590292,,,,,,,,,,,,,,
Jaren Kanak,TEN,TE,1,4877034,,,,,,,,,,,,,,
Cornelius Johnson,,WR,1,4426479,,,,,,,,,,,,,,
John Ross,,WR,1,3052177,,,,,,,,,,,,,,
Scotty Miller,,WR,1,3914397,,,,,,,,,,,,,,
Ainias Smith,CAR,WR,1,4428532,,,,,,,,,,,,,,
Bailey Zappe,,QB,1,4250360,,,,,,,,,,,,,,
Cam Akers,,RB,1,4240021,,,,,,,,,,,,,,
Anthony Brown Jr.,,QB,1,4035312,,,,,,,,,,,,,,
Keleki Latu,BUF,TE,1,4688552,,,,,,,,,,,,,,
Diontae Johnson,,WR,1,3932905,,,,,,,,,,,,,,
Malik Cunningham,,WR,1,4240069,,,,,,,,,,,,,,
Chase Cota,,WR,1,4367186,,,,,,,,,,,,,,
Treyton Welch,,TE,1,4430684,,,,,,,,,,,,,,
Moliki Matavao,NO,TE,1,4432731,,,,,,,,,,,,,,
Carlos Washington Jr.,,RB,1,4248425,,,,,,,,,,,,,,
Dallen Bentley,DEN,TE,1,5159802,,,,,,,,,,,,,,
K.J. Osborn,,WR,1,3916566,,,,,,,,,,,,,,
Jamari Thrash,CLE,WR,1,4428678,,,,,,,,,,,,,,
Jaylen Johnson,,WR,1,4379405,,,,,,,,,,,,,,
David Martin-Robinson,TEN,TE,1,4360978,,,,,,,,,,,,,,
Clyde Edwards-Helaire,,RB,1,4242214,,,,,,,,,,,,,,
John Wolford,,QB,1,3124092,,,,,,,,,,,,,,
Sterling Shepard,,WR,1,2976592,,,,,,,,,,,,,,
JaMycal Hasty,,RB,1,3928925,,,,,,,,,,,,,,
Dorian Thompson-Robinson,,QB,1,4367178,,,,,,,,,,,,,,
Xazavian Valladay,,RB,1,4240350,,,,,,,,,,,,,,
Malik Turner,,WR,1,3115928,,,,,,,,,,,,,,
E.J. Jenkins,PHI,TE,1,4248557,,,,,,,,,,,,,,
Joshua Kelley,,RB,1,3910544,,,,,,,,,,,,,,
Princeton Fant,DAL,TE,1,4242442,,,,,,,,,,,,,,
Anthony Miller,,WR,1,3050487,,,,,,,,,,,,,,
Trent Sherfield,,WR,1,3122168,,,,,,,,,,,,,,
Jack Westover,WAS,RB,1,4361100,,,,,,,,,,,,,,
Tyler Scott,,WR,1,4565908,,,,,,,,,,,,,,
Cody Schrader,,RB,1,4391845,,,,,,,,,,,,,,
Khari Blasingame,,RB,1,3122154,,,,,,,,,,,,,,
John Samuel Shenker,,TE,1,4242526,,,,,,,,,,,,,,
Allen Lazard,,WR,1,3128390,,,,,,,,,,,,,,
Isaiah Hodgins,,WR,1,4242540,,,,,,,,,,,,,,
Nick Nash,,WR,1,4570242,,,,,,,,,,,,,,
Jaren Hall,,QB,1,4373632,,,,,,,,,,,,,,
Nikola Kalinic,CHI,TE,1,4916349,,,,,,,,,,,,,,
Coleman Owen,,WR,1,4578436,,,,,,,,,,,,,,
Jordan Akins,,TE,1,3128452,,,,,,,,,,,,,,
Brett Rypien,,QB,1,3722362,,,,,,,,,,,,,,
Velus Jones Jr.,SEA,RB,1,4035693,,,,,,,,,,,,,,
Zack Moss,,RB,1,4035676,,,,,,,,,,,,,,
Nathan Rourke,,QB,1,4244688,,,,,,,,,,,,,,
Justin Shorter,LV,WR,1,4361426,,,,,,,,,,,,,,
Kendall Milton,,RB,1,4429012,,,,,,,,,,,,,,
Ellis Merriweather,,RB,1,4685016,,,,,,,,,,,,,,
Jermaine Burton,,WR,1,4429033,,,,,,,,,,,,,,
Michael Pratt,,QB,1,4685039,,,,,,,,,,,,,,
Zach Evans,,RB,1,4685035,,,,,,,,,,,,,,
Phillip Dorsett II,,WR,1,2579604,,,,,,,,,,,,,,
Stone Smartt,,TE,1,4250764,,,,,,,,,,,,,,
Joshua Cephus,,WR,1,4426893,,,,,,,,,,,,,,
Dalen Cambre,,WR,1,4570296,,,,,,,,,,,,,,
Zack Kuntz,,TE,1,4361417,,,,,,,,,,,,,,
Jase McClellan,,RB,1,4429001,,,,,,,,,,,,,,
Trent Taylor,,WR,1,3040569,,,,,,,,,,,,,,
Elijah Dotson,,RB,1,4248909,,,,,,,,,,,,,,
Cam Miller,,QB,1,4693331,,,,,,,,,,,,,,
Max Duggan,,QB,1,4427105,,,,,,,,,,,,,,
Mohamed Ibrahim,,RB,1,4240750,,,,,,,,,,,,,,
Junior Bergen,,WR,1,4887918,,,,,,,,,,,,,,
Blake Watson,,RB,1,4361604,,,,,,,,,,,,,,
Alexander Mattison,,RB,1,4048244,,,,,,,,,,,,,,
Thomas Odukoya,KC,TE,1,4363554,,,,,,,,,,,,,,
Kenny Yeboah,,TE,1,4044144,,,,,,,,,,,,,,
Jimmy Holiday,KC,WR,1,4431142,,,,,,,,,,,,,,
Tommy Mellott,,WR,1,4775196,,,,,,,,,,,,,,
Kalel Mullings,,RB,1,4429121,,,,,,,,,,,,,,
Chris Oladokun,,QB,1,4044111,,,,,,,,,,,,,,
Jaheim Bell,,TE,1,4429262,,,,,,,,,,,,,,
Mitchell Wilcox,,TE,1,3923392,,,,,,,,,,,,,,
Dez Fitzpatrick,,WR,1,4036026,,,,,,,,,,,,,,
Tanner McLachlan,,TE,1,4384171,,,,,,,,,,,,,,
Samori Toure,,WR,1,4027873,,,,,,,,,,,,,,
Malik Heath,,WR,1,4689334,,,,,,,,,,,,,,
MyCole Pruitt,,TE,1,2508256,,,,,,,,,,,,,,
Ronnie Bell,,WR,1,4372063,,,,,,,,,,,,,,
Dan Chisena,,WR,1,3929637,,,,,,,,,,,,,,
Tejhaun Palmer,,WR,1,4875912,,,,,,,,,,,,,,
Danny Gray,,WR,1,4689546,,,,,,,,,,,,,,
Xavier Gipson,,WR,1,4427278,,,,,,,,,,,,,,
Jody Fortson,,TE,1,4408854,,,,,,,,,,,,,,
John Kelly Jr.,,RB,1,3915381,,,,,,,,,,,,,,
DJ Turner,,WR,1,4036211,,,,,,,,,,,,,,
Kearis Jackson,,WR,1,4361778,,,,,,,,,,,,,,
Laviska Shenault Jr.,,WR,1,4243160,,,,,,,,,,,,,,
Sean McKeon,IND,TE,1,4036275,,,,,,,,,,,,,,
Alex Bachman,,WR,1,3919510,,,,,,,,,,,,,,
James Mitchell,,TE,1,4361988,,,,,,,,,,,,,,
Tim Jones,,WR,1,4245131,,,,,,,,,,,,,,
Kaden Prather,,WR,1,4431509,,,,,,,,,,,,,,
DeAndre Carter,,WR,1,2580216,,,,,,,,,,,,,,
Stephen Carlson,,TE,1,3948283,,,,,,,,,,,,,,
Tyreik McAllister,,WR,1,4589248,,,,,,,,,,,,,,
Keaontay Ingram,,RB,1,4362087,,,,,,,,,,,,,,
Terrell Bynum,,WR,1,4243319,,,,,,,,,,,,,,
Troy Hairston,,RB,1,4274040,,,,,,,,,,,,,,
Trishton Jackson,,WR,1,4046715,,,,,,,,,,,,,,
Jalen Virgil,,WR,1,4036448,,,,,,,,,,,,,,
Deonte Harty,,WR,1,4411193,,,,,,,,,,,,,,
Tony Jones Jr.,,RB,1,4046676,,,,,,,,,,,,,,
Darrynton Evans,,RB,1,4036431,,,,,,,,,,,,,,
Michael Woods II,,WR,1,4360174,,,,,,,,,,,,,,
Bryce Ford-Wheaton,,WR,1,4362227,,,,,,,,,,,,,,
Alex Erickson,,WR,1,2977800,,,,,,,,,,,,,,
Will Dissly,,TE,1,3127292,,,,,,,,,,,,,,
Erik Ezukanma,,WR,1,4362186,,,,,,,,,,,,,,
Harrison Bryant,,TE,1,4040774,,,,,,,,,,,,,,
Tony Brown,,WR,1,3915821,,,,,,,,,,,,,,
Justyn Ross,,WR,1,4360306,,,,,,,,,,,,,,
Lawrence Cager,,TE,1,3917849,,,,,,,,,,,,,,
Steven Sims,,WR,1,3917960,,,,,,,,,,,,,,
Nick Muse,,TE,1,4249624,,,,,,,,,,,,,,
Chris Conley,,WR,1,2578533,,,,,,,,,,,,,,
Jason Brownlee,,WR,1,4689988,,,,,,,,,,,,,,
John Stephens Jr.,,TE,1,4362489,,,,,,,,,,,,,,
Dee Eskridge,,WR,1,4043016,,,,,,,,,,,,,,
C.J. Uzomah,,TE,1,2574576,,,,,,,,,,,,,,
Elijah Cooks,,WR,1,4241588,,,,,,,,,,,,,,
Anthony Firkser,,TE,1,3049698,,,,,,,,,,,,,,
Shane Zylstra,,TE,1,4608362,,,,,,,,,,,,,,
Brenden Bates,,TE,1,4362603,,,,,,,,,,,,,,
Jaelon Darden,,WR,1,4243830,,,,,,,,,,,,,,
Bryce Oliver,,WR,1,4362617,,,,,,,,,,,,,,
Irv Smith Jr.,,TE,1,4040980,,,,,,,,,,,,,,
Collin Johnson,,WR,1,4039043,,,,,,,,,,,,,,
Russell Gage Jr.,,WR,1,3115378,,,,,,,,,,,,,,
DJ Chark,,WR,1,3115394,,,,,,,,,,,,,,
Jamison Crowder,,WR,1,2576716,,,,,,,,,,,,,,
James Proche II,,WR,1,3916204,,,,,,,,,,,,,,
Josiah Deguara,,TE,1,3914151,,,,,,,,,,,,,,
Donald Parham Jr.,,TE,1,3912092,,,,,,,,,,,,,,
Hayden Hurst,,TE,1,3924365,,,,,,,,,,,,,,
Peyton Hendershot,,TE,1,4258248,,,,,,,,,,,,,,
Maurice Alexander,,WR,1,3914307,,,,,,,,,,,,,,
Henry Pearson,,TE,1,4360794,,,,,,,,,,,,,,
Tanner Conner,,TE,1,4047422,,,,,,,,,,,,,,
Kristian Wilkerson,,WR,1,3910176,,,,,,,,,,,,,,
Brandon Johnson,,WR,1,4035198,,,,,,,,,,,,,,
Cam Grandy,,TE,1,4700712,,,,,,,,,,,,,,
