player,fum_lost
Saquon Barkley,1
Joe Burrow,5
Lamar Jackson,5
Derrick Henry,1
Jahmyr Gibbs,1
Ja'Marr Chase,0
Jared Goff,0
Baker Mayfield,2
Josh Allen,2
Bijan Robinson,0
Sam Darnold,4
Jonathan Taylor,1
Jayden Daniels,0
Bo Nix,0
Jalen Hurts,5
James Cook,0
Justin Herbert,2
Kyler Murray,4
Josh Jacobs,3
Aaron Rodgers,2
Brock Bowers,0
Geno Smith,0
Jordan Love,0
Justin Jefferson,0
Kyren Williams,3
Patrick Mahomes,0
Derek Carr,0
Joe Mixon,0
Brock Purdy,3
Alvin Kamara,0
George Kittle,0
Caleb Williams,5
Bryce Young,2
Chuba Hubbard,3
James Conner,1
De'Von Achane,0
Will Levis,6
Jameis Winston,2
Kirk Cousins,2
Drake Maye,6
Matthew Stafford,2
Aaron Jones,3
Trey McBride,0
Brian Thomas Jr.,0
Tua Tagovailoa,2
Bucky Irving,1
Jonnu Smith,1
Jameson Williams,0
Anthony Richardson,3
Chase Brown,1
Russell Wilson,4
C.J. Stroud,4
D'Andre Swift,0
Breece Hall,2
Amon-Ra St. Brown,1
J.K. Dobbins,0
CeeDee Lamb,1
David Montgomery,1
Malik Nabers,0
Trevor Lawrence,1
Dak Prescott,1
Tony Pollard,2
Sam LaPorta,0
Mark Andrews,0
Jerry Jeudy,0
A.J. Brown,0
Tucker Kraft,1
Joe Flacco,4
Mike Evans,0
Najee Harris,0
Drake London,0
Davante Adams,0
Terry McLaurin,1
Drew Lock,2
Cooper Rush,3
Kenneth Walker III,0
Tee Higgins,1
Nico Collins,0
Rico Dowdle,2
Taysom Hill,1
Ladd McConkey,0
Puka Nacua,0
Gardner Minshew,4
Mac Jones,2
Aidan O'Connell,2
Justin Fields,1
Pat Freiermuth,2
Mason Rudolph,1
Travis Kelce,1
Daniel Jones,2
David Njoku,0
Rashod Bateman,0
Jordan Addison,0
DK Metcalf,2
Zach Charbonnet,0
Brian Robinson Jr.,2
Xavier Worthy,0
Kyle Pitts,0
KaVontae Turpin,1
Andy Dalton,0
