owner,player,team,fg,fg_att,m_1_19,a_1_19,m_20_29,a_20_29,m_30_39,a_30_39,m_40_49,a_40_49,m_50,a_50,xp,xp_att,avg,total
BOLDING,Jason Myers,SEA,41,48,0,0,5,6,14,15,13,15,9,12,48,48,5.59,95.0
PRESTON,Brandon Aubrey,DAL,36,42,0,0,10,10,5,5,10,10,11,17,47,48,5.41,92.0
THROBBER,Ka'imi Fairbairn,HOU,44,48,0,0,8,8,11,11,16,16,9,13,28,28,5.93,89.0
CHEN,Cam Little,JAC,30,34,0,0,5,5,9,9,8,10,8,10,50,51,4.71,80.0
FREEMANS,Cameron Dicker,LAC,38,41,0,0,7,7,14,15,12,13,5,6,34,35,4.53,77.0
BUSSONE,Will Reichard,MIN,33,35,0,0,6,6,9,9,7,7,11,13,31,31,4.53,77.0
FA,Chase McLaughlin,TB,32,38,0,0,6,6,9,11,6,9,11,12,32,33,4.44,75.5
CHEN,Chris Boswell,PIT,27,32,0,0,6,6,2,4,10,11,9,11,42,43,4.32,73.5
FORBES,Jake Bates,DET,27,34,0,0,6,6,8,8,9,11,4,9,54,56,4.18,71.0
BAUKOL,Andres Borregales,NE,27,32,2,2,6,6,8,9,7,11,4,4,53,55,4.03,68.5
ANN,Harrison Butker,KC,33,38,1,1,9,9,9,9,9,11,5,8,31,35,3.91,66.5
BAUKOL,Eddy Pineiro,SF,28,29,0,0,5,5,7,7,10,10,6,7,34,38,4.71,66.0
FORBES,Evan McPherson,CIN,25,28,0,0,4,4,6,6,10,10,5,8,41,44,3.82,65.0
BOLDING,Joey Slye,TEN,28,35,0,0,6,6,6,6,7,9,9,14,26,27,3.94,63.0
BUSSONE,Cairo Santos,CHI,25,30,0,0,3,3,8,9,10,12,4,6,39,39,4.17,62.5
ANN,Tyler Loop,BAL,30,34,0,0,10,10,11,11,8,9,1,4,44,46,3.59,61.0
FA,Riley Patterson,MIA,27,29,0,0,5,5,8,9,11,11,3,4,34,35,3.53,60.0
FA,Nick Folk,ATL,28,29,0,0,5,5,9,9,7,7,7,8,22,22,3.69,59.0
MUCK/UZES,Wil Lutz,DEN,28,32,0,0,10,10,11,11,3,5,4,6,39,39,3.44,58.5
FA,Blake Grupe,NYJ,29,37,0,0,9,9,10,12,3,6,7,10,25,25,3.62,58.0
THROBBER,Chad Ryland,ARI,25,33,0,0,5,5,7,8,7,10,6,10,36,36,3.41,58.0
FA,Jake Elliott,PHI,20,27,0,0,3,3,6,6,7,10,4,8,41,42,3.21,54.5
FA,Andre Szmyt,CLE,24,27,0,0,4,4,10,11,5,6,5,6,25,26,2.91,49.5
FA,Matt Prater,BUF,18,20,0,0,4,4,7,8,6,6,1,2,46,49,3.27,49.0
FA,Ryan Fitzgerald,CAR,24,29,0,0,6,6,8,9,8,9,2,5,27,30,2.85,48.5
FA,Brandon McManus,GB,24,30,0,0,10,10,8,8,3,7,3,5,32,33,3.43,48.0
FA,Zane Gonzalez,MIA,19,22,0,0,1,1,3,4,8,8,7,9,17,18,5.28,47.5
FA,Daniel Carlson,NO,22,27,0,0,5,5,6,6,6,8,5,8,21,22,2.71,46.0
FA,Matt Gay,LV,17,23,0,0,4,4,3,4,6,6,4,9,26,26,3.67,44.0
MUCK/UZES,Harrison Mevis,LAR,12,13,0,0,3,3,3,3,5,6,1,1,39,39,4.06,36.5
FA,Jake Moody,BAL,19,23,0,0,5,7,7,8,5,6,2,2,15,16,3.94,35.5
FA,Mike Badgley,BUF,11,12,0,0,1,1,3,3,5,5,2,3,20,25,3.33,30.0
FA,Charlie Smyth,NO,12,16,0,0,1,1,4,4,3,5,4,6,13,13,4.75,28.5
FA,Joshua Karty,ARI,10,15,0,0,3,4,3,5,3,4,1,2,23,26,3.31,26.5
FA,Spencer Shrader,IND,13,14,0,0,5,5,5,5,2,2,1,2,14,14,4.8,24.0
FA,John Parker Romo,ATL,11,14,0,0,2,2,7,8,1,2,1,2,12,13,2.86,20.0
FA,Graham Gano,NYG,9,10,0,0,3,3,4,4,1,2,1,1,9,9,3.3,16.5
FA,Younghoe Koo,NYJ,6,9,1,1,1,1,2,2,2,3,0,2,13,14,2.42,14.5
FA,Ben Sauls,NYG,8,8,0,0,3,3,4,4,1,1,0,0,7,7,4.17,12.5
FA,Lucas Havrisik,GB,4,4,0,0,0,0,2,2,1,1,1,1,7,9,3.67,11.0
FA,Matthew Wright,BUF,5,5,0,0,1,1,1,1,3,3,0,0,4,4,2.5,10.0
FA,Jude McAtamney,NYG,2,2,0,0,1,1,1,1,0,0,0,0,9,12,1.62,6.5
