player,team,fg,fg_att,m_1_19,a_1_19,m_20_29,a_20_29,m_30_39,a_30_39,m_40_49,a_40_49,m_50,a_50,xp,xp_att,avg,total
Jake Elliott,PHI,30,32,0,0,9,9,7,8,7,7,7,8,45,46,4.35,74.00
Matt Gay,LV,33,41,0,0,9,9,9,10,7,9,8,13,35,36,4.32,73.50
Blake Grupe,NYJ,30,37,0,0,10,12,6,6,8,10,6,9,40,40,4.06,69.00
Justin Tucker,BAL,32,37,0,0,10,10,10,10,11,12,1,5,51,52,4.03,68.50
Dustin Hopkins,CLE,33,36,0,0,8,8,7,7,10,13,8,8,24,26,4.53,68.00
Jason Sanders,NYJ,24,28,0,0,6,6,7,7,6,8,5,7,58,59,3.94,67.00
Brandon McManus,GB,30,37,0,0,4,4,10,10,11,13,5,10,35,35,3.85,65.50
Greg Zuerlein,NYJ,35,38,0,0,8,8,9,10,13,14,5,6,15,16,4.03,64.50
Matt Prater,BUF,28,33,0,0,6,6,7,8,6,7,9,12,22,23,3.74,63.50
Chase McLaughlin,TB,29,31,0,0,8,8,12,12,2,3,7,8,33,33,3.62,61.50
Younghoe Koo,NYJ,32,37,0,0,10,10,10,10,9,11,3,6,27,28,3.56,60.50
Nick Folk,ATL,29,30,0,0,9,9,9,9,6,6,5,6,28,30,3.41,58.00
Jake Moody,BAL,21,25,0,0,7,7,8,9,4,6,2,3,60,61,3.41,58.00
Anders Carlson,NYJ,27,33,0,0,6,6,14,14,4,8,3,5,34,39,3.06,52.00
Greg Joseph,LV,24,30,1,1,7,7,9,9,3,6,4,7,36,38,3.00,51.00
Daniel Carlson,NO,26,30,0,0,10,10,6,7,9,10,1,3,32,32,2.94,50.00
Riley Patterson,MIA,16,18,0,0,2,3,11,11,2,2,1,2,41,44,2.70,40.50
Lucas Havrisik,GB,15,20,0,0,8,8,3,3,2,6,2,3,19,22,3.39,30.50
Graham Gano,NYG,11,17,0,0,2,2,3,5,3,6,3,4,8,8,3.00,24.00
Mike Badgley,BUF,4,4,0,0,0,0,3,3,1,1,0,0,13,15,2.88,11.50
Austin Seibert,WAS,1,1,0,0,0,0,1,1,0,0,0,0,1,1,1.50,1.50
