rank,player,team,pos,bye,status
1,Jahmyr Gibbs,DET,RB,6,
2,Ja'Marr Chase,CIN,WR,6,
3,Bijan Robinson,ATL,RB,11,
4,Puka Nacua,LAR,WR,11,
5,Jaxon Smith-Njigba,SEA,WR,11,
6,Amon-Ra St. Brown,DET,WR,6,
7,Jonathan Taylor,IND,RB,13,
8,James Cook III,BUF,RB,7,
9,Christian McCaffrey,SF,RB,8,
10,CeeDee Lamb,DAL,WR,14,
11,Justin Jefferson,MIN,WR,6,
12,A.J. Brown,NE,WR,11,
13,Nico Collins,HOU,WR,8,
14,Saquon Barkley,PHI,RB,10,
15,Derrick Henry,BAL,RB,13,
16,Brock Bowers,LV,TE,13,
17,Drake London,ATL,WR,11,
18,Chase Brown,CIN,RB,6,
19,George Pickens,DAL,WR,14,
20,Kenneth Walker III,KC,RB,5,
21,Omarion Hampton,LAC,RB,7,
22,De'Von Achane,MIA,RB,6,
23,Chris Olave,NO,WR,8,
24,Trey McBride,ARI,TE,14,
25,Josh Allen,BUF,QB,7,
26,Malik Nabers,NYG,WR,8,
27,Lamar Jackson,BAL,QB,13,
28,Ashton Jeanty,LV,RB,13,
29,Zay Flowers,BAL,WR,13,
30,DeVonta Smith,PHI,WR,10,
31,Javonte Williams,DAL,RB,14,
32,Kyren Williams,LAR,RB,11,
33,Tee Higgins,CIN,WR,6,
34,Drake Maye,NE,QB,11,
35,Rashee Rice,KC,WR,5,
36,Colston Loveland,CHI,TE,10,
37,Emeka Egbuka,TB,WR,10,
38,Tetairoa McMillan,CAR,WR,5,
39,Breece Hall,NYJ,RB,13,
40,Joe Burrow,CIN,QB,6,
41,Jaylen Waddle,DEN,WR,10,
42,Ladd McConkey,LAC,WR,7,
43,Travis Etienne Jr.,NO,RB,8,
44,Jeremiyah Love,ARI,RB,14,
45,D'Andre Swift,CHI,RB,10,
46,Jameson Williams,DET,WR,6,
47,Garrett Wilson,NYJ,WR,13,
48,Davante Adams,LAR,WR,11,
49,Christian Watson,GB,WR,11,
50,Terry McLaurin,WAS,WR,7,
51,Bucky Irving,TB,RB,10,
52,Quinshon Judkins,CLE,RB,11,
53,David Montgomery,HOU,RB,8,
54,Jalen Hurts,PHI,QB,10,
55,Luther Burden III,CHI,WR,10,
56,Cam Skattebo,NYG,RB,8,
57,Jayden Daniels,WAS,QB,7,
58,DJ Moore,BUF,WR,7,
59,Rome Odunze,CHI,WR,10,
60,Jadarian Price,SEA,RB,11,
61,Bhayshul Tuten,JAC,RB,7,
62,Tyler Warren,IND,TE,13,
63,Tucker Kraft,GB,TE,11,
64,Caleb Williams,CHI,QB,10,
65,Mike Evans,SF,WR,8,
66,Parker Washington,JAC,WR,7,
67,TreVeyon Henderson,NE,RB,11,
68,Justin Herbert,LAC,QB,7,
69,Rhamondre Stevenson,NE,RB,11,
70,Trevor Lawrence,JAC,QB,7,
71,Marvin Harrison Jr.,ARI,WR,14,
72,Dak Prescott,DAL,QB,14,
73,Jaylen Warren,PIT,RB,9,
74,DK Metcalf,PIT,WR,9,
75,Tony Pollard,TEN,RB,9,
76,Brian Thomas Jr.,JAC,WR,7,
77,Sam LaPorta,DET,TE,6,
78,Rico Dowdle,PIT,RB,9,
79,Carnell Tate,TEN,WR,9,
80,J.K. Dobbins,DEN,RB,10,
81,Blake Corum,LAR,RB,11,
82,Alec Pierce,IND,WR,13,
83,Quentin Johnston,LAC,WR,7,
84,Jonathon Brooks,CAR,RB,5,
85,Courtland Sutton,DEN,WR,10,
86,George Kittle,SF,TE,8,
87,Kyle Pitts Sr.,ATL,TE,11,
88,Chris Godwin Jr.,TB,WR,10,
89,Jacory Croskey-Merritt,WAS,RB,7,
90,Harold Fannin Jr.,CLE,TE,11,
91,Jordan Mason,MIN,RB,6,
92,Brock Purdy,SF,QB,8,
93,Jaxson Dart,NYG,QB,8,
94,MarShawn Lloyd,GB,RB,11,
95,Bo Nix,DEN,QB,10,
96,Chuba Hubbard,CAR,RB,5,
97,Jordan Addison,MIN,WR,6,
98,Michael Wilson,ARI,WR,14,
99,Dalton Kincaid,BUF,TE,7,
100,Jayden Reed,GB,WR,11,
101,Patrick Mahomes II,KC,QB,5,
102,Jared Goff,DET,QB,6,
103,Matthew Stafford,LAR,QB,11,
104,Kyle Monangai,CHI,RB,10,
105,Michael Pittman Jr.,PIT,WR,9,
106,Travis Kelce,KC,TE,5,
107,RJ Harvey,DEN,RB,10,
108,Stefon Diggs,WAS,WR,7,
109,Dallas Goedert,PHI,TE,10,
110,Isaiah Likely,NYG,TE,8,
111,Josh Downs,IND,WR,13,
112,Chris Rodriguez Jr.,JAC,RB,7,
113,Rachaad White,WAS,RB,7,
114,Kyler Murray,MIN,QB,6,
115,Kenny Gainwell,TB,RB,10,
116,Makai Lemon,PHI,WR,10,
117,De'Zhaun Stribling,SF,WR,8,
118,Mark Andrews,BAL,TE,13,
119,Jordan Love,GB,QB,11,
120,Matthew Golden,GB,WR,11,
121,Baker Mayfield,TB,QB,10,
122,Jakobi Meyers,JAC,WR,7,
123,Xavier Worthy,KC,WR,5,
124,Aaron Jones Sr.,MIN,RB,6,
125,KC Concepcion,CLE,WR,11,
126,Wan'Dale Robinson,TEN,WR,9,
127,Romeo Doubs,NE,WR,11,
128,Tyler Shough,NO,QB,8,
129,Tyler Allgeier,ARI,RB,14,
130,Malik Willis,MIA,QB,6,
131,Woody Marks,HOU,RB,8,
132,Juwan Johnson,NO,TE,8,
133,Jalen Coker,CAR,WR,5,
134,Jake Ferguson,DAL,TE,14,
135,Rashid Shaheed,SEA,WR,11,
136,Josh Jacobs,GB,RB,11,
137,Jonah Coleman,DEN,RB,10,
138,Keaton Mitchell,LAC,RB,7,
139,Deebo Samuel Sr.,SF,WR,8,
140,Sam Darnold,SEA,QB,11,
141,Mike Washington Jr.,LV,RB,13,
142,Tank Bigsby,PHI,RB,10,
143,Khalil Shakir,BUF,WR,7,
144,C.J. Stroud,HOU,QB,8,
145,Zach Charbonnet,SEA,RB,11,PUP
146,Jordyn Tyson,NO,WR,8,
147,Daniel Jones,IND,QB,13,
148,Tyjae Spears,TEN,RB,9,
149,Hunter Henry,NE,TE,11,
150,Brian Robinson Jr.,ATL,RB,11,
151,Brenton Strange,JAC,TE,7,
152,Denzel Boston,CLE,WR,11,
153,Tre Tucker,LV,WR,13,
154,Houston Texans,HOU,DST,8,
155,Braelon Allen,NYJ,RB,13,
156,Dylan Sampson,CLE,RB,11,
157,Kayshon Boutte,HOU,WR,8,
158,Chig Okonkwo,WAS,TE,7,
159,Cam Ward,TEN,QB,9,
160,Adonai Mitchell,NYJ,WR,13,
161,Emmett Johnson,KC,RB,5,
162,Terrance Ferguson,LAR,TE,11,
163,Tyrone Tracy Jr.,NYG,RB,8,
164,Alvin Kamara,NO,RB,8,
165,Jalen McMillan,TB,WR,10,
166,Los Angeles Rams,LAR,DST,11,
167,Dalton Schultz,HOU,TE,8,
168,Denver Broncos,DEN,DST,10,
169,Seattle Seahawks,SEA,DST,11,
170,Jerry Jeudy,CLE,WR,11,
171,Jauan Jennings,MIN,WR,6,
172,Bryce Young,CAR,QB,5,
173,Philadelphia Eagles,PHI,DST,10,
174,Dontayvion Wicks,PHI,WR,10,
175,Jalen Nailor,LV,WR,13,
176,Ray Davis,BUF,RB,7,
177,Tre' Harris,LAC,WR,7,
178,New England Patriots,NE,DST,11,
179,AJ Barner,SEA,TE,11,
180,Pittsburgh Steelers,PIT,DST,9,
181,Brandon Aubrey,DAL,K,14,
182,Minnesota Vikings,MIN,DST,6,
183,Jacksonville Jaguars,JAC,DST,7,
184,Omar Cooper Jr.,NYJ,WR,13,
185,Ryan Flournoy,DAL,WR,14,
186,Los Angeles Chargers,LAC,DST,7,
187,Kimani Vidal,LAC,RB,7,
188,Pat Bryant,DEN,WR,10,
189,Calvin Ridley,TEN,WR,9,
190,Keenan Allen,IND,WR,13,
191,Kaelon Black,SF,RB,8,
192,Ja'Kobi Lane,BAL,WR,13,
193,Cameron Dicker,LAC,K,7,
194,Ka'imi Fairbairn,HOU,K,8,
195,Baltimore Ravens,BAL,DST,13,
196,Cam Little,JAC,K,7,
197,Oronde Gadsden II,LAC,TE,7,
198,Kenyon Sadiq,NYJ,TE,13,
199,Malik Washington,MIA,WR,6,
200,T.J. Hockenson,MIN,TE,6,
201,Isiah Pacheco,DET,RB,6,IR
202,Nicholas Singleton,TEN,RB,9,
203,Jason Myers,SEA,K,11,
204,Sean Tucker,TB,RB,10,
205,Malik Davis,DAL,RB,14,
206,Jacoby Brissett,ARI,QB,14,
207,Rashod Bateman,BAL,WR,13,
208,Travis Hunter,JAC,WR,7,
209,Kansas City Chiefs,KC,DST,5,
210,Kaytron Allen,WAS,RB,7,
211,Green Bay Packers,GB,DST,11,
212,Eddy Pineiro,SF,K,8,
213,Isaac TeSlaa,DET,WR,6,
214,Jaylin Noel,HOU,WR,8,
215,Tyler Loop,BAL,K,13,
216,Najee Harris,NYG,RB,8,
217,Pat Freiermuth,PIT,TE,9,
218,Jaylen Wright,MIA,RB,6,
219,Kaleb Johnson,GB,RB,11,
220,Jake Bates,DET,K,6,
221,Detroit Lions,DET,DST,6,
222,Aaron Rodgers,PIT,QB,9,
223,Evan McPherson,CIN,K,6,
224,Malachi Fields,NYG,WR,8,
225,Chris Bell,MIA,WR,6,
226,Darnell Mooney,NYG,WR,8,
227,George Holani,SEA,RB,11,
228,Zachariah Branch,ATL,WR,11,
229,Buffalo Bills,BUF,DST,7,
230,Gunnar Helm,TEN,TE,9,
231,Emanuel Wilson,SEA,RB,11,
232,Cairo Santos,CHI,K,10,
233,Chase McLaughlin,TB,K,10,
234,Cade Otton,TB,TE,10,
235,Geno Smith,NYJ,QB,13,
236,Cooper Kupp,SEA,WR,11,
237,Andy Borregales,NE,K,11,
238,Greg Dulcich,MIA,TE,6,
239,Cleveland Browns,CLE,DST,11,
240,Harrison Mevis,LAR,K,11,
241,Caleb Douglas,MIA,WR,6,
242,Justice Hill,BAL,RB,13,
243,James Conner,ARI,RB,14,
244,Germie Bernard,PIT,WR,9,
245,Antonio Williams,WAS,WR,7,
246,Chris Brooks,GB,RB,11,
247,Troy Franklin,DEN,WR,10,
248,David Njoku,LAC,TE,7,
249,Ollie Gordon II,MIA,RB,6,
250,Samaje Perine,CIN,RB,6,
251,Ted Hurst III,TB,WR,10,
252,Devaughn Vele,NO,WR,8,
253,Keon Coleman,BUF,WR,7,
254,Harrison Butker,KC,K,5,
255,Demond Claiborne,MIN,RB,6,
256,Evan Engram,DEN,TE,10,
257,Tank Dell,HOU,WR,8,IR
258,Chris Boswell,PIT,K,9,
259,Seth McGowan,IND,RB,13,
260,Colby Parkinson,LAR,TE,11,
261,Jordan James,SF,RB,8,
262,Tyquan Thornton,KC,WR,5,
263,Cyrus Allen,KC,WR,5,
264,Kendre Miller,NO,RB,8,
265,Elic Ayomanor,TEN,WR,9,
266,Jack Bech,LV,WR,13,
267,Fernando Mendoza,LV,QB,13,
268,Isaiah Davis,NYJ,RB,13,
269,Tory Horton,SEA,WR,11,
270,Will Reichard,MIN,K,6,
271,Chimere Dike,TEN,WR,9,
272,Wil Lutz,DEN,K,10,
273,Ty Johnson,BUF,RB,7,
274,Mason Taylor,NYJ,TE,13,
275,Theo Johnson,NYG,TE,8,
276,Xavier Legette,CAR,WR,5,
277,Tua Tagovailoa,ATL,QB,11,
278,Marvin Mims Jr.,DEN,WR,10,
279,LeQuint Allen Jr.,JAC,RB,7,
280,Michael Penix Jr.,ATL,QB,11,
281,New Orleans Saints,NO,DST,8,
282,San Francisco 49ers,SF,DST,8,
283,Kyle Williams,NE,WR,11,
284,Elijah Sarratt,BAL,WR,13,
285,Eli Stowers,PHI,TE,10,
286,DJ Giddens,IND,RB,13,
287,Kirk Cousins,LV,QB,13,
288,Darius Slayton,FA,WR,,
289,Christian Kirk,SF,WR,8,IR
290,Deshaun Watson,CLE,QB,11,
291,Mike Gesicki,CIN,TE,6,
292,Brashard Smith,KC,RB,5,
293,Atlanta Falcons,ATL,DST,11,
294,Shedeur Sanders,CLE,QB,11,
295,Adam Randall,BAL,RB,13,
296,Hollywood Brown,PHI,WR,10,
297,Skyler Bell,BUF,WR,7,
298,Jaydon Blue,PHI,RB,10,
299,Indianapolis Colts,IND,DST,13,
300,Emari Demercado,DAL,RB,14,
301,Devin Singletary,NYG,RB,8,
302,DeMario Douglas,NE,WR,11,
303,Andrei Iosivas,CIN,WR,6,
304,Darren Waller,CAR,TE,5,
305,Mack Hollins,NE,WR,11,
306,Jake Tonges,SF,TE,8,
307,Isaiah Bond,CLE,WR,11,
308,Devin Neal,FA,RB,,
309,Charlie Kolar,LAC,TE,7,
310,Darnell Washington,PIT,TE,9,
311,Jahan Dotson,ATL,WR,11,
312,Chicago Bears,CHI,DST,10,
313,Tahj Brooks,CIN,RB,6,
314,Audric Estime,NO,RB,8,
315,Brandon Aiyuk,SF,WR,8,IR
316,Trey Benson,ARI,RB,14,IR
317,Michael Mayer,LV,TE,13,
318,Trevor Etienne,CAR,RB,5,
319,Isaac Guerendo,SF,RB,8,PUP
320,Will Shipley,PHI,RB,10,
321,Jaleel McLaughlin,CLE,RB,11,
322,Jacob Saylors,DET,RB,6,
323,Oscar Delp,NO,TE,8,
324,Elijah Arroyo,SEA,TE,11,
325,Tyreek Hill,FA,WR,,
326,Xavier Hutchinson,HOU,WR,8,
327,Charlie Smyth,NO,K,8,
328,Jarquez Hunter,FA,RB,,
329,Jalen Tolbert,MIA,WR,6,
330,Bryce Lance,NO,WR,8,
331,Kareem Hunt,FA,RB,,
332,Jerome Ford,WAS,RB,7,IR
333,Dallas Cowboys,DAL,DST,14,
334,Cole Kmet,CHI,TE,10,
335,Dawson Knox,BUF,TE,7,
336,Carson Beck,ARI,QB,14,
337,Tyler Higbee,LAR,TE,11,
338,Tez Johnson,TB,WR,10,
339,Jake Elliott,PHI,K,10,
340,Joshua Palmer,BUF,WR,7,
341,Eli Raridon,NE,TE,11,
342,Kendrick Bourne,ARI,WR,14,
343,Tyler Bass,BUF,K,7,
344,Bam Knight,ARI,RB,14,
345,Noah Gray,KC,TE,5,
346,Brenen Thompson,LAC,WR,7,
347,Olamide Zaccheaus,ATL,WR,11,
348,Erick All Jr.,CIN,TE,6,
349,Malik Benson,LV,WR,13,
350,Luke McCaffrey,WAS,WR,7,
351,Max Klare,LAR,TE,11,
352,Roschon Johnson,CHI,RB,10,
353,J.J. McCarthy,MIN,QB,6,
354,New York Giants,NYG,DST,8,
355,Konata Mumpfield,LAR,WR,11,
356,Treylon Burks,WAS,WR,7,
357,Raheim Sanders,CLE,RB,11,
358,Ja'Tavion Sanders,CAR,TE,5,
359,Zavion Thomas,CHI,WR,10,
360,Cedric Tillman,NO,WR,8,
361,KaVontae Turpin,DAL,WR,14,
362,Trey Smack,GB,K,11,
363,Jalen Royals,KC,WR,5,
364,Roman Wilson,PIT,WR,9,
365,Mac Jones,SF,QB,8,
366,Kalif Raymond,CHI,WR,10,
367,Tampa Bay Buccaneers,TB,DST,10,
368,Eli Heidenreich,PIT,RB,9,
369,Carolina Panthers,CAR,DST,5,
370,Justin Fields,KC,QB,5,
371,Kevin Coleman Jr.,MIA,WR,6,
372,Joe Mixon,FA,RB,,
373,Sione Vaki,DET,RB,6,
374,Tutu Atwell,LAR,WR,11,
375,Odell Beckham Jr.,NYG,WR,8,
376,Colbie Young,CIN,WR,6,
377,Dont'e Thornton Jr.,LV,WR,13,IR
378,Tennessee Titans,TEN,DST,9,
379,Noah Fant,NO,TE,8,
380,Michael Carter,TEN,RB,9,
381,Chris Brazzell II,CAR,WR,5,IR
382,Rasheen Ali,BAL,RB,13,
383,Anthony Richardson Sr.,IND,QB,13,
384,Demarcus Robinson,SF,WR,8,
385,Ty Simpson,LAR,QB,11,
386,Savion Williams,GB,WR,11,IR
387,Spencer Shrader,IND,K,13,
388,Daniel Carlson,NO,K,8,
389,Zane Gonzalez,FA,K,,
390,Jonnu Smith,GB,TE,11,
391,Jaylin Lane,WAS,WR,7,
392,Ben Sinnott,WAS,TE,7,
393,Justin Joly,MIA,TE,6,
394,J'Mari Taylor,JAC,RB,7,
395,Tommy Tremble,CAR,TE,5,
396,Joe Flacco,CIN,QB,6,
397,Ashton Dulin,IND,WR,13,
398,Jordan Whittington,LAR,WR,11,
399,John Metchie III,CAR,WR,5,
400,Kyle Juszczyk,SF,RB,8,
401,Jawhar Jordan,HOU,RB,8,
402,Daniel Bellinger,TEN,TE,9,
403,Barion Brown,NO,WR,8,
404,Jameis Winston,NYG,QB,8,
405,Devontez Walker,BAL,WR,13,
406,Dylan Laube,LV,RB,13,
407,Cincinnati Bengals,CIN,DST,6,
408,Mitchell Evans,CAR,TE,5,
409,Nick Folk,ATL,K,11,
410,Ryan Fitzgerald,CAR,K,5,
411,CJ Daniels,LAR,WR,11,
412,Marcus Mariota,WAS,QB,7,
413,Cade Klubnik,NYJ,QB,13,
414,Washington Commanders,WAS,DST,7,
415,Chad Ryland,ARI,K,14,
416,AJ Dillon,CAR,RB,5,
417,Blake Grupe,NYJ,K,13,
418,Joey Slye,TEN,K,9,
419,Phil Mafah,FA,RB,,
420,Dyami Brown,WAS,WR,7,
421,Corey Kiner,NE,RB,11,
422,Ronnie Rivers,LAR,RB,11,
423,Austin Ekeler,FA,RB,,
424,Isaiah Williams,NYJ,WR,13,
425,Tyler Goodson,ATL,RB,11,
426,Nick Westbrook-Ikhine,IND,WR,13,
427,Miami Dolphins,MIA,DST,6,
428,Brandon McManus,FA,K,,
429,Jahdae Walker,CHI,WR,10,
430,Luke Musgrave,GB,TE,11,PUP
431,Jam Miller,FA,RB,,
432,Jeremy McNichols,WAS,RB,7,
433,Dohnte Meyers,CIN,WR,6,
434,Austin Hooper,ATL,TE,11,
435,Dameon Pierce,PHI,RB,10,
436,Antonio Williams,FA,RB,,
437,Ben Sauls,FA,K,,
438,Zach Ertz,FA,TE,,
439,Las Vegas Raiders,LV,DST,13,
440,Ameer Abdullah,JAC,RB,7,
441,Khalil Herbert,FA,RB,,
442,Matt Hibner,BAL,TE,13,
443,Deion Burks,IND,WR,13,
444,Elijah Higgins,ARI,TE,14,
445,Antonio Gibson,FA,RB,,
446,New York Jets,NYJ,DST,13,
447,Josh Oliver,MIN,TE,6,
448,Tyler Badie,DEN,RB,10,
449,Hunter Luepke,DAL,RB,14,
450,Miles Sanders,FA,RB,,
451,John Bates,WAS,TE,7,
452,Damien Martinez,FA,RB,,
453,DeAndre Hopkins,BAL,WR,13,
454,Zamir White,NO,RB,8,
455,Elijah Moore,PHI,WR,10,
456,Drew Stevens,WAS,K,7,
457,Jacob Cowing,SF,WR,8,
458,Isaiah Williams,FA,WR,,
459,Julius Chestnut,TEN,RB,9,
460,Marlin Klein,HOU,TE,8,
461,Tyler Lockett,LV,WR,13,
462,Nate Boerkircher,JAC,TE,7,
463,Brandin Cooks,FA,WR,,
464,Raheem Mostert,LV,RB,13,
465,Jordan Watkins,SF,WR,8,
466,Terrell Jennings,FA,RB,,
467,Jimmy Horn Jr.,CAR,WR,5,
468,Zavier Scott,CHI,RB,10,
469,Taysom Hill,FA,TE,,
470,Kalel Mullings,TEN,RB,9,
471,Josh Williams,TB,RB,10,
472,Reggie Virgil,ARI,WR,14,
473,Tai Felton,MIN,WR,6,
474,Diontae Johnson,FA,WR,,
475,Xavier Restrepo,TEN,WR,9,
476,Greg Dortch,BUF,WR,7,
477,KeAndre Lambert-Smith,LAC,WR,7,
478,Jalen Reagor,FA,WR,,
479,Tommy Myers,FA,TE,,
480,Gabe Davis,FA,WR,,
481,Will Kacmarek,MIA,TE,6,
482,Drew Allar,PIT,QB,9,
483,Alec Ingold,LAC,RB,7,
484,Max Bredeson,MIN,RB,6,
485,Patrick Ricard,NYG,RB,8,
486,Jermaine Burton,FA,WR,,
487,Pierre Strong Jr.,GB,RB,11,
488,Tim Patrick,NYJ,WR,13,
489,Adam Trautman,DEN,TE,10,
490,Efton Chism III,NE,WR,11,
491,Chris Blair,ATL,WR,11,
492,Kene Nwangwu,NYJ,RB,13,
493,Jaydn Ott,KC,RB,5,
494,Jackson Hawes,BUF,TE,7,
495,Elijah Mitchell,FA,RB,,
496,Theo Wease Jr.,LAC,WR,7,
497,Darius Cooper,PHI,WR,10,
498,Lan Larison,NE,RB,11,
499,Josh Cameron,JAC,WR,7,
500,Xavier Smith,LAR,WR,11,
501,British Brooks,HOU,RB,8,
502,Alexander Mattison,FA,RB,,
503,Hassan Haskins,NE,RB,11,
504,Joe Milton III,DAL,QB,14,
505,Sincere McCormick,SF,RB,8,
506,Marquez Valdes-Scantling,FA,WR,,
507,Michael Woods II,FA,WR,,
508,Scotty Miller,CHI,WR,10,
509,Reggie Gilliam,NE,RB,11,
510,Brock Wright,DET,TE,6,
511,Tanner Koziol,JAC,TE,7,
512,Robert Henry Jr.,WAS,RB,7,
513,Dean Connors,LAR,RB,11,
514,CJ Donaldson,NO,RB,8,
515,Tyler Conklin,DET,TE,6,
516,Cash Jones,ATL,RB,11,
517,Foster Moreau,HOU,TE,8,
518,Kaden Wetjen,PIT,WR,9,
519,Kendall Milton,CIN,RB,6,
520,Lew Nichols III,PIT,RB,9,
521,DeeJay Dallas,MIN,RB,6,
522,Durham Smythe,BAL,TE,13,
523,Taylen Green,CLE,QB,11,
524,Jacardia Wright,SEA,RB,11,
525,Luke Schoonmaker,DAL,TE,14,
526,Tanner Hudson,CIN,TE,6,
527,Tyson Bagent,CHI,QB,10,
528,Cade Stover,HOU,TE,8,
529,Jelani Woods,NYJ,TE,13,
530,Riley Leonard,IND,QB,13,
531,Mitchell Tinsley,HOU,WR,8,
532,Davis Mills,HOU,QB,8,
533,Sam Roush,CHI,TE,10,
534,Haynes King,CAR,QB,5,
535,Lil'Jordan Humphrey,DEN,WR,10,
536,Tyrod Taylor,GB,QB,11,
537,Drew Sample,CIN,TE,6,
538,Trey Lance,LAC,QB,7,
539,Noah Whittington,HOU,RB,8,
