player,team,pos,list,rk,n,weekly_value,week,opp,matchup,start_sit,proj_fpts
Jahmyr Gibbs,DET,RB,FLX,1,461,8.0,1,vs. NO,2 out of 5 stars,,
Bijan Robinson,ATL,RB,FLX,2,461,7.983,1,at PIT,1 out of 5 stars,,
Jonathan Taylor,IND,RB,FLX,3,461,7.965,1,vs. BAL,3 out of 5 stars,,
Christian McCaffrey,SF,RB,FLX,4,461,7.948,1,at LAR,1 out of 5 stars,,
Saquon Barkley,PHI,RB,FLX,5,461,7.931,1,vs. WAS,5 out of 5 stars,,
Derrick Henry,BAL,RB,FLX,6,461,7.913,1,at IND,3 out of 5 stars,,
De'Von Achane,MIA,RB,FLX,7,461,7.896,1,at LV,4 out of 5 stars,,
Omarion Hampton,LAC,RB,FLX,8,461,7.879,1,vs. ARI,5 out of 5 stars,,
Ja'Marr Chase,CIN,WR,FLX,9,461,7.861,1,vs. TB,2 out of 5 stars,,
James Cook III,BUF,RB,FLX,10,461,7.844,1,at HOU,4 out of 5 stars,,
Chase Brown,CIN,RB,FLX,11,461,7.826,1,vs. TB,4 out of 5 stars,,
Puka Nacua,LAR,WR,FLX,12,461,7.809,1,vs. SF,4 out of 5 stars,,
Javonte Williams,DAL,RB,FLX,13,461,7.792,1,at NYG,5 out of 5 stars,,
Amon-Ra St. Brown,DET,WR,FLX,14,461,7.774,1,vs. NO,4 out of 5 stars,,
Kyren Williams,LAR,RB,FLX,15,461,7.757,1,vs. SF,4 out of 5 stars,,
Jaxon Smith-Njigba,SEA,WR,FLX,16,461,7.74,1,vs. NE,5 out of 5 stars,,
Kenneth Walker III,KC,RB,FLX,17,461,7.722,1,vs. DEN,2 out of 5 stars,,
D'Andre Swift,CHI,RB,FLX,18,461,7.705,1,at CAR,4 out of 5 stars,,
Ashton Jeanty,LV,RB,FLX,19,461,7.688,1,vs. MIA,4 out of 5 stars,,
Travis Etienne Jr.,NO,RB,FLX,20,461,7.67,1,at DET,3 out of 5 stars,,
Breece Hall,NYJ,RB,FLX,21,461,7.653,1,at TEN,5 out of 5 stars,,
CeeDee Lamb,DAL,WR,FLX,22,461,7.636,1,at NYG,2 out of 5 stars,,
Bucky Irving,TB,RB,FLX,23,461,7.618,1,at CIN,4 out of 5 stars,,
David Montgomery,HOU,RB,FLX,24,461,7.601,1,vs. BUF,5 out of 5 stars,,
Rhamondre Stevenson,NE,RB,FLX,25,461,7.584,1,at SEA,1 out of 5 stars,,
Cam Skattebo,NYG,RB,FLX,26,461,7.566,1,vs. DAL,5 out of 5 stars,,
Justin Jefferson,MIN,WR,FLX,27,461,7.549,1,vs. GB,3 out of 5 stars,,
Nico Collins,HOU,WR,FLX,28,461,7.531,1,vs. BUF,3 out of 5 stars,,
Chris Olave,NO,WR,FLX,29,461,7.514,1,at DET,4 out of 5 stars,,
George Pickens,DAL,WR,FLX,30,461,7.497,1,at NYG,2 out of 5 stars,,
Quinshon Judkins,CLE,RB,FLX,31,461,7.479,1,at JAC,2 out of 5 stars,,
Jadarian Price,SEA,RB,FLX,32,461,7.462,1,vs. NE,1 out of 5 stars,,
A.J. Brown,NE,WR,FLX,33,461,7.445,1,at SEA,1 out of 5 stars,,
Drake London,ATL,WR,FLX,34,461,7.427,1,at PIT,2 out of 5 stars,,
Jeremiyah Love,ARI,RB,FLX,35,461,7.41,1,at LAC,2 out of 5 stars,,
Zay Flowers,BAL,WR,FLX,36,461,7.393,1,at IND,3 out of 5 stars,,
DeVonta Smith,PHI,WR,FLX,37,461,7.375,1,vs. WAS,5 out of 5 stars,,
Bhayshul Tuten,JAC,RB,FLX,38,461,7.358,1,vs. CLE,1 out of 5 stars,,
Tee Higgins,CIN,WR,FLX,39,461,7.341,1,vs. TB,2 out of 5 stars,,
Jaylen Warren,PIT,RB,FLX,40,461,7.323,1,vs. ATL,3 out of 5 stars,,
Tetairoa McMillan,CAR,WR,FLX,41,461,7.306,1,vs. CHI,4 out of 5 stars,,
Davante Adams,LAR,WR,FLX,42,461,7.289,1,vs. SF,4 out of 5 stars,,
Rashee Rice,KC,WR,FLX,43,461,7.271,1,vs. DEN,1 out of 5 stars,,
Tony Pollard,TEN,RB,FLX,44,461,7.254,1,vs. NYJ,5 out of 5 stars,,
Ladd McConkey,LAC,WR,FLX,45,461,7.236,1,vs. ARI,3 out of 5 stars,,
Rico Dowdle,PIT,RB,FLX,46,461,7.219,1,vs. ATL,3 out of 5 stars,,
MarShawn Lloyd,GB,RB,FLX,47,461,7.202,1,at MIN,2 out of 5 stars,,
Jameson Williams,DET,WR,FLX,48,461,7.184,1,vs. NO,4 out of 5 stars,,
J.K. Dobbins,DEN,RB,FLX,49,461,7.167,1,at KC,1 out of 5 stars,,
Jaylen Waddle,DEN,WR,FLX,50,461,7.15,1,at KC,2 out of 5 stars,,
Malik Nabers,NYG,WR,FLX,51,461,7.132,1,vs. DAL,5 out of 5 stars,,
Garrett Wilson,NYJ,WR,FLX,52,461,7.115,1,at TEN,4 out of 5 stars,,
Emeka Egbuka,TB,WR,FLX,53,461,7.098,1,at CIN,4 out of 5 stars,,
Christian Watson,GB,WR,FLX,54,461,7.08,1,at MIN,1 out of 5 stars,,
Chuba Hubbard,CAR,RB,FLX,55,461,7.063,1,vs. CHI,3 out of 5 stars,,
Trey McBride,ARI,TE,FLX,56,461,7.046,1,at LAC,4 out of 5 stars,,
Colston Loveland,CHI,TE,FLX,57,461,7.028,1,at CAR,3 out of 5 stars,,
Rome Odunze,CHI,WR,FLX,58,461,7.011,1,at CAR,2 out of 5 stars,,
Luther Burden III,CHI,WR,FLX,59,461,6.993,1,at CAR,2 out of 5 stars,,
Jordan Mason,MIN,RB,FLX,60,461,6.976,1,vs. GB,3 out of 5 stars,,
Terry McLaurin,WAS,WR,FLX,61,461,6.959,1,at PHI,1 out of 5 stars,,
Parker Washington,JAC,WR,FLX,62,461,6.941,1,vs. CLE,5 out of 5 stars,,
Mike Evans,SF,WR,FLX,63,461,6.924,1,at LAR,3 out of 5 stars,,
Jacory Croskey-Merritt,WAS,RB,FLX,64,461,6.907,1,at PHI,2 out of 5 stars,,
Blake Corum,LAR,RB,FLX,65,461,6.889,1,vs. SF,4 out of 5 stars,,
DK Metcalf,PIT,WR,FLX,66,461,6.872,1,vs. ATL,5 out of 5 stars,,
DJ Moore,BUF,WR,FLX,67,461,6.855,1,at HOU,2 out of 5 stars,,
Tyler Warren,IND,TE,FLX,68,461,6.837,1,vs. BAL,2 out of 5 stars,,
Jonathon Brooks,CAR,RB,FLX,69,461,6.82,1,vs. CHI,3 out of 5 stars,,
Tucker Kraft,GB,TE,FLX,70,461,6.803,1,at MIN,2 out of 5 stars,,
Marvin Harrison Jr.,ARI,WR,FLX,71,461,6.785,1,at LAC,1 out of 5 stars,,
Chris Rodriguez Jr.,JAC,RB,FLX,72,461,6.768,1,vs. CLE,1 out of 5 stars,,
Quentin Johnston,LAC,WR,FLX,73,461,6.751,1,vs. ARI,3 out of 5 stars,,
Chris Godwin Jr.,TB,WR,FLX,74,461,6.733,1,at CIN,4 out of 5 stars,,
Courtland Sutton,DEN,WR,FLX,75,461,6.716,1,at KC,2 out of 5 stars,,
Sam LaPorta,DET,TE,FLX,76,461,6.698,1,vs. NO,1 out of 5 stars,,
Kenny Gainwell,TB,RB,FLX,77,461,6.681,1,at CIN,4 out of 5 stars,,
Brian Thomas Jr.,JAC,WR,FLX,78,461,6.664,1,vs. CLE,5 out of 5 stars,,
Rachaad White,WAS,RB,FLX,79,461,6.646,1,at PHI,2 out of 5 stars,,
Aaron Jones Sr.,MIN,RB,FLX,80,461,6.629,1,vs. GB,3 out of 5 stars,,
Carnell Tate,TEN,WR,FLX,81,461,6.612,1,vs. NYJ,5 out of 5 stars,,
Kyle Pitts Sr.,ATL,TE,FLX,82,461,6.594,1,at PIT,4 out of 5 stars,,
Michael Wilson,ARI,WR,FLX,83,461,6.577,1,at LAC,1 out of 5 stars,,
Jordan Addison,MIN,WR,FLX,84,461,6.56,1,vs. GB,3 out of 5 stars,,
Jayden Reed,GB,WR,FLX,85,461,6.542,1,at MIN,1 out of 5 stars,,
Dallas Goedert,PHI,TE,FLX,86,461,6.525,1,vs. WAS,5 out of 5 stars,,
RJ Harvey,DEN,RB,FLX,87,461,6.508,1,at KC,1 out of 5 stars,,
Michael Pittman Jr.,PIT,WR,FLX,88,461,6.49,1,vs. ATL,5 out of 5 stars,,
Harold Fannin Jr.,CLE,TE,FLX,89,461,6.473,1,at JAC,2 out of 5 stars,,
Josh Downs,IND,WR,FLX,90,461,6.456,1,vs. BAL,3 out of 5 stars,,
Tyler Allgeier,ARI,RB,FLX,91,461,6.438,1,at LAC,2 out of 5 stars,,
Jakobi Meyers,JAC,WR,FLX,92,461,6.421,1,vs. CLE,5 out of 5 stars,,
Alec Pierce,IND,WR,FLX,93,461,6.403,1,vs. BAL,3 out of 5 stars,,
Wan'Dale Robinson,TEN,WR,FLX,94,461,6.386,1,vs. NYJ,5 out of 5 stars,,
Kyle Monangai,CHI,RB,FLX,95,461,6.369,1,at CAR,4 out of 5 stars,,
Jalen Coker,CAR,WR,FLX,96,461,6.351,1,vs. CHI,4 out of 5 stars,,
Isaiah Likely,NYG,TE,FLX,97,461,6.334,1,vs. DAL,5 out of 5 stars,,
Romeo Doubs,NE,WR,FLX,98,461,6.317,1,at SEA,1 out of 5 stars,,
Juwan Johnson,NO,TE,FLX,99,461,6.299,1,at DET,2 out of 5 stars,,
Matthew Golden,GB,WR,FLX,100,461,6.282,1,at MIN,1 out of 5 stars,,
Travis Kelce,KC,TE,FLX,101,461,6.265,1,vs. DEN,3 out of 5 stars,,
Mark Andrews,BAL,TE,FLX,102,461,6.247,1,at IND,5 out of 5 stars,,
Stefon Diggs,WAS,WR,FLX,103,461,6.23,1,at PHI,1 out of 5 stars,,
KC Concepcion,CLE,WR,FLX,104,461,6.213,1,at JAC,1 out of 5 stars,,
Xavier Worthy,KC,WR,FLX,105,461,6.195,1,vs. DEN,1 out of 5 stars,,
Dalton Kincaid,BUF,TE,FLX,106,461,6.178,1,at HOU,2 out of 5 stars,,
Tre Tucker,LV,WR,FLX,107,461,6.161,1,vs. MIA,5 out of 5 stars,,
Woody Marks,HOU,RB,FLX,108,461,6.143,1,vs. BUF,5 out of 5 stars,,
De'Zhaun Stribling,SF,WR,FLX,109,461,6.126,1,at LAR,3 out of 5 stars,,
Khalil Shakir,BUF,WR,FLX,110,461,6.108,1,at HOU,2 out of 5 stars,,
Mike Washington Jr.,LV,RB,FLX,111,461,6.091,1,vs. MIA,4 out of 5 stars,,
Rashid Shaheed,SEA,WR,FLX,112,461,6.074,1,vs. NE,5 out of 5 stars,,
Makai Lemon,PHI,WR,FLX,113,461,6.056,1,vs. WAS,5 out of 5 stars,,
Tyjae Spears,TEN,RB,FLX,114,461,6.039,1,vs. NYJ,5 out of 5 stars,,
Jake Ferguson,DAL,TE,FLX,115,461,6.022,1,at NYG,1 out of 5 stars,,
Deebo Samuel Sr.,SF,WR,FLX,116,461,6.004,1,at LAR,3 out of 5 stars,,
Hunter Henry,NE,TE,FLX,117,461,5.987,1,at SEA,3 out of 5 stars,,
Jalen Nailor,LV,WR,FLX,118,461,5.97,1,vs. MIA,5 out of 5 stars,,
Adonai Mitchell,NYJ,WR,FLX,119,461,5.952,1,at TEN,4 out of 5 stars,,
Brenton Strange,JAC,TE,FLX,120,461,5.935,1,vs. CLE,1 out of 5 stars,,
Kayshon Boutte,HOU,WR,FLX,121,461,5.918,1,vs. BUF,3 out of 5 stars,,
Dalton Schultz,HOU,TE,FLX,122,461,5.9,1,vs. BUF,4 out of 5 stars,,
George Kittle,SF,TE,FLX,123,461,5.883,1,at LAR,1 out of 5 stars,,
Denzel Boston,CLE,WR,FLX,124,461,5.866,1,at JAC,1 out of 5 stars,,
Jalen McMillan,TB,WR,FLX,125,461,5.848,1,at CIN,4 out of 5 stars,,
Dontayvion Wicks,PHI,WR,FLX,126,461,5.831,1,vs. WAS,5 out of 5 stars,,
Jerry Jeudy,CLE,WR,FLX,127,461,5.813,1,at JAC,1 out of 5 stars,,
Keaton Mitchell,LAC,RB,FLX,128,461,5.796,1,vs. ARI,5 out of 5 stars,,
Brian Robinson Jr.,ATL,RB,FLX,129,461,5.779,1,at PIT,1 out of 5 stars,,
Jauan Jennings,MIN,WR,FLX,130,461,5.761,1,vs. GB,3 out of 5 stars,,
T.J. Hockenson,MIN,TE,FLX,131,461,5.744,1,vs. GB,4 out of 5 stars,,
Devaughn Vele,NO,WR,FLX,132,461,5.727,1,at DET,4 out of 5 stars,,
George Holani,SEA,RB,FLX,133,461,5.709,1,vs. NE,1 out of 5 stars,,
Keenan Allen,IND,WR,FLX,134,461,5.692,1,vs. BAL,3 out of 5 stars,,
Tank Bigsby,PHI,RB,FLX,135,461,5.675,1,vs. WAS,5 out of 5 stars,,
AJ Barner,SEA,TE,FLX,136,461,5.657,1,vs. NE,4 out of 5 stars,,
Chig Okonkwo,WAS,TE,FLX,137,461,5.64,1,at PHI,1 out of 5 stars,,
Dylan Sampson,CLE,RB,FLX,138,461,5.623,1,at JAC,2 out of 5 stars,,
Terrance Ferguson,LAR,TE,FLX,139,461,5.605,1,vs. SF,2 out of 5 stars,,
Cooper Kupp,SEA,WR,FLX,140,461,5.588,1,vs. NE,5 out of 5 stars,,
Cade Otton,TB,TE,FLX,141,461,5.57,1,at CIN,5 out of 5 stars,,
Braelon Allen,NYJ,RB,FLX,142,461,5.553,1,at TEN,5 out of 5 stars,,
Malik Washington,MIA,WR,FLX,143,461,5.536,1,at LV,4 out of 5 stars,,
Greg Dulcich,MIA,TE,FLX,144,461,5.518,1,at LV,4 out of 5 stars,,
Ja'Kobi Lane,BAL,WR,FLX,145,461,5.501,1,at IND,3 out of 5 stars,,
Tre' Harris,LAC,WR,FLX,146,461,5.484,1,vs. ARI,3 out of 5 stars,,
Pat Freiermuth,PIT,TE,FLX,147,461,5.466,1,vs. ATL,1 out of 5 stars,,
Calvin Ridley,TEN,WR,FLX,148,461,5.449,1,vs. NYJ,5 out of 5 stars,,
Jonah Coleman,DEN,RB,FLX,149,461,5.432,1,at KC,1 out of 5 stars,,
Gunnar Helm,TEN,TE,FLX,150,461,5.414,1,vs. NYJ,4 out of 5 stars,,
Rashod Bateman,BAL,WR,FLX,151,461,5.397,1,at IND,3 out of 5 stars,,
Emmett Johnson,KC,RB,FLX,152,461,5.38,1,vs. DEN,2 out of 5 stars,,
Tyrone Tracy Jr.,NYG,RB,FLX,153,461,5.362,1,vs. DAL,5 out of 5 stars,,
Kimani Vidal,LAC,RB,FLX,154,461,5.345,1,vs. ARI,5 out of 5 stars,,
Ryan Flournoy,DAL,WR,FLX,155,461,5.328,1,at NYG,2 out of 5 stars,,
Colby Parkinson,LAR,TE,FLX,156,461,5.31,1,vs. SF,2 out of 5 stars,,
Justice Hill,BAL,RB,FLX,157,461,5.293,1,at IND,3 out of 5 stars,,
Pat Bryant,DEN,WR,FLX,158,461,5.275,1,at KC,2 out of 5 stars,,
Darnell Mooney,NYG,WR,FLX,159,461,5.258,1,vs. DAL,5 out of 5 stars,,
Oronde Gadsden II,LAC,TE,FLX,160,461,5.241,1,vs. ARI,5 out of 5 stars,,
Evan Engram,DEN,TE,FLX,161,461,5.223,1,at KC,3 out of 5 stars,,
Chris Brooks,GB,RB,FLX,162,461,5.206,1,at MIN,2 out of 5 stars,,
Omar Cooper Jr.,NYJ,WR,FLX,163,461,5.189,1,at TEN,4 out of 5 stars,,
Isaac TeSlaa,DET,WR,FLX,164,461,5.171,1,vs. NO,4 out of 5 stars,,
Malachi Fields,NYG,WR,FLX,165,461,5.154,1,vs. DAL,5 out of 5 stars,,
Samaje Perine,CIN,RB,FLX,166,461,5.137,1,vs. TB,4 out of 5 stars,,
Kenyon Sadiq,NYJ,TE,FLX,167,461,5.119,1,at TEN,5 out of 5 stars,,
David Njoku,LAC,TE,FLX,168,461,5.102,1,vs. ARI,5 out of 5 stars,,
Caleb Douglas,MIA,WR,FLX,169,461,5.085,1,at LV,4 out of 5 stars,,
Jaylin Noel,HOU,WR,FLX,170,461,5.067,1,vs. BUF,3 out of 5 stars,,
Chris Bell,MIA,WR,FLX,171,461,5.05,1,at LV,4 out of 5 stars,,
Sean Tucker,TB,RB,FLX,172,461,5.033,1,at CIN,4 out of 5 stars,,
Tyquan Thornton,KC,WR,FLX,173,461,5.015,1,vs. DEN,1 out of 5 stars,,
Ted Hurst III,TB,WR,FLX,174,461,4.998,1,at CIN,4 out of 5 stars,,
Ray Davis,BUF,RB,FLX,175,461,4.98,1,at HOU,4 out of 5 stars,,
Germie Bernard,PIT,WR,FLX,176,461,4.963,1,vs. ATL,5 out of 5 stars,,
Malik Davis,DAL,RB,FLX,177,461,4.946,1,at NYG,5 out of 5 stars,,
Emanuel Wilson,SEA,RB,FLX,178,461,4.928,1,vs. NE,1 out of 5 stars,,
Zachariah Branch,ATL,WR,FLX,179,461,4.911,1,at PIT,2 out of 5 stars,,
Kaelon Black,SF,RB,FLX,180,461,4.894,1,at LAR,1 out of 5 stars,,
Darren Waller,CAR,TE,FLX,181,461,4.876,1,vs. CHI,3 out of 5 stars,,
Michael Mayer,LV,TE,FLX,182,461,4.859,1,vs. MIA,3 out of 5 stars,,
Keon Coleman,BUF,WR,FLX,183,461,4.842,1,at HOU,2 out of 5 stars,,
Jake Tonges,SF,TE,FLX,184,461,4.824,1,at LAR,1 out of 5 stars,,
Jaylen Wright,MIA,RB,FLX,185,461,4.807,1,at LV,4 out of 5 stars,,
Troy Franklin,DEN,WR,FLX,186,461,4.79,1,at KC,2 out of 5 stars,,
Mike Gesicki,CIN,TE,FLX,187,461,4.772,1,vs. TB,5 out of 5 stars,,
Kaleb Johnson,GB,RB,FLX,188,461,4.755,1,at MIN,2 out of 5 stars,,
Najee Harris,NYG,RB,FLX,189,461,4.738,1,vs. DAL,5 out of 5 stars,,
Elic Ayomanor,TEN,WR,FLX,190,461,4.72,1,vs. NYJ,5 out of 5 stars,,
Xavier Legette,CAR,WR,FLX,191,461,4.703,1,vs. CHI,4 out of 5 stars,,
Andrei Iosivas,CIN,WR,FLX,192,461,4.685,1,vs. TB,2 out of 5 stars,,
Jack Bech,LV,WR,FLX,193,461,4.668,1,vs. MIA,5 out of 5 stars,,
Antonio Williams,WAS,WR,FLX,194,461,4.651,1,at PHI,1 out of 5 stars,,
Travis Hunter,JAC,WR,FLX,195,461,4.633,1,vs. CLE,5 out of 5 stars,,
Ty Johnson,BUF,RB,FLX,196,461,4.616,1,at HOU,4 out of 5 stars,,
Ollie Gordon II,MIA,RB,FLX,197,461,4.599,1,at LV,4 out of 5 stars,,
Marvin Mims Jr.,DEN,WR,FLX,198,461,4.581,1,at KC,2 out of 5 stars,,
Chimere Dike,TEN,WR,FLX,199,461,4.564,1,vs. NYJ,5 out of 5 stars,,
Nicholas Singleton,TEN,RB,FLX,200,461,4.547,1,vs. NYJ,5 out of 5 stars,,
Kendre Miller,NO,RB,FLX,201,461,4.529,1,at DET,3 out of 5 stars,,
Kaytron Allen,WAS,RB,FLX,202,461,4.512,1,at PHI,2 out of 5 stars,,
Jalen Tolbert,MIA,WR,FLX,203,461,4.495,1,at LV,4 out of 5 stars,,
Isaiah Davis,NYJ,RB,FLX,204,461,4.477,1,at TEN,5 out of 5 stars,,
Seth McGowan,IND,RB,FLX,205,461,4.46,1,vs. BAL,3 out of 5 stars,,
DeMario Douglas,NE,WR,FLX,206,461,4.443,1,at SEA,1 out of 5 stars,,
Kendrick Bourne,ARI,WR,FLX,207,461,4.425,1,at LAC,1 out of 5 stars,,
Hollywood Brown,PHI,WR,FLX,208,461,4.408,1,vs. WAS,5 out of 5 stars,,
KaVontae Turpin,DAL,WR,FLX,209,461,4.39,1,at NYG,2 out of 5 stars,,
Cyrus Allen,KC,WR,FLX,210,461,4.373,1,vs. DEN,1 out of 5 stars,,
Brashard Smith,KC,RB,FLX,211,461,4.356,1,vs. DEN,2 out of 5 stars,,
Jahan Dotson,ATL,WR,FLX,212,461,4.338,1,at PIT,2 out of 5 stars,,
Demond Claiborne,MIN,RB,FLX,213,461,4.321,1,vs. GB,3 out of 5 stars,,
Alvin Kamara,NO,RB,FLX,214,461,4.304,1,at DET,3 out of 5 stars,,
Jordan James,SF,RB,FLX,215,461,4.286,1,at LAR,1 out of 5 stars,,
LeQuint Allen Jr.,JAC,RB,FLX,216,461,4.269,1,vs. CLE,1 out of 5 stars,,
Kyle Williams,NE,WR,FLX,217,461,4.252,1,at SEA,1 out of 5 stars,,
Devin Singletary,NYG,RB,FLX,218,461,4.234,1,vs. DAL,5 out of 5 stars,,
Elijah Sarratt,BAL,WR,FLX,219,461,4.217,1,at IND,3 out of 5 stars,,
DJ Giddens,IND,RB,FLX,220,461,4.2,1,vs. BAL,3 out of 5 stars,,
Skyler Bell,BUF,WR,FLX,221,461,4.182,1,at HOU,2 out of 5 stars,,
Emari Demercado,DAL,RB,FLX,222,461,4.165,1,at NYG,5 out of 5 stars,,
Bryce Lance,NO,WR,FLX,223,461,4.148,1,at DET,4 out of 5 stars,,
Tutu Atwell,LAR,WR,FLX,224,461,4.13,1,vs. SF,4 out of 5 stars,,
Bam Knight,ARI,RB,FLX,225,461,4.113,1,at LAC,2 out of 5 stars,,
Audric Estime,NO,RB,FLX,226,461,4.095,1,at DET,3 out of 5 stars,,
Jacob Saylors,DET,RB,FLX,227,461,4.078,1,vs. NO,2 out of 5 stars,,
Raheim Sanders,CLE,RB,FLX,228,461,4.061,1,at JAC,2 out of 5 stars,,
Eli Heidenreich,PIT,RB,FLX,229,461,4.043,1,vs. ATL,3 out of 5 stars,,
Darnell Washington,PIT,TE,FLX,230,461,4.026,1,vs. ATL,1 out of 5 stars,,
Tahj Brooks,CIN,RB,FLX,231,461,4.009,1,vs. TB,4 out of 5 stars,,
Kyle Juszczyk,SF,RB,FLX,232,461,3.991,1,at LAR,1 out of 5 stars,,
Jaydon Blue,PHI,RB,FLX,233,461,3.974,1,vs. WAS,5 out of 5 stars,,
Theo Johnson,NYG,TE,FLX,234,461,3.957,1,vs. DAL,5 out of 5 stars,,
Roschon Johnson,CHI,RB,FLX,235,461,3.939,1,at CAR,4 out of 5 stars,,
Darius Slayton,FA,WR,FLX,236,461,3.922,1,-,-,,
Josh Jacobs,GB,RB,FLX,237,461,3.905,1,at MIN,2 out of 5 stars,,
Corey Kiner,NE,RB,FLX,238,461,3.887,1,at SEA,1 out of 5 stars,,
Charlie Kolar,LAC,TE,FLX,239,461,3.87,1,vs. ARI,5 out of 5 stars,,
Mason Taylor,NYJ,TE,FLX,240,461,3.852,1,at TEN,5 out of 5 stars,,
J'Mari Taylor,JAC,RB,FLX,241,461,3.835,1,vs. CLE,1 out of 5 stars,,
Jaleel McLaughlin,CLE,RB,FLX,242,461,3.818,1,at JAC,2 out of 5 stars,,
Dylan Laube,LV,RB,FLX,243,461,3.8,1,vs. MIA,4 out of 5 stars,,
Jawhar Jordan,HOU,RB,FLX,244,461,3.783,1,vs. BUF,5 out of 5 stars,,
Will Shipley,PHI,RB,FLX,245,461,3.766,1,vs. WAS,5 out of 5 stars,,
Ashton Dulin,IND,WR,FLX,246,461,3.748,1,vs. BAL,3 out of 5 stars,,
Rasheen Ali,BAL,RB,FLX,247,461,3.731,1,at IND,3 out of 5 stars,,
Mack Hollins,NE,WR,FLX,248,461,3.714,1,at SEA,1 out of 5 stars,,
Cole Kmet,CHI,TE,FLX,249,461,3.696,1,at CAR,3 out of 5 stars,,
Elijah Arroyo,SEA,TE,FLX,250,461,3.679,1,vs. NE,4 out of 5 stars,,
Tez Johnson,TB,WR,FLX,251,461,3.662,1,at CIN,4 out of 5 stars,,
Xavier Hutchinson,HOU,WR,FLX,252,461,3.644,1,vs. BUF,3 out of 5 stars,,
Olamide Zaccheaus,ATL,WR,FLX,253,461,3.627,1,at PIT,2 out of 5 stars,,
Tyler Higbee,LAR,TE,FLX,254,461,3.61,1,vs. SF,2 out of 5 stars,,
Roman Wilson,PIT,WR,FLX,255,461,3.592,1,vs. ATL,5 out of 5 stars,,
Noah Gray,KC,TE,FLX,256,461,3.575,1,vs. DEN,3 out of 5 stars,,
Dawson Knox,BUF,TE,FLX,257,461,3.557,1,at HOU,2 out of 5 stars,,
Joshua Palmer,BUF,WR,FLX,258,461,3.54,1,at HOU,2 out of 5 stars,,
Barion Brown,NO,WR,FLX,259,461,3.523,1,at DET,4 out of 5 stars,,
Noah Fant,NO,TE,FLX,260,461,3.505,1,at DET,2 out of 5 stars,,
Treylon Burks,WAS,WR,FLX,261,461,3.488,1,at PHI,1 out of 5 stars,,
Devin Neal,FA,RB,FLX,262,461,3.471,1,-,-,,
Erick All Jr.,CIN,TE,FLX,263,461,3.453,1,vs. TB,5 out of 5 stars,,
Kalif Raymond,CHI,WR,FLX,264,461,3.436,1,at CAR,2 out of 5 stars,,
Malik Benson,LV,WR,FLX,265,461,3.419,1,vs. MIA,5 out of 5 stars,,
Daniel Bellinger,TEN,TE,FLX,266,461,3.401,1,vs. NYJ,4 out of 5 stars,,
Eli Stowers,PHI,TE,FLX,267,461,3.384,1,vs. WAS,5 out of 5 stars,,
Jarquez Hunter,FA,RB,FLX,268,461,3.367,1,-,-,,
Odell Beckham Jr.,NYG,WR,FLX,269,461,3.349,1,vs. DAL,5 out of 5 stars,,
Brenen Thompson,LAC,WR,FLX,270,461,3.332,1,vs. ARI,3 out of 5 stars,,
Sione Vaki,DET,RB,FLX,271,461,3.315,1,vs. NO,2 out of 5 stars,,
Zavion Thomas,CHI,WR,FLX,272,461,3.297,1,at CAR,2 out of 5 stars,,
Eli Raridon,NE,TE,FLX,273,461,3.28,1,at SEA,3 out of 5 stars,,
Isaiah Williams,NYJ,WR,FLX,274,461,3.262,1,at TEN,4 out of 5 stars,,
Isaiah Bond,CLE,WR,FLX,275,461,3.245,1,at JAC,1 out of 5 stars,,
Demarcus Robinson,SF,WR,FLX,276,461,3.228,1,at LAR,3 out of 5 stars,,
Ja'Tavion Sanders,CAR,TE,FLX,277,461,3.21,1,vs. CHI,3 out of 5 stars,,
Elijah Higgins,ARI,TE,FLX,278,461,3.193,1,at LAC,4 out of 5 stars,,
Josh Oliver,MIN,TE,FLX,279,461,3.176,1,vs. GB,4 out of 5 stars,,
Devontez Walker,BAL,WR,FLX,280,461,3.158,1,at IND,3 out of 5 stars,,
Luke McCaffrey,WAS,WR,FLX,281,461,3.141,1,at PHI,1 out of 5 stars,,
Oscar Delp,NO,TE,FLX,282,461,3.124,1,at DET,2 out of 5 stars,,
Tommy Tremble,CAR,TE,FLX,283,461,3.106,1,vs. CHI,3 out of 5 stars,,
Austin Hooper,ATL,TE,FLX,284,461,3.089,1,at PIT,4 out of 5 stars,,
Konata Mumpfield,LAR,WR,FLX,285,461,3.072,1,vs. SF,4 out of 5 stars,,
Jordan Whittington,LAR,WR,FLX,286,461,3.054,1,vs. SF,4 out of 5 stars,,
Jonnu Smith,GB,TE,FLX,287,461,3.037,1,at MIN,2 out of 5 stars,,
Kevin Coleman Jr.,MIA,WR,FLX,288,461,3.02,1,at LV,4 out of 5 stars,,
Hunter Luepke,DAL,RB,FLX,289,461,3.002,1,at NYG,5 out of 5 stars,,
Colbie Young,CIN,WR,FLX,290,461,2.985,1,vs. TB,2 out of 5 stars,,
Matt Hibner,BAL,TE,FLX,291,461,2.967,1,at IND,5 out of 5 stars,,
Drew Sample,CIN,TE,FLX,292,461,2.95,1,vs. TB,5 out of 5 stars,,
Brock Wright,DET,TE,FLX,293,461,2.933,1,vs. NO,1 out of 5 stars,,
Jimmy Horn Jr.,CAR,WR,FLX,294,461,2.915,1,vs. CHI,4 out of 5 stars,,
John Metchie III,CAR,WR,FLX,295,461,2.898,1,vs. CHI,4 out of 5 stars,,
Xavier Smith,LAR,WR,FLX,296,461,2.881,1,vs. SF,4 out of 5 stars,,
AJ Dillon,CAR,RB,FLX,297,461,2.863,1,vs. CHI,3 out of 5 stars,,
Adam Trautman,DEN,TE,FLX,298,461,2.846,1,at KC,3 out of 5 stars,,
Jahdae Walker,CHI,WR,FLX,299,461,2.829,1,at CAR,2 out of 5 stars,,
Jalen Royals,KC,WR,FLX,300,461,2.811,1,vs. DEN,1 out of 5 stars,,
Will Kacmarek,MIA,TE,FLX,301,461,2.794,1,at LV,4 out of 5 stars,,
Mitchell Evans,CAR,TE,FLX,302,461,2.777,1,vs. CHI,3 out of 5 stars,,
Foster Moreau,HOU,TE,FLX,303,461,2.759,1,vs. BUF,4 out of 5 stars,,
Tai Felton,MIN,WR,FLX,304,461,2.742,1,vs. GB,3 out of 5 stars,,
Nate Boerkircher,JAC,TE,FLX,305,461,2.725,1,vs. CLE,1 out of 5 stars,,
Durham Smythe,BAL,TE,FLX,306,461,2.707,1,at IND,5 out of 5 stars,,
Jackson Hawes,BUF,TE,FLX,307,461,2.69,1,at HOU,2 out of 5 stars,,
Luke Schoonmaker,DAL,TE,FLX,308,461,2.672,1,at NYG,1 out of 5 stars,,
Ben Sinnott,WAS,TE,FLX,309,461,2.655,1,at PHI,1 out of 5 stars,,
John Bates,WAS,TE,FLX,310,461,2.638,1,at PHI,1 out of 5 stars,,
Dyami Brown,WAS,WR,FLX,311,461,2.62,1,at PHI,1 out of 5 stars,,
Mo Alie-Cox,IND,TE,FLX,312,461,2.603,1,vs. BAL,2 out of 5 stars,,
Marlin Klein,HOU,TE,FLX,313,461,2.586,1,vs. BUF,4 out of 5 stars,,
Davis Allen,LAR,TE,FLX,314,461,2.568,1,vs. SF,2 out of 5 stars,,
Tanner Koziol,JAC,TE,FLX,315,461,2.551,1,vs. CLE,1 out of 5 stars,,
Tay Martin,DET,WR,FLX,316,461,2.534,1,vs. NO,4 out of 5 stars,,
Josh Whyle,GB,TE,FLX,317,461,2.516,1,at MIN,2 out of 5 stars,,
Skyy Moore,GB,WR,FLX,318,461,2.499,1,at MIN,1 out of 5 stars,,
Cade Stover,HOU,TE,FLX,319,461,2.482,1,vs. BUF,4 out of 5 stars,,
Elijah Moore,PHI,WR,FLX,320,461,2.464,1,vs. WAS,5 out of 5 stars,,
Jeremy Ruckert,NYJ,TE,FLX,321,461,2.447,1,at TEN,5 out of 5 stars,,
Brevyn Spann-Ford,DAL,TE,FLX,322,461,2.43,1,at NYG,1 out of 5 stars,,
Jaylin Lane,WAS,WR,FLX,323,461,2.412,1,at PHI,1 out of 5 stars,,
Dohnte Meyers,CIN,WR,FLX,324,461,2.395,1,vs. TB,2 out of 5 stars,,
British Brooks,HOU,RB,FLX,325,461,2.377,1,vs. BUF,5 out of 5 stars,,
Bo Melton,GB,WR,FLX,326,461,2.36,1,at MIN,1 out of 5 stars,,
Deion Burks,IND,WR,FLX,327,461,2.343,1,vs. BAL,3 out of 5 stars,,
Jonathan Mingo,DAL,WR,FLX,328,461,2.325,1,at NYG,2 out of 5 stars,,
Jack Endries,CIN,TE,FLX,329,461,2.308,1,vs. TB,5 out of 5 stars,,
Ronnie Rivers,LAR,RB,FLX,330,461,2.291,1,vs. SF,4 out of 5 stars,,
Payne Durham,TB,TE,FLX,331,461,2.273,1,at CIN,5 out of 5 stars,,
Hunter Long,ARI,TE,FLX,332,461,2.256,1,at LAC,4 out of 5 stars,,
Alec Ingold,LAC,RB,FLX,333,461,2.239,1,vs. ARI,5 out of 5 stars,,
CJ Daniels,LAR,WR,FLX,334,461,2.221,1,vs. SF,4 out of 5 stars,,
Jared Wayne,HOU,WR,FLX,335,461,2.204,1,vs. BUF,3 out of 5 stars,,
Max Klare,LAR,TE,FLX,336,461,2.187,1,vs. SF,2 out of 5 stars,,
Brycen Tremayne,CAR,WR,FLX,337,461,2.169,1,vs. CHI,4 out of 5 stars,,
Nate Adkins,DEN,TE,FLX,338,461,2.152,1,at KC,3 out of 5 stars,,
Jalen Brooks,ARI,WR,FLX,339,461,2.134,1,at LAC,1 out of 5 stars,,
Patrick Ricard,NYG,RB,FLX,340,461,2.117,1,vs. DAL,5 out of 5 stars,,
Sam Roush,CHI,TE,FLX,341,461,2.1,1,at CAR,3 out of 5 stars,,
KeAndre Lambert-Smith,LAC,WR,FLX,342,461,2.082,1,vs. ARI,3 out of 5 stars,,
Ameer Abdullah,JAC,RB,FLX,343,461,2.065,1,vs. CLE,1 out of 5 stars,,
Tim Patrick,NYJ,WR,FLX,344,461,2.048,1,at TEN,4 out of 5 stars,,
Kevin Austin Jr.,NO,WR,FLX,345,461,2.03,1,at DET,4 out of 5 stars,,
Johnny Mundt,PHI,TE,FLX,346,461,2.013,1,vs. WAS,5 out of 5 stars,,
Reggie Gilliam,NE,RB,FLX,347,461,1.996,1,at SEA,1 out of 5 stars,,
Blake Whiteheart,CLE,TE,FLX,348,461,1.978,1,at JAC,2 out of 5 stars,,
Ian Thomas,LV,TE,FLX,349,461,1.961,1,vs. MIA,3 out of 5 stars,,
Lil'Jordan Humphrey,DEN,WR,FLX,350,461,1.944,1,at KC,2 out of 5 stars,,
Luke Farrell,SF,TE,FLX,351,461,1.926,1,at LAR,1 out of 5 stars,,
Justin Joly,MIA,TE,FLX,352,461,1.909,1,at LV,4 out of 5 stars,,
Carsen Ryan,CLE,TE,FLX,353,461,1.892,1,at JAC,2 out of 5 stars,,
Malachi Corley,CLE,WR,FLX,354,461,1.874,1,at JAC,1 out of 5 stars,,
Drew Ogletree,IND,TE,FLX,355,461,1.857,1,vs. BAL,2 out of 5 stars,,
Josh Cameron,JAC,WR,FLX,356,461,1.839,1,vs. CLE,5 out of 5 stars,,
Ben Skowronek,PIT,WR,FLX,357,461,1.822,1,vs. ATL,5 out of 5 stars,,
Kaden Wetjen,PIT,WR,FLX,358,461,1.805,1,vs. ATL,5 out of 5 stars,,
Seydou Traore,MIA,TE,FLX,359,461,1.787,1,at LV,4 out of 5 stars,,
Eric Saubert,SEA,TE,FLX,360,461,1.77,1,vs. NE,4 out of 5 stars,,
Kene Nwangwu,NYJ,RB,FLX,361,461,1.753,1,at TEN,5 out of 5 stars,,
Dareke Young,LV,WR,FLX,362,461,1.735,1,vs. MIA,5 out of 5 stars,,
Jared Wiley,KC,TE,FLX,363,461,1.718,1,vs. DEN,3 out of 5 stars,,
Kylen Granson,TEN,TE,FLX,364,461,1.701,1,vs. NYJ,4 out of 5 stars,,
Charlie Woerner,ATL,TE,FLX,365,461,1.683,1,at PIT,4 out of 5 stars,,
Max Bredeson,MIN,RB,FLX,366,461,1.666,1,vs. GB,3 out of 5 stars,,
Chris Blair,ATL,WR,FLX,367,461,1.649,1,at PIT,2 out of 5 stars,,
Laquon Treadwell,IND,WR,FLX,368,461,1.631,1,vs. BAL,3 out of 5 stars,,
Kameron Johnson,TB,WR,FLX,369,461,1.614,1,at CIN,4 out of 5 stars,,
Josh Cuevas,BAL,TE,FLX,370,461,1.597,1,at IND,5 out of 5 stars,,
Jabari Small,DET,RB,FLX,371,461,1.579,1,vs. NO,2 out of 5 stars,,
LaJohntay Wester,BAL,WR,FLX,372,461,1.562,1,at IND,3 out of 5 stars,,
Derius Davis,LAC,WR,FLX,373,461,1.544,1,vs. ARI,3 out of 5 stars,,
Tylan Wallace,CLE,WR,FLX,374,461,1.527,1,at JAC,1 out of 5 stars,,
Montorie Foster Jr.,SEA,WR,FLX,375,461,1.51,1,vs. NE,5 out of 5 stars,,
Simi Fehoko,ARI,WR,FLX,376,461,1.492,1,at LAC,1 out of 5 stars,,
Robert Tonyan,PIT,TE,FLX,377,461,1.475,1,vs. ATL,1 out of 5 stars,,
Tyler Conklin,DET,TE,FLX,378,461,1.458,1,vs. NO,1 out of 5 stars,,
Reggie Virgil,ARI,WR,FLX,379,461,1.44,1,at LAC,1 out of 5 stars,,
Andrew Beck,NYJ,RB,FLX,380,461,1.423,1,at TEN,5 out of 5 stars,,
Trey Benson,ARI,RB,FLX,381,461,1.406,1,at LAC,2 out of 5 stars,,
Chris Manhertz,NYG,TE,FLX,382,461,1.388,1,vs. DAL,5 out of 5 stars,,
Darius Cooper,PHI,WR,FLX,383,461,1.371,1,vs. WAS,5 out of 5 stars,,
Ko Kieft,TB,TE,FLX,384,461,1.354,1,at CIN,5 out of 5 stars,,
Cameron Latu,NE,TE,FLX,385,461,1.336,1,at SEA,3 out of 5 stars,,
Jordan Watkins,SF,WR,FLX,386,461,1.319,1,at LAR,3 out of 5 stars,,
Jerome Ford,FA,RB,FLX,387,461,1.302,1,-,-,,
J. Michael Sturdivant,GB,WR,FLX,388,461,1.284,1,at MIN,1 out of 5 stars,,
Nikko Remigio,KC,WR,FLX,389,461,1.267,1,vs. DEN,1 out of 5 stars,,
E.J. Jenkins,PHI,TE,FLX,390,461,1.249,1,vs. WAS,5 out of 5 stars,,
Myles Price,MIN,WR,FLX,391,461,1.232,1,vs. GB,3 out of 5 stars,,
Ke'Shawn Williams,CIN,WR,FLX,392,461,1.215,1,vs. TB,2 out of 5 stars,,
Tyler Badie,DEN,RB,FLX,393,461,1.197,1,at KC,1 out of 5 stars,,
Jam Miller,FA,RB,FLX,394,461,1.18,1,-,-,,
Lan Larison,NE,RB,FLX,395,461,1.163,1,at SEA,1 out of 5 stars,,
Arian Smith,NYJ,WR,FLX,396,461,1.145,1,at TEN,4 out of 5 stars,,
Jacob Cowing,SF,WR,FLX,397,461,1.128,1,at LAR,3 out of 5 stars,,
Mark Redman,GB,TE,FLX,398,461,1.111,1,at MIN,2 out of 5 stars,,
Bauer Sharp,TB,TE,FLX,399,461,1.093,1,at CIN,5 out of 5 stars,,
Dallen Bentley,DEN,TE,FLX,400,461,1.076,1,at KC,3 out of 5 stars,,
Tanner Arkin,NE,TE,FLX,401,461,1.059,1,at SEA,3 out of 5 stars,,
Phil Mafah,FA,RB,FLX,402,461,1.041,1,-,-,,
Devin Duvernay,ARI,WR,FLX,403,461,1.024,1,at LAC,1 out of 5 stars,,
Thomas Fidone II,NYG,TE,FLX,404,461,1.007,1,vs. DAL,5 out of 5 stars,,
Pierre Strong Jr.,GB,RB,FLX,405,461,0.989,1,at MIN,2 out of 5 stars,,
Nick Westbrook-Ikhine,IND,WR,FLX,406,461,0.972,1,vs. BAL,3 out of 5 stars,,
Ryan Miller,MIA,WR,FLX,407,461,0.954,1,at LV,4 out of 5 stars,,
Brevin Jordan,HOU,TE,FLX,408,461,0.937,1,vs. BUF,4 out of 5 stars,,
Gavin Bartholomew,MIN,TE,FLX,409,461,0.92,1,vs. GB,4 out of 5 stars,,
Julius Chestnut,TEN,RB,FLX,410,461,0.902,1,vs. NYJ,5 out of 5 stars,,
Quintin Morris,JAC,TE,FLX,411,461,0.885,1,vs. CLE,1 out of 5 stars,,
Colson Yankoff,WAS,TE,FLX,412,461,0.868,1,at PHI,1 out of 5 stars,,
Jake Briningstool,KC,TE,FLX,413,461,0.85,1,vs. DEN,3 out of 5 stars,,
David Martin-Robinson,TEN,TE,FLX,414,461,0.833,1,vs. NYJ,4 out of 5 stars,,
Michael Burton,CLE,RB,FLX,415,461,0.816,1,at JAC,2 out of 5 stars,,
Camden Brown,DAL,WR,FLX,416,461,0.798,1,at NYG,2 out of 5 stars,,
Cedric Tillman,NO,WR,FLX,417,461,0.781,1,at DET,4 out of 5 stars,,
Tyler Lockett,LV,WR,FLX,418,461,0.764,1,vs. MIA,5 out of 5 stars,,
Connor Heyward,LV,TE,FLX,419,461,0.746,1,vs. MIA,3 out of 5 stars,,
Jackson Meeks,DET,WR,FLX,420,461,0.729,1,vs. NO,4 out of 5 stars,,
Tanner Hudson,CIN,TE,FLX,421,461,0.711,1,vs. TB,5 out of 5 stars,,
Tyler Goodson,ATL,RB,FLX,422,461,0.694,1,at PIT,1 out of 5 stars,,
DeAndre Hopkins,BAL,WR,FLX,423,461,0.677,1,at IND,3 out of 5 stars,,
Josh Williams,TB,RB,FLX,424,461,0.659,1,at CIN,4 out of 5 stars,,
Ben Yurosek,MIN,TE,FLX,425,461,0.642,1,vs. GB,4 out of 5 stars,,
Carter Runyon,LV,TE,FLX,426,461,0.625,1,vs. MIA,3 out of 5 stars,,
Tyreek Hill,FA,WR,FLX,427,461,0.607,1,-,-,,
Diontae Johnson,FA,WR,FLX,428,461,0.59,1,-,-,,
Brandin Cooks,FA,WR,FLX,429,461,0.573,1,-,-,,
Gabe Davis,FA,WR,FLX,430,461,0.555,1,-,-,,
Jermaine Burton,FA,WR,FLX,431,461,0.538,1,-,-,,
Frank Gore Jr.,BUF,RB,FLX,432,461,0.521,1,at HOU,4 out of 5 stars,,
Jelani Woods,NYJ,TE,FLX,433,461,0.503,1,at TEN,5 out of 5 stars,,
Velus Jones Jr.,SEA,WR,FLX,434,461,0.486,1,vs. NE,5 out of 5 stars,,
Dameon Pierce,PHI,RB,FLX,435,461,0.469,1,vs. WAS,5 out of 5 stars,,
CJ Williams,JAC,WR,FLX,436,461,0.451,1,vs. CLE,5 out of 5 stars,,
Feleipe Franks,CAR,TE,FLX,437,461,0.434,1,vs. CHI,3 out of 5 stars,,
Keleki Latu,BUF,TE,FLX,438,461,0.416,1,at HOU,2 out of 5 stars,,
Sincere McCormick,SF,RB,FLX,439,461,0.399,1,at LAR,1 out of 5 stars,,
Cash Jones,ATL,RB,FLX,440,461,0.382,1,at PIT,1 out of 5 stars,,
Mitchell Tinsley,HOU,WR,FLX,441,461,0.364,1,vs. BUF,3 out of 5 stars,,
Raheem Mostert,LV,RB,FLX,442,461,0.347,1,vs. MIA,4 out of 5 stars,,
Greg Dortch,BUF,WR,FLX,443,461,0.33,1,at HOU,2 out of 5 stars,,
Adam Prentice,DEN,RB,FLX,444,461,0.312,1,at KC,1 out of 5 stars,,
Joe Mixon,FA,RB,FLX,445,461,0.295,1,-,-,,
Tom Kennedy,DET,WR,FLX,446,461,0.278,1,vs. NO,4 out of 5 stars,,
Zavier Scott,CHI,RB,FLX,447,461,0.26,1,at CAR,4 out of 5 stars,,
Brady Russell,SEA,TE,FLX,448,461,0.243,1,vs. NE,4 out of 5 stars,,
Stone Smartt,NO,TE,FLX,449,461,0.226,1,at DET,2 out of 5 stars,,
Michael Trigg,DAL,TE,FLX,450,461,0.208,1,at NYG,1 out of 5 stars,,
Theo Wease Jr.,LAC,WR,FLX,451,461,0.191,1,vs. ARI,3 out of 5 stars,,
Joshua Simon,FA,TE,FLX,452,461,0.174,1,-,-,,
Michael Wortham,JAC,WR,FLX,453,461,0.156,1,vs. CLE,5 out of 5 stars,,
David Moore,CAR,WR,FLX,454,461,0.139,1,vs. CHI,4 out of 5 stars,,
Brandon Smith,PIT,WR,FLX,455,461,0.121,1,vs. ATL,5 out of 5 stars,,
Chris Myarick,LV,TE,FLX,456,461,0.104,1,vs. MIA,3 out of 5 stars,,
KhaDarel Hodge,SF,WR,FLX,457,461,0.087,1,at LAR,3 out of 5 stars,,
Michael Bandy,DEN,WR,FLX,458,461,0.069,1,at KC,2 out of 5 stars,,
Trent Sherfield Sr.,BUF,WR,FLX,459,461,0.052,1,at HOU,2 out of 5 stars,,
Tim Jones,JAC,WR,FLX,460,461,0.035,1,vs. CLE,5 out of 5 stars,,
Alex Bachman,LAR,WR,FLX,461,461,0.017,1,vs. SF,4 out of 5 stars,,
Lamar Jackson,BAL,QB,QB,1,91,8.0,1,at IND,3 out of 5 stars,A+,21.8
Joe Burrow,CIN,QB,QB,2,91,7.912,1,vs. TB,4 out of 5 stars,A+,20.7
Jalen Hurts,PHI,QB,QB,3,91,7.824,1,vs. WAS,5 out of 5 stars,A,20.0
Josh Allen,BUF,QB,QB,4,91,7.736,1,at HOU,1 out of 5 stars,A,19.4
Justin Herbert,LAC,QB,QB,5,91,7.648,1,vs. ARI,4 out of 5 stars,A-,18.8
Dak Prescott,DAL,QB,QB,6,91,7.56,1,at NYG,2 out of 5 stars,B+,18.6
Caleb Williams,CHI,QB,QB,7,91,7.473,1,at CAR,2 out of 5 stars,B,18.4
Trevor Lawrence,JAC,QB,QB,8,91,7.385,1,vs. CLE,1 out of 5 stars,B,18.1
Jared Goff,DET,QB,QB,9,91,7.297,1,vs. NO,2 out of 5 stars,B,17.9
Drake Maye,NE,QB,QB,10,91,7.209,1,at SEA,1 out of 5 stars,B,17.6
Jayden Daniels,WAS,QB,QB,11,91,7.121,1,at PHI,1 out of 5 stars,B,17.4
Jaxson Dart,NYG,QB,QB,12,91,7.033,1,vs. DAL,5 out of 5 stars,B-,17.2
Matthew Stafford,LAR,QB,QB,13,91,6.945,1,vs. SF,4 out of 5 stars,B-,17.0
Baker Mayfield,TB,QB,QB,14,91,6.857,1,at CIN,5 out of 5 stars,C+,16.8
Brock Purdy,SF,QB,QB,15,91,6.769,1,at LAR,3 out of 5 stars,C,16.7
Kyler Murray,MIN,QB,QB,16,91,6.681,1,vs. GB,4 out of 5 stars,C,16.5
Bo Nix,DEN,QB,QB,17,91,6.593,1,at KC,3 out of 5 stars,C-,16.4
Malik Willis,MIA,QB,QB,18,91,6.505,1,at LV,3 out of 5 stars,C-,16.3
Tyler Shough,NO,QB,QB,19,91,6.418,1,at DET,4 out of 5 stars,D+,16.2
Patrick Mahomes II,KC,QB,QB,20,91,6.33,1,vs. DEN,1 out of 5 stars,D,16.0
Jordan Love,GB,QB,QB,21,91,6.242,1,at MIN,2 out of 5 stars,D,15.9
Sam Darnold,SEA,QB,QB,22,91,6.154,1,vs. NE,5 out of 5 stars,D-,15.7
Daniel Jones,IND,QB,QB,23,91,6.066,1,vs. BAL,2 out of 5 stars,F,15.5
Bryce Young,CAR,QB,QB,24,91,5.978,1,vs. CHI,5 out of 5 stars,F,15.4
C.J. Stroud,HOU,QB,QB,25,91,5.89,1,vs. BUF,2 out of 5 stars,F,15.2
Aaron Rodgers,PIT,QB,QB,26,91,5.802,1,vs. ATL,3 out of 5 stars,F,15.0
Jacoby Brissett,ARI,QB,QB,27,91,5.714,1,at LAC,1 out of 5 stars,F,14.8
Kirk Cousins,LV,QB,QB,28,91,5.626,1,vs. MIA,4 out of 5 stars,F,14.5
Geno Smith,NYJ,QB,QB,29,91,5.538,1,at TEN,5 out of 5 stars,F,13.9
Cam Ward,TEN,QB,QB,30,91,5.451,1,vs. NYJ,5 out of 5 stars,F,13.3
Tua Tagovailoa,ATL,QB,QB,31,91,5.363,1,at PIT,4 out of 5 stars,F,12.6
Deshaun Watson,CLE,QB,QB,32,91,5.275,1,at JAC,3 out of 5 stars,F,11.7
Shedeur Sanders,CLE,QB,QB,33,91,5.187,1,at JAC,3 out of 5 stars,F,1.5
Fernando Mendoza,LV,QB,QB,34,91,5.099,1,vs. MIA,4 out of 5 stars,F,1.2
J.J. McCarthy,MIN,QB,QB,35,91,5.011,1,vs. GB,4 out of 5 stars,F,1.1
Justin Fields,KC,QB,QB,36,91,4.923,1,vs. DEN,1 out of 5 stars,F,0.9
Mac Jones,SF,QB,QB,37,91,4.835,1,at LAR,3 out of 5 stars,F,0.8
Jameis Winston,NYG,QB,QB,38,91,4.747,1,vs. DAL,5 out of 5 stars,F,0.8
Trey Lance,LAC,QB,QB,39,91,4.659,1,vs. ARI,4 out of 5 stars,F,0.8
Carson Beck,ARI,QB,QB,40,91,4.571,1,at LAC,1 out of 5 stars,F,0.7
Joe Flacco,CIN,QB,QB,41,91,4.484,1,vs. TB,4 out of 5 stars,F,0.7
Marcus Mariota,WAS,QB,QB,42,91,4.396,1,at PHI,1 out of 5 stars,F,0.7
Anthony Richardson Sr.,IND,QB,QB,43,91,4.308,1,vs. BAL,2 out of 5 stars,F,0.7
Tyrod Taylor,GB,QB,QB,44,91,4.22,1,at MIN,2 out of 5 stars,F,0.7
Cade Klubnik,NYJ,QB,QB,45,91,4.132,1,at TEN,5 out of 5 stars,F,0.7
Tyler Huntley,BAL,QB,QB,46,91,4.044,1,at IND,3 out of 5 stars,F,0.7
Jarrett Stidham,DEN,QB,QB,47,91,3.956,1,at KC,3 out of 5 stars,F,0.7
Davis Mills,HOU,QB,QB,48,91,3.868,1,vs. BUF,2 out of 5 stars,F,0.7
Tyson Bagent,CHI,QB,QB,49,91,3.78,1,at CAR,2 out of 5 stars,F,0.7
Spencer Rattler,NO,QB,QB,50,91,3.692,1,at DET,4 out of 5 stars,F,0.7
Ty Simpson,LAR,QB,QB,51,91,3.604,1,vs. SF,4 out of 5 stars,F,0.7
Riley Leonard,IND,QB,QB,52,91,3.516,1,vs. BAL,2 out of 5 stars,F,0.7
Sam Howell,DAL,QB,QB,53,91,3.429,1,at NYG,2 out of 5 stars,F,0.7
Quinn Ewers,JAC,QB,QB,54,91,3.341,1,vs. CLE,1 out of 5 stars,F,0.7
Joshua Dobbs,DET,QB,QB,55,91,3.253,1,vs. NO,2 out of 5 stars,F,0.7
Tommy DeVito,NE,QB,QB,56,91,3.165,1,at SEA,1 out of 5 stars,F,0.7
Carson Wentz,MIN,QB,QB,57,91,3.077,1,vs. GB,4 out of 5 stars,F,0.7
Gardner Minshew II,ARI,QB,QB,58,91,2.989,1,at LAC,1 out of 5 stars,F,0.7
Mason Rudolph,PIT,QB,QB,59,91,2.901,1,vs. ATL,3 out of 5 stars,F,0.6
Kenny Pickett,CAR,QB,QB,60,91,2.813,1,vs. CHI,5 out of 5 stars,F,0.6
Mitchell Trubisky,TEN,QB,QB,61,91,2.725,1,vs. NYJ,5 out of 5 stars,F,0.6
Kyle Allen,BUF,QB,QB,62,91,2.637,1,at HOU,1 out of 5 stars,F,0.6
Tanner McKee,PHI,QB,QB,63,91,2.549,1,vs. WAS,5 out of 5 stars,F,0.6
Kyle McCord,MIA,QB,QB,64,91,2.462,1,at LV,3 out of 5 stars,F,0.6
Jalon Daniels,TB,QB,QB,65,91,2.374,1,at CIN,5 out of 5 stars,F,0.5
Andy Dalton,PHI,QB,QB,66,91,2.286,1,vs. WAS,5 out of 5 stars,F,0.5
Taylen Green,CLE,QB,QB,67,91,2.198,1,at JAC,3 out of 5 stars,F,0.4
Stetson Bennett IV,LAR,QB,QB,68,91,2.11,1,vs. SF,4 out of 5 stars,F,0.4
Drew Lock,SEA,QB,QB,69,91,2.022,1,vs. NE,5 out of 5 stars,F,0.4
Cooper Rush,ATL,QB,QB,70,91,1.934,1,at PIT,4 out of 5 stars,F,0.3
Joe Milton III,DAL,QB,QB,71,91,1.846,1,at NYG,2 out of 5 stars,F,0.3
Zach Wilson,NO,QB,QB,72,91,1.758,1,at DET,4 out of 5 stars,F,0.0
Drew Allar,PIT,QB,QB,73,91,1.67,1,vs. ATL,3 out of 5 stars,F,0.0
Will Howard,PIT,QB,QB,74,91,1.582,1,vs. ATL,3 out of 5 stars,F,0.0
Jimmy Garoppolo,LAR,QB,QB,75,91,1.495,1,vs. SF,4 out of 5 stars,F,0.0
Garrett Nussmeier,KC,QB,QB,76,91,1.407,1,vs. DEN,1 out of 5 stars,F,0.0
Aidan O'Connell,LV,QB,QB,77,91,1.319,1,vs. MIA,4 out of 5 stars,F,0.0
Case Keenum,CHI,QB,QB,78,91,1.231,1,at CAR,2 out of 5 stars,F,0.0
Brady Cook,MIA,QB,QB,79,91,1.143,1,at LV,3 out of 5 stars,F,0.0
Haynes King,CAR,QB,QB,80,91,1.055,1,vs. CHI,5 out of 5 stars,F,0.0
Nick Mullens,JAC,QB,QB,81,91,0.967,1,vs. CLE,1 out of 5 stars,F,0.0
Jack Strand,ATL,QB,QB,82,91,0.879,1,at PIT,4 out of 5 stars,F,0.0
Kurtis Rourke,SF,QB,QB,83,91,0.791,1,at LAR,3 out of 5 stars,F,0.0
Sam Ehlinger,DEN,QB,QB,84,91,0.703,1,at KC,3 out of 5 stars,F,0.0
Joe Fagnano,BAL,QB,QB,85,91,0.615,1,at IND,3 out of 5 stars,F,0.0
Athan Kaliakmanis,WAS,QB,QB,86,91,0.527,1,at PHI,1 out of 5 stars,F,0.0
Jake Browning,FA,QB,QB,87,91,0.44,1,-,-,F,0.0
Luke Altmyer,DET,QB,QB,88,91,0.352,1,vs. NO,2 out of 5 stars,F,0.0
DJ Uiagalelei,LAC,QB,QB,89,91,0.264,1,vs. ARI,4 out of 5 stars,F,0.0
Sean Clifford,CIN,QB,QB,90,91,0.176,1,vs. TB,4 out of 5 stars,F,0.0
Brandon Allen,FA,QB,QB,91,91,0.088,1,-,-,F,0.0
Brandon Aubrey,DAL,K,K,1,35,8.0,1,at NYG,4 out of 5 stars,A,10.0
Cameron Dicker,LAC,K,K,2,35,7.771,1,vs. ARI,4 out of 5 stars,B+,9.0
Cam Little,JAC,K,K,3,35,7.543,1,vs. CLE,3 out of 5 stars,B,8.8
Ka'imi Fairbairn,HOU,K,K,4,35,7.314,1,vs. BUF,3 out of 5 stars,B-,8.8
Evan McPherson,CIN,K,K,5,35,7.086,1,vs. TB,3 out of 5 stars,C+,8.8
Jason Myers,SEA,K,K,6,35,6.857,1,vs. NE,1 out of 5 stars,C+,8.4
Jake Bates,DET,K,K,7,35,6.629,1,vs. NO,4 out of 5 stars,C+,8.1
Tyler Loop,BAL,K,K,8,35,6.4,1,at IND,4 out of 5 stars,C+,8.1
Chase McLaughlin,TB,K,K,9,35,6.171,1,at CIN,3 out of 5 stars,C,8.0
Chris Boswell,PIT,K,K,10,35,5.943,1,vs. ATL,4 out of 5 stars,C,7.9
Will Reichard,MIN,K,K,11,35,5.714,1,vs. GB,3 out of 5 stars,C,7.9
Harrison Mevis,LAR,K,K,12,35,5.486,1,vs. SF,1 out of 5 stars,C,7.9
Cairo Santos,CHI,K,K,13,35,5.257,1,at CAR,3 out of 5 stars,C,7.7
Eddy Pineiro,SF,K,K,14,35,5.029,1,at LAR,2 out of 5 stars,C,7.6
Jake Elliott,PHI,K,K,15,35,4.8,1,vs. WAS,3 out of 5 stars,C,7.5
Harrison Butker,KC,K,K,16,35,4.571,1,vs. DEN,4 out of 5 stars,C,7.4
Wil Lutz,DEN,K,K,17,35,4.343,1,at KC,3 out of 5 stars,C-,7.3
Trey Smack,GB,K,K,18,35,4.114,1,at MIN,4 out of 5 stars,C-,7.3
Tyler Bass,BUF,K,K,19,35,3.886,1,at HOU,1 out of 5 stars,C-,7.2
Andy Borregales,NE,K,K,20,35,3.657,1,at SEA,1 out of 5 stars,D+,7.0
Joey Slye,TEN,K,K,21,35,3.429,1,vs. NYJ,5 out of 5 stars,D+,7.0
Daniel Carlson,NO,K,K,22,35,3.2,1,at DET,3 out of 5 stars,D+,7.0
Ryan Fitzgerald,CAR,K,K,23,35,2.971,1,vs. CHI,2 out of 5 stars,D,7.0
Spencer Shrader,IND,K,K,24,35,2.743,1,vs. BAL,4 out of 5 stars,D,6.9
Nick Folk,ATL,K,K,25,35,2.514,1,at PIT,3 out of 5 stars,D,6.6
Blake Grupe,NYJ,K,K,26,35,2.286,1,at TEN,4 out of 5 stars,D,6.6
Chad Ryland,ARI,K,K,27,35,2.057,1,at LAC,4 out of 5 stars,D-,6.5
Matt Gay,LV,K,K,28,35,1.829,1,vs. MIA,3 out of 5 stars,D,6.2
Dominic Zvada,NYG,K,K,29,35,1.6,1,vs. DAL,5 out of 5 stars,D-,6.1
Charlie Smyth,NO,K,K,30,35,1.371,1,at DET,3 out of 5 stars,D-,5.9
Riley Patterson,MIA,K,K,31,35,1.143,1,at LV,4 out of 5 stars,F,5.9
Drew Stevens,WAS,K,K,32,35,0.914,1,at PHI,3 out of 5 stars,F,4.6
Andre Szmyt,CLE,K,K,33,35,0.686,1,at JAC,1 out of 5 stars,F,2.6
Andrew Wellock,CAR,K,K,34,35,0.457,1,vs. CHI,2 out of 5 stars,F,0.0
Jason Sanders,NYJ,K,K,35,35,0.229,1,at TEN,4 out of 5 stars,F,0.0
Jacksonville Jaguars,JAC,DST,DST,1,32,8.0,1,vs. CLE,5 out of 5 stars,A+,8.5
Los Angeles Chargers,LAC,DST,DST,2,32,7.75,1,vs. ARI,4 out of 5 stars,A,8.2
Pittsburgh Steelers,PIT,DST,DST,3,32,7.5,1,vs. ATL,4 out of 5 stars,A-,8.1
Los Angeles Rams,LAR,DST,DST,4,32,7.25,1,vs. SF,2 out of 5 stars,B+,7.8
Philadelphia Eagles,PHI,DST,DST,5,32,7.0,1,vs. WAS,3 out of 5 stars,B+,7.7
Seattle Seahawks,SEA,DST,DST,6,32,6.75,1,vs. NE,2 out of 5 stars,B,7.4
Denver Broncos,DEN,DST,DST,7,32,6.5,1,at KC,3 out of 5 stars,B,7.2
Houston Texans,HOU,DST,DST,8,32,6.25,1,vs. BUF,1 out of 5 stars,B,7.0
Baltimore Ravens,BAL,DST,DST,9,32,6.0,1,at IND,1 out of 5 stars,B,7.0
Tennessee Titans,TEN,DST,DST,10,32,5.75,1,vs. NYJ,5 out of 5 stars,B-,6.9
Detroit Lions,DET,DST,DST,11,32,5.5,1,vs. NO,5 out of 5 stars,B-,6.8
Minnesota Vikings,MIN,DST,DST,12,32,5.25,1,vs. GB,1 out of 5 stars,C+,6.5
Dallas Cowboys,DAL,DST,DST,13,32,5.0,1,at NYG,4 out of 5 stars,C+,6.5
Buffalo Bills,BUF,DST,DST,14,32,4.75,1,at HOU,2 out of 5 stars,C,6.5
New York Jets,NYJ,DST,DST,15,32,4.5,1,at TEN,5 out of 5 stars,C,6.3
Green Bay Packers,GB,DST,DST,16,32,4.25,1,at MIN,5 out of 5 stars,C,6.3
Las Vegas Raiders,LV,DST,DST,17,32,4.0,1,vs. MIA,4 out of 5 stars,C-,6.1
Chicago Bears,CHI,DST,DST,18,32,3.75,1,at CAR,4 out of 5 stars,C-,6.1
New England Patriots,NE,DST,DST,19,32,3.5,1,at SEA,2 out of 5 stars,D+,6.1
Kansas City Chiefs,KC,DST,DST,20,32,3.25,1,vs. DEN,1 out of 5 stars,D+,6.1
Cleveland Browns,CLE,DST,DST,21,32,3.0,1,at JAC,2 out of 5 stars,D,6.1
Miami Dolphins,MIA,DST,DST,22,32,2.75,1,at LV,5 out of 5 stars,D-,5.9
Atlanta Falcons,ATL,DST,DST,23,32,2.5,1,at PIT,2 out of 5 stars,D-,5.9
Cincinnati Bengals,CIN,DST,DST,24,32,2.25,1,vs. TB,3 out of 5 stars,F,5.8
Indianapolis Colts,IND,DST,DST,25,32,2.0,1,vs. BAL,3 out of 5 stars,F,5.7
Tampa Bay Buccaneers,TB,DST,DST,26,32,1.75,1,at CIN,4 out of 5 stars,F,5.6
San Francisco 49ers,SF,DST,DST,27,32,1.5,1,at LAR,1 out of 5 stars,F,5.6
New Orleans Saints,NO,DST,DST,28,32,1.25,1,at DET,1 out of 5 stars,F,5.5
Carolina Panthers,CAR,DST,DST,29,32,1.0,1,vs. CHI,1 out of 5 stars,F,5.4
New York Giants,NYG,DST,DST,30,32,0.75,1,vs. DAL,2 out of 5 stars,F,5.1
Washington Commanders,WAS,DST,DST,31,32,0.5,1,at PHI,2 out of 5 stars,F,4.4
Arizona Cardinals,ARI,DST,DST,32,32,0.25,1,at LAC,4 out of 5 stars,F,4.3
